id,destination_id,user_id,parent_comment_id,content_text,media_url,like_count,reply_count,status,created_at,updated_at
1,10,49,1,环球里面的动线比我想象中清楚，热门项目还是建议一早进去排。,,0,0,1,2026/3/20 17:38,2026/3/20 17:38
2,10,39,1,晚上离开北京环球度假区时灯光很好看，就是回地铁的人会比较多。,,0,0,1,2026/3/10 8:15,2026/3/10 8:15
3,14,102,3,奥森跑步和散步都方便，南园人多一些，北园安静很多。,,0,0,1,2026/5/20 19:51,2026/5/20 19:51
4,14,161,3,奥林匹克森林公园面积很大，第一次去最好提前定好入口和集合点。,,0,0,1,2026/5/14 23:01,2026/5/14 23:01
5,126,23,5,紫竹院公园的水面和竹林很舒服，夏天去会比市区街边凉快。,,2,0,1,2026/6/8 1:25,2026/6/8 1:25
6,126,120,5,紫竹院适合慢慢走，湖边座位不算多，周末要早点去。,,0,0,1,2026/3/22 19:21,2026/3/22 19:21
7,251,126,7,天安门广场安检和预约都要提前确认，现场空间感很震撼。,,1,0,1,2026/4/19 4:05,2026/4/19 4:05
8,251,171,7,傍晚从广场往长安街看很有仪式感，但拍照要注意人流方向。,,2,0,1,2026/4/2 19:59,2026/4/2 19:59
9,815,73,9,全国农业展览馆主要是看展，场馆之间距离不远，走起来不累。,,3,0,1,2026/5/23 21:56,2026/5/23 21:56
10,815,97,9,农展馆周边吃饭选择不少，看完展顺路解决晚饭很方便。,,9,0,1,2026/3/2 18:08,2026/3/2 18:08
11,1306,132,11,人大校园树很多，东西向道路比较直，第一次来不太容易迷路。,,2,2,1,2026/6/6 18:36,2026/6/6 18:36
12,1306,126,11,人大逛起来不算累，从东门进去一路树荫多，夏天中午也没那么晒。,,0,0,1,2026/5/22 21:57,2026/5/22 22:52
13,1307,40,13,清华校园太大了，骑车会轻松很多，单靠步行要预留时间。,,17,0,1,2026/4/12 22:37,2026/4/12 22:37
14,1307,126,13,清华的主干路很清楚，但院系楼之间的小路最好跟着地图走。,,0,2,1,2026/5/3 13:52,2026/5/3 13:52
15,1308,163,15,北大校园景观密度很高，未名湖附近值得多留一点时间。,,0,0,1,2026/2/19 15:42,2026/2/19 15:49
16,1308,43,15,北京大学里面岔路不少，想拍照的话建议先确定几个点再走。,,1,0,1,2026/5/19 13:48,2026/5/19 13:48
17,1309,49,17,北体校园运动氛围很强，场馆区域和教学区分得比较明显。,,0,0,1,2026/4/17 13:02,2026/4/17 13:02
18,1309,35,17,北体一进门就能感觉到运动氛围，路上经常能碰到训练的学生。,,6,3,1,2026/5/25 19:30,2026/5/25 19:30
19,1310,20,19,中农食堂和教学楼隔得不远，饭点那会儿路上学生特别多。,,0,0,1,2026/2/26 10:26,2026/2/26 10:42
20,1310,50,19,中农周边不吵，校里几个主路口走两次就记住了。,,5,0,1,2026/2/14 19:24,2026/2/15 10:53
21,1312,74,21,北师大校园不算夸张大，但楼和院之间的细路挺多。,,3,0,1,2026/5/17 14:05,2026/5/17 14:05
22,1312,15,21,北京师范大学靠近地铁，串进海淀高校一日行程很顺。,,1,0,1,2026/2/15 19:59,2026/2/15 19:59
23,1313,65,23,本部就在西土城路10号，地方确实不大，但在三环里吃饭出门都省事。,,0,0,1,2026/5/30 18:47,2026/5/30 18:47
24,1313,7,23,西土城离地铁站不算近，这点不少人吐槽；但周边学校和店多，生活气比沙河足。,,1,0,1,2026/5/21 12:04,2026/5/21 12:04
25,1316,62,25,北交进门以后比校外安静不少，走到宿舍那边要多留几分钟。,,9,0,1,2026/6/12 19:51,2026/6/12 20:00
26,1316,178,25,北京交通大学离主路很近，约人时说清楚哪个门会省不少事。,,1,0,1,2026/4/27 23:20,2026/4/28 19:33
27,1320,58,27,央美不算大，但南北两块容易走混，第一次去最好先看清自己约在哪边。,,1,0,1,2026/5/7 10:08,2026/5/7 10:08
28,1320,161,27,央美旁边就是公园和大路，我第一次差点顺着外面的路绕过去。,,0,0,1,2026/5/3 9:19,2026/5/4 9:46
29,1321,41,29,沙河夹在沙河站和沙河高教园站中间，出地铁还要走一段，第一次来别卡点。,,3,0,1,2026/3/25 21:10,2026/3/25 21:10
30,1321,33,29,雁北像生活区中心，食堂、超市、洗衣房都在那边，日常办事确实方便。,,3,0,1,2026/1/16 20:24,2026/1/16 20:31
31,1322,120,31,北航沙河主路挺好认，体育场和宿舍区那边走法要稍微记一下。,,2,0,1,2026/5/25 0:11,2026/5/25 0:20
32,1322,175,31,北航沙河和北邮沙河离得近，但进了校园感觉完全不是一回事。,,1,0,1,2026/3/26 20:21,2026/3/26 20:21
33,10,89,33,环球项目之间距离不短，带老人或小孩的话别把一天行程塞太满。,,0,0,1,2026/4/15 18:32,2026/4/15 18:32
34,10,140,33,北京环球最好提前想好先玩哪片区，现场临时改主意容易被排队耗住。,,2,0,1,2026/6/12 4:45,2026/6/12 4:45
35,14,176,35,奥森北园安静些，南园对第一次来的人更容易找到标志性景观。,,0,0,1,2026/2/19 20:50,2026/2/19 20:50
36,14,99,35,奥林匹克森林公园骑行和跑步的人都不少，步行时注意别一直走在车道边。,,2,0,1,2026/4/30 19:32,2026/4/30 23:03
37,126,65,37,紫竹院桥多，走着走着就换到另一边湖岸了，还挺有意思。,,1,0,1,2026/5/3 21:25,2026/5/3 21:25
38,126,30,37,紫竹院公园最好留一个不赶的下午，绕湖走一圈比只看门口舒服。,,1,0,1,2026/4/14 7:09,2026/4/14 7:48
39,251,2,39,天安门广场不能当普通公园逛，先把预约和入口看好，不然现场会慌。,,1,0,1,2026/3/24 15:40,2026/3/24 15:40
40,251,170,39,广场本身不绕，但人流一多就不太能随便掉头走。,,0,0,1,2026/6/11 4:03,2026/6/11 4:03
41,815,134,41,农展馆换馆看展时最容易走错门，尤其是临展入口换来换去。,,1,0,1,2026/3/21 9:18,2026/3/21 9:18
42,815,29,41,农展馆我最怕找错馆号，看展前把展厅位置截个图更安心。,,2,0,1,2026/1/26 22:39,2026/1/26 22:39
43,1306,82,43,人大东边那块第一次去有点分不清，问路比闷头走快。,,2,0,1,2026/3/24 21:54,2026/3/24 21:54
44,1307,138,43,清华只走大路会绕，很多学生都是从楼间小道穿过去。,,4,0,1,2026/5/25 23:29,2026/5/25 23:29
45,1308,95,45,北大赶时间和闲逛完全是两种走法，未名湖边一绕时间就没了。,,0,0,1,2026/4/11 16:23,2026/4/11 16:32
46,1309,170,45,北体场馆名字多，约人时最好说清是哪个门附近。,,2,0,1,2026/5/16 0:08,2026/5/16 0:08
47,1310,134,47,中农饭点从教学楼去食堂的人很多，跟着走基本不会错。,,1,0,1,2026/5/9 20:33,2026/5/9 20:33
48,1312,49,47,北师大从地铁出来挺方便，但进校后小岔口比想象中多。,,16,0,1,2026/5/26 22:34,2026/5/26 22:34
49,1313,20,49,本部食堂选择比想象多，老食堂、新食堂、教工餐厅都有，赶课时不用出校吃。,,0,0,1,2026/6/12 18:47,2026/6/12 18:47
50,1316,103,49,北交校园从主门进去方向感还可以，往学院楼走时岔路会变多。,,5,0,1,2026/4/15 16:09,2026/4/15 16:09
51,1320,161,51,央美看着小，真到现场会发现校区边界有点绕。,,1,0,1,2026/4/24 20:27,2026/4/24 20:27
52,1321,132,51,雁南宿舍更新更宽些，但吃饭买东西还是常往雁北跑。,,1,0,1,2026/6/2 21:26,2026/6/2 21:26
53,1322,18,53,北航沙河主路好认，去体育场那边我还是看了一眼地图。,,2,0,1,2026/5/27 17:01,2026/5/27 17:01
54,1307,57,53,清华别以为到校门就结束了，进门后找具体学院还要走好久。,,0,0,1,2026/3/15 21:29,2026/3/15 21:29
55,1308,52,55,北大不能只按最短距离走，有些地方绕湖过去体验会好很多。,,3,0,1,2026/3/22 13:02,2026/3/22 13:02
56,10,132,55,环球热门项目排队波动很大，提前看官方 App 等候时间会省不少力气。,,19,0,1,2026/5/23 20:30,2026/5/23 20:30
57,10,44,57,城市大道吃饭选择多，但真正进园之后再折返会很耗时间。,,0,0,1,2026/5/21 8:39,2026/5/21 8:39
58,10,155,57,环球最好按区域串项目，来回横穿园区真的会累。,,1,0,1,2026/6/7 21:20,2026/6/7 21:20
59,14,158,59,奥森南园对第一次来的人更友好，北园更像日常散步和长距离跑步的地方。,,0,0,1,2026/3/1 8:09,2026/3/1 16:51
60,14,17,59,奥森跑步的人多，慢走的时候最好靠边点，别挡在跑道上。,,15,0,1,2026/3/1 13:48,2026/3/1 13:48
61,126,65,61,紫竹院沿湖慢慢绕更舒服，桥多水面多，夏天比硬走街道强。,,2,0,1,2026/4/9 12:44,2026/4/9 12:44
62,126,98,61,紫竹院最适合从一个门进、另一个门出，原路返回会少看很多景。,,5,0,1,2026/2/7 13:19,2026/2/7 13:19
63,251,164,63,去天安门广场最重要的是先确认预约和证件，到了现场再补救很麻烦。,,2,0,1,2026/6/12 20:43,2026/6/12 20:43
64,251,172,63,广场路线本身不复杂，真正影响体验的是安检口和人流组织。,,16,0,1,2026/4/4 7:59,2026/4/4 7:59
65,815,87,65,农展馆地铁出来很方便，但不同展会入口可能不一样，最好看清展馆号。,,0,0,1,2026/3/14 18:53,2026/3/15 4:44
66,815,178,65,农展馆几个馆来回切换时鞋子要舒服点，不然看完展脚先累了。,,1,0,1,2026/4/22 19:31,2026/4/22 19:31
67,1307,28,67,清华别只盯着二校门拍照，走到院系那边才知道校园有多大。,,1,0,1,2026/2/22 22:50,2026/2/22 22:51
68,1307,35,67,清华骑车和步行完全是两种体验，借不到车就别排太满。,,0,0,1,2026/5/6 13:41,2026/5/6 13:41
69,1308,35,69,北大未名湖附近应该慢走，赶时间时别硬绕景观区。,,1,0,1,2026/3/1 20:23,2026/3/1 20:23
70,1308,152,69,北大有些门和校内道路不是随便走的，实际入口一定要保留。,,3,0,1,2026/2/24 0:47,2026/2/24 1:00
71,1306,59,71,人大看着方正，宿舍到教学楼还是有几段容易走岔。,,0,2,1,2026/4/27 17:17,2026/4/27 17:17
72,1312,95,71,北师大不大，但楼名和院名太多，第一次找教室会绕。,,1,0,1,2026/6/12 18:24,2026/6/12 18:24
73,1313,10,73,去西土城校区一定看清校门，高德评价里就有人说被导航带到家属院。,,1,0,1,2026/3/31 19:03,2026/3/31 19:03
74,1321,170,73,沙河住宿条件比本部舒服，缺点是离城里远，想进城玩要多留往返时间。,,3,0,1,2026/1/15 20:15,2026/1/18 2:04
75,1322,169,75,北航沙河路好认，就是有些小口子不注意会直接走过。,,10,0,1,2026/6/7 13:42,2026/6/7 13:42
76,1320,35,75,央美旁边道路太近了，第一次去我一直确认自己有没有走出校区。,,1,0,1,2026/3/24 18:59,2026/3/24 18:59
77,1316,43,77,北交校门外车流挺大，进校园后反差还挺明显。,,2,0,1,2026/2/17 7:21,2026/2/17 7:21
78,1310,67,77,中农更像日常生活型校园，食堂和宿舍这些点比景点更重要。,,2,0,1,2026/5/17 22:10,2026/5/17 22:10
79,1309,147,79,北体约在场馆见面一定要说全名，不然两个操场能把人绕晕。,,0,0,1,2026/2/6 22:08,2026/2/6 22:08
80,11,84,79,齐白石旧居纪念馆不大，展陈很集中，顺路安排半小时到一小时就够。,,0,0,1,2026/3/2 13:59,2026/3/2 20:12
81,11,31,81,齐白石旧居门脸不大，第一次去最好多看一眼门牌。,,1,0,1,2026/1/24 20:31,2026/1/24 20:31
82,12,173,81,北京天桥艺术中心要和演出时间一起看，单独当景点逛意义不大。,,65,0,1,2026/2/17 21:06,2026/2/17 21:06
83,12,140,83,天桥艺术中心周边交通方便，但看完演出散场时人会比较集中。,,1,0,1,2026/5/6 20:49,2026/5/6 20:49
84,13,75,83,北京世园公园面积很大，最好提前想好是看花园还是只散步。,,2,0,1,2026/4/27 23:19,2026/4/27 23:21
85,13,114,85,世园公园晴天去更值，园区大，临时乱走会耗体力。,,1,0,1,2026/4/12 22:48,2026/4/12 22:48
86,19,140,85,法国邮政局旧址更偏历史建筑爱好者，路过看一眼就差不多。,,0,0,1,2026/2/11 11:25,2026/2/11 11:32
87,20,98,87,皇极殿最好跟着故宫整体动线看，单独冲过去有点割裂。,,9,0,1,2026/3/15 18:49,2026/3/15 20:54
88,32,176,87,养心殿信息量很大，提前了解一点背景会比现场只看牌子更有收获。,,10,0,1,2026/4/30 13:06,2026/4/30 13:06
89,39,13,89,漪澜堂要慢慢看建筑和水景，赶路式打卡会错过味道。,,0,0,1,2026/2/10 11:48,2026/2/10 11:48
90,45,79,89,绮望楼别专门绕太远，和旁边景点顺着看更舒服。,,3,0,1,2026/4/19 22:54,2026/4/19 22:54
91,75,139,91,十三陵定陵比普通公园更需要讲解背景，单看路线不难但理解成本高。,,1,0,1,2026/3/4 7:43,2026/3/4 7:51
92,75,86,91,去定陵要预留交通时间，景区本身节奏倒不算特别赶。,,1,0,1,2026/5/7 15:09,2026/5/7 15:09
93,100,149,93,国子监街步行体验不错，街区氛围比单个景点更重要。,,1,0,1,2026/4/24 12:05,2026/4/24 12:05
94,100,95,93,国子监街最好和孔庙、雍和宫一带一起安排，单独去有点短。,,3,0,1,2026/5/22 10:53,2026/5/22 10:53
95,107,123,95,斋堂城遗址偏小众，对历史遗迹有兴趣的人会更买账，纯拍照可能嫌短。,,3,0,1,2026/4/9 22:16,2026/4/9 23:46
96,164,176,95,北京孔庙要留时间看碑刻和院落，游客不多时体验会好很多。,,0,0,1,2026/3/29 21:51,2026/3/29 21:51
97,164,28,97,孔庙和国子监街放同一天正好，走完也不太累。,,2,0,1,2026/2/2 14:11,2026/2/2 14:11
98,218,77,97,阳平会馆戏楼这种老建筑不显眼，但喜欢城市历史的人会觉得有意思。,,0,0,1,2026/3/8 13:11,2026/3/8 13:11
99,228,176,99,总理衙门要配合近代史背景看，否则现场容易只是看建筑外观。,,2,0,1,2026/6/3 6:45,2026/6/3 6:45
100,240,176,99,和敬公主府安静但不算大众景点，放进胡同或历史建筑行程里更自然。,,3,0,1,2026/2/23 1:57,2026/2/23 1:57
101,281,98,101,繁星戏剧村更像看演出的地方，单纯路过逛一圈意思不大。,,15,0,1,2026/4/1 11:30,2026/4/1 11:30
102,305,142,101,梨园剧场面向对京剧感兴趣的游客，第一次看建议先了解演出时长。,,1,0,1,2026/1/18 22:56,2026/1/18 22:56
103,326,132,103,广济寺闹中取静，参观时保持安静比拍照更重要。,,1,0,1,2026/6/7 11:44,2026/6/7 13:53
104,326,95,103,广济寺交通方便，和西四附近的老城行程放在一起很顺。,,2,0,1,2026/5/2 11:42,2026/5/2 11:42
105,376,66,105,泾县会馆旧址偏小众，可以当作城市历史行程里的补充点。,,0,0,1,2026/4/23 21:51,2026/4/23 21:51
106,486,125,105,四季青果林所观光采摘园更看季节，去之前最好确认还能不能采摘。,,1,0,1,2026/5/10 21:40,2026/5/10 21:40
107,514,8,107,北京卧佛寺环境安静，慢慢走更舒服，赶时间打卡会有点可惜。,,2,0,1,2026/6/1 20:03,2026/6/1 20:37
108,601,147,107,白浮泉湿地公园可以散步看水景，雨后去可能会更舒服。,,1,1,1,2026/5/15 12:41,2026/5/15 12:41
109,652,92,109,梧桐岭风景区有些路段要注意脚下，天气不好时不建议硬去。,,2,0,1,2026/2/17 18:59,2026/2/17 18:59
110,697,35,109,北京金台艺术馆偏小型艺术空间，别按大馆预期去。,,0,2,1,2026/5/4 11:37,2026/5/4 11:37
111,702,63,111,大韵堂美术馆更像顺路看展的点，单独远路过去要先查展览内容。,,37,0,1,2026/6/1 18:48,2026/6/1 18:48
112,717,166,111,中国传媒博物馆主题明确，对传媒和影视感兴趣的人会更有收获。,,2,0,1,2026/6/7 17:23,2026/6/7 17:23
113,730,21,113,悦美术馆规模不大，看完附近其他点后顺路进去就好。,,1,2,1,2026/4/19 11:39,2026/4/19 11:39
114,756,47,113,东方梅地亚中心M剧场主要看演出安排，场地本身不是纯观光点。,,0,0,1,2026/5/2 8:52,2026/5/2 8:52
115,790,22,115,松榆里公园更像社区公园，附近居民散步不错，不必特意远道而来。,,2,0,1,2026/2/10 7:02,2026/2/10 7:02
116,834,77,115,北京朝阳剧场一般安排在晚上，周边吃饭和交通要先看一下。,,2,0,1,2026/3/19 12:38,2026/3/19 12:38
117,860,140,117,朝来农艺园主打亲子和采摘，季节比怎么走更影响体验。,,0,0,1,2026/4/16 17:27,2026/4/16 17:27
118,917,64,117,兰花文化休闲公园更像附近散步点，专程去的话期待别太满。,,1,0,1,2026/3/12 12:09,2026/3/12 12:09
119,944,19,119,昊天公园规模适中，周边居民日常活动和短时间散步都方便。,,0,0,1,2026/6/12 17:29,2026/6/12 17:29
120,982,136,119,太扬公园不算热门，但安静这一点本身就是优点。,,0,0,1,2026/5/6 21:31,2026/5/6 21:31
121,1042,176,121,槐新公园偏附近休闲，路不复杂，评论能帮人判断是否值得绕路。,,1,0,1,2026/4/25 21:35,2026/4/25 21:35
122,1047,77,121,北京国际露营公园偏亲子和轻露营，出发前要确认开放和预约情况。,,0,0,1,2026/5/12 16:38,2026/5/12 16:38
123,1132,130,123,聚灵峡景区对体力有要求，建议看天气和路况再决定。,,1,0,1,2026/2/9 13:48,2026/2/9 13:48
124,1239,28,123,三羊古火山景区偏自然和地貌体验，愿意多走路的人会更有收获。,,5,0,1,2026/5/29 3:09,2026/5/29 3:09
125,1245,14,125,轩辕台更偏历史文化行程，只想看热闹的人可能会觉得平。,,1,0,1,2026/6/2 20:59,2026/6/2 20:59
126,1272,59,125,东润鑫艺园这种点要看具体活动，平时去可能体验比较平。,,2,0,1,2026/3/16 11:19,2026/3/16 11:19
127,1282,156,127,运河苑温泉水世界更看季节和同行人群，亲子会更合适。,,0,0,1,2026/5/16 13:07,2026/5/16 13:07
128,1287,65,127,海豚湾婴幼儿水育馆目标人群很明确，不带小朋友就没必要专门去。,,1,0,1,2026/5/22 13:55,2026/5/22 14:22
129,15,142,129,富国海底世界的海底隧道对小朋友挺有吸引力，周末去最好避开下午人多的时候。,,2,0,1,2026/6/7 19:27,2026/6/7 19:27
130,15,57,129,场馆不算特别新，但鲨鱼和隧道还挺好拍，带孩子去比成年人单独去更值。,,2,0,1,2026/3/3 19:44,2026/3/3 19:44
131,16,61,131,古北水镇晚上灯亮起来以后氛围很好，别只白天逛一圈就走。,,1,0,1,2026/2/12 12:21,2026/2/12 22:16
132,16,179,131,想看司马台长城夜景的话体力要留一点，水镇里走多了也挺累。,,2,0,1,2026/2/4 13:13,2026/2/4 13:13
133,21,81,133,神武门更像故宫北边的收尾点，从这里出来接景山公园很顺。,,0,0,1,2026/4/25 12:42,2026/4/25 12:42
134,21,80,133,走到神武门时基本已经逛累了，别把后面行程排得太紧。,,3,0,1,2026/5/10 20:56,2026/5/10 20:56
135,23,176,135,午门前面拍照很出片，但排队和安检也集中，早到体验差很多。,,5,0,1,2026/4/23 19:17,2026/4/23 19:17
136,23,102,135,第一次进故宫从午门进去很有仪式感，抬头看到城楼那一下还是会被震住。,,0,0,1,2026/4/28 6:33,2026/4/28 6:33
137,24,146,137,西打磨厂街比前门大街安静些，适合顺着老街慢慢看门脸。,,1,0,1,2026/4/7 17:28,2026/4/7 17:28
138,24,34,137,这里不是那种热闹打卡街，喜欢老北京街巷的人会更有感觉。,,0,0,1,2026/3/16 21:43,2026/3/16 21:43
139,27,79,139,御花园面积不大，人一多就走得慢，拍古树和假山要有点耐心。,,21,0,1,2026/6/12 21:37,2026/6/12 21:37
140,27,16,139,把御花园放在故宫最后看刚好，累了也能找点阴影缓一缓。,,1,0,1,2026/5/19 11:33,2026/5/19 11:34
141,33,19,141,太和殿人一直多，站远一点看反而更能看出气势。,,5,0,1,2026/3/10 18:26,2026/3/10 18:26
142,33,135,141,第一次看太和殿还是挺震撼的，就是想拍到没人基本别抱希望。,,0,0,1,2026/4/25 18:52,2026/4/25 18:52
143,36,84,143,袁崇焕祠墓地方不大，适合对明史感兴趣的人专门去看看。,,1,0,1,2026/3/8 18:00,2026/3/8 18:00
144,36,170,143,这个点最好提前了解一点背景，不然现场看完会觉得信息量不够。,,2,0,1,2026/2/2 8:55,2026/2/2 9:11
145,37,65,145,北锣鼓巷比南锣鼓巷安静不少，随便走走比赶着打卡舒服。,,1,0,1,2026/5/7 18:50,2026/5/7 18:50
146,37,161,145,胡同里小店不算密，适合饭后散步，不适合抱着逛商业街的期待去。,,0,0,1,2026/5/13 17:56,2026/5/13 17:56
147,121,12,147,罗红摄影艺术馆更像拍照和看展结合，庭院部分比我想象中精致。,,2,0,1,2026/5/9 22:32,2026/5/9 22:32
148,121,86,147,去之前最好看一下当前展览，单纯为了建筑和庭院也能逛一会儿。,,1,0,1,2026/4/25 5:08,2026/4/25 5:08
149,122,176,149,松美术馆环境安静，展览内容合不合口味比场馆本身更重要。,,2,0,1,2026/6/11 13:13,2026/6/11 13:13
150,122,35,149,院子和建筑很适合慢慢看，赶时间打卡反而没什么必要。,,1,0,1,2026/5/3 12:07,2026/5/3 12:07
151,127,62,151,模式口古街不像热门胡同那么挤，周末慢慢逛还挺舒服。,,2,0,1,2026/5/31 20:37,2026/5/31 20:37
152,127,158,151,老街修得比较整齐，想看特别原生态的人可能会觉得商业味多了一点。,,0,0,1,2026/3/22 18:10,2026/3/22 18:10
153,145,66,153,亮马河晚上比白天更有气氛，沿河走一段再找地方吃饭很顺。,,1,0,1,2026/3/26 7:47,2026/3/26 7:47
154,145,176,153,这边适合不想进景区的人散步，灯光和水面拍出来挺好看。,,0,0,1,2026/5/10 19:00,2026/5/10 19:00
155,152,179,155,史家胡同博物馆不大，但能补上很多胡同生活的细节。,,1,0,1,2026/3/28 21:37,2026/3/28 21:37
156,152,157,155,如果本来就在东四附近，可以顺路进去看看，专门远道去就要看兴趣了。,,1,0,1,2026/4/15 9:28,2026/4/15 9:28
157,514,67,157,卧佛寺冬天看腊梅的人不少，平时去会更清净。,,2,0,1,2026/6/3 11:59,2026/6/3 11:59
158,514,3,157,寺里节奏很慢，适合想找个安静地方走走的人。,,0,0,1,2026/2/23 5:51,2026/2/23 5:51
159,17,7,159,西白莲峪段长城更偏野趣，别按八达岭那种成熟景区预期去。,,8,3,1,2026/5/23 20:54,2026/5/23 20:54
160,17,43,159,想看安静的长城段可以考虑这里，但鞋子和天气一定要提前看好。,,3,0,1,2026/3/9 11:48,2026/3/9 11:48
161,18,98,161,挂甲峪更像京郊村落度假，适合周末开车过去放松一下。,,3,0,1,2026/4/22 22:37,2026/4/22 22:37
162,18,115,161,如果只想看一个明确景点会觉得散，住一晚慢慢逛更合适。,,2,0,1,2026/3/2 17:36,2026/3/2 17:36
163,22,49,163,乾清门在故宫中轴线上很容易路过，但停下来看看细节也挺值得。,,2,0,1,2026/4/1 18:17,2026/4/1 18:17
164,22,34,163,走到乾清门基本就从外朝转到内廷了，故宫的空间变化很明显。,,1,0,1,2026/6/11 22:59,2026/6/11 22:59
165,25,8,165,正阳美术馆位置很好，逛前门时顺路看看比专门跑一趟更自然。,,0,0,1,2026/5/15 11:34,2026/5/15 11:34
166,25,43,165,这个馆看展内容很关键，出发前先确认展览会稳一点。,,2,0,1,2026/5/10 9:16,2026/5/10 9:32
167,26,83,167,红星源升号博物馆适合对老字号和酒文化感兴趣的人。,,1,0,1,2026/4/17 17:34,2026/4/17 17:34
168,26,176,167,前门一带小馆不少，这种点顺路看一眼比单独安排行程合适。,,0,0,1,2026/5/11 13:32,2026/5/11 13:32
169,28,3,169,坤宁宫在人流里容易被匆匆带过，提前了解背景会更有意思。,,3,0,1,2026/5/7 12:10,2026/5/7 12:59
170,28,97,169,故宫后三宫这一段信息量很大，坤宁宫别只当路过点。,,5,0,1,2026/4/3 1:49,2026/4/3 3:41
171,29,65,171,保和殿前后人都不少，站远点看台基和屋顶反而更清楚。,,2,0,1,2026/1/14 16:33,2026/1/14 16:33
172,29,66,171,故宫前三殿一路走下来会有点审美疲劳，保和殿最好慢一点看。,,6,0,1,2026/3/26 20:42,2026/3/26 20:42
173,30,150,173,中和殿夹在太和殿和保和殿之间，很容易被游客直接带过去。,,9,0,1,2026/6/7 11:18,2026/6/7 11:57
174,30,112,173,如果跟讲解走，中和殿会比自己随便看有意思不少。,,1,0,1,2026/3/27 21:03,2026/3/27 21:03
175,31,15,175,交泰殿不大，但在后三宫里位置很关键，别只拍一张就走。,,0,0,1,2026/4/5 8:19,2026/4/5 8:19
176,31,52,175,从乾清宫走到坤宁宫时会经过交泰殿，跟着中轴线看最顺。,,0,0,1,2026/5/10 12:43,2026/5/10 12:43
177,34,119,177,乾清宫是故宫内廷里很重要的一站，建议提前听点讲解。,,2,0,1,2026/2/10 18:24,2026/2/10 18:24
178,34,18,177,这里游客一直多，想认真看牌子最好避开大团人流。,,2,0,1,2026/6/6 10:23,2026/6/6 10:43
179,35,158,179,明皇城东安门遗址比较适合顺路看，专门跑去可能会觉得内容少。,,3,0,1,2026/6/6 8:49,2026/6/6 8:49
180,35,32,179,这种遗址点需要一点历史背景，不然现场看起来会比较平。,,8,0,1,2026/3/8 20:48,2026/3/8 21:24
181,38,83,181,辟才胡同里的齐白石故居不大，喜欢名人故居的人会看得更细。,,1,0,1,2026/2/18 20:26,2026/2/18 20:26
182,38,95,181,老院子本身很有生活感，别带着大展馆的预期去。,,2,0,1,2026/4/1 18:22,2026/4/1 18:22
183,40,106,183,北海白塔在公园里辨识度太高，晴天拍照确实好看。,,1,0,1,2026/5/23 11:19,2026/5/23 11:19
184,40,78,183,爬到琼华岛上会有点累，但从上面看北海很值。,,2,0,1,2026/5/14 17:59,2026/5/14 17:59
185,41,10,185,西单商业文化博物馆体量不大，逛西单时顺路了解一下还行。,,2,0,1,2026/4/7 4:40,2026/4/7 4:40
186,41,65,185,对商业街历史感兴趣的人会觉得有意思，只想购物就不用特意找。,,0,0,1,2026/3/9 20:00,2026/3/9 20:00
187,42,119,187,北京京报馆旧址适合和周边胡同一起走，单独看会有点短。,,0,0,1,2026/6/11 1:49,2026/6/11 1:55
188,42,177,187,邵飘萍相关的背景最好提前看一点，不然到现场容易只看个门脸。,,1,0,1,2026/5/2 19:53,2026/5/2 19:53
189,43,132,189,林白水故居偏小众，喜欢近代报人故事的人会更有感触。,,2,0,1,2026/6/6 7:01,2026/6/6 7:01
190,43,123,189,附近街巷可以一起慢慢走，别把它当成大型纪念馆。,,0,0,1,2026/4/26 6:34,2026/4/26 6:34
191,44,43,191,谭嗣同故居更适合带着历史问题去看，随便路过可能记不住。,,0,0,1,2026/3/20 18:17,2026/3/20 18:17
192,44,95,191,这种故居点位不大，但北京城里的历史密度就是靠它们串起来的。,,1,3,1,2026/3/13 22:44,2026/3/13 22:44
193,46,82,193,火德真君庙闹中取静，逛到附近时进去看看挺舒服。,,8,0,1,2026/5/7 19:52,2026/5/7 19:52
194,46,13,193,庙不算大，但建筑和香火气有老北京味道。,,0,0,1,2026/6/2 6:22,2026/6/2 11:13
195,47,39,195,潭西胜境更偏自然景观，天气好坏会直接影响体验。,,0,0,1,2026/3/8 13:58,2026/3/8 13:58
196,47,135,195,如果只是想轻松拍照，去之前最好先确认交通和路况。,,3,0,1,2026/4/26 14:12,2026/4/26 14:12
197,48,89,197,克勤郡王府这种王府遗存适合顺着西城老街巷一起看。,,0,0,1,2026/3/30 21:26,2026/3/30 21:26
198,48,60,197,门脸和周边环境比想象低调，提前了解历史会更有收获。,,1,1,1,2026/2/16 13:02,2026/2/16 13:02
199,49,61,199,礼王府适合喜欢王府建筑的人，普通游客可能会觉得不够热闹。,,0,0,1,2026/4/1 11:49,2026/4/1 11:49
200,49,103,199,附近老城氛围不错，可以和其他西城点位一起安排。,,1,0,1,2026/2/21 20:48,2026/2/21 20:48
201,50,147,201,庆王府建筑本身值得看，但开放情况要提前确认。,,1,0,1,2026/5/16 15:36,2026/5/16 17:48
202,50,138,201,喜欢老宅院的人会更容易看出门道，匆匆打卡就有点浪费。,,0,0,1,2026/4/19 19:54,2026/4/19 19:54
203,51,134,203,郑王府名气不如恭王府，但也能看出北京王府建筑的底子。,,0,0,1,2026/4/15 19:40,2026/4/15 19:40
204,51,122,203,这类点更适合历史建筑爱好者，普通旅游行程可以顺路看。,,0,0,1,2026/3/15 7:58,2026/3/15 7:58
205,52,49,205,大观楼影城在前门一带，适合和吃饭逛街放在一起。,,2,0,1,2026/6/4 16:14,2026/6/4 16:14
206,52,56,205,如果没有想看的电影或活动，单独当景点去意义不大。,,0,0,1,2026/3/21 17:22,2026/3/21 17:22
207,53,53,207,恩佑寺不算热门，喜欢清静寺庙的人会比打卡游客更喜欢。,,0,0,1,2026/3/15 20:52,2026/3/15 20:55
208,53,168,207,这类寺庙适合慢慢看建筑细节，别赶时间冲进去拍照就走。,,0,0,1,2026/4/13 15:52,2026/4/13 15:52
209,54,96,209,孙中山纪念堂适合提前做点功课，不然现场容易看得很快。,,0,0,1,2026/4/28 18:59,2026/4/28 18:59
210,54,60,209,纪念类地点重在背景，安排行程时别只看停留时长。,,3,0,1,2026/3/9 8:50,2026/3/9 8:50
211,55,138,211,农大昆虫标本馆很适合带孩子去，标本数量和知识点都不少。,,4,1,1,2026/3/9 20:09,2026/3/9 20:28
212,55,152,211,这个馆需要预约和看开放时间，临时过去容易扑空。,,0,0,1,2026/2/1 22:27,2026/2/1 22:27
213,56,22,213,中国饲料博物馆题材很垂直，相关专业或农业兴趣的人会更有收获。,,2,0,1,2026/1/12 22:10,2026/1/12 22:10
214,56,89,213,普通游客可能觉得冷门，但作为专题馆还挺有辨识度。,,9,0,1,2026/4/13 22:42,2026/4/13 22:42
215,57,72,215,首都滑冰馆主要看冰上活动安排，平时不要只当普通景点逛。,,1,0,1,2026/5/9 19:47,2026/5/9 19:47
216,57,175,215,如果刚好有比赛或训练开放，体验会比单纯路过好很多。,,2,0,1,2026/5/3 15:44,2026/5/3 16:49
217,58,19,217,齐物潭公园更像周边居民的休闲地，散步可以，专门远道去不用期待太高。,,3,0,1,2026/5/29 20:29,2026/5/29 20:29
218,58,157,217,公园安静是优点，适合想找地方坐一会儿的人。,,0,0,1,2026/3/8 13:43,2026/3/8 13:43
219,59,181,219,五棵松奥林匹克文化公园适合看完演出或逛完商圈顺路走走。,,0,0,1,2026/4/20 21:09,2026/4/20 21:09
220,59,175,219,这里不像大公园那样能逛很久，更适合短暂停留。,,1,0,1,2026/5/24 7:35,2026/5/24 21:48
221,60,132,221,佛香阁上去要爬一段，但看昆明湖视野很值。,,0,0,1,2026/5/9 18:40,2026/5/9 18:45
222,60,75,221,颐和园里如果时间不多，佛香阁和昆明湖这条线优先级很高。,,1,0,1,2026/5/15 21:37,2026/5/15 21:37
223,61,3,223,中关村森林公园面积不小，住附近的话散步跑步都方便。,,0,0,1,2026/5/19 10:52,2026/5/19 10:52
224,61,140,223,这里更偏日常公园，不是那种需要专门做攻略的景点。,,2,0,1,2026/6/12 20:05,2026/6/12 20:05
225,62,126,225,梁启超墓很安静，适合对近代史感兴趣的人去看看。,,0,0,1,2026/5/22 6:37,2026/5/22 6:37
226,62,140,225,如果刚好在植物园一带，可以顺路把这个点补上。,,0,0,1,2026/6/1 19:23,2026/6/1 19:23
227,63,66,227,苏州街要另外留时间，喜欢仿江南水街的人会觉得有意思。,,4,0,1,2026/6/9 15:05,2026/6/9 15:05
228,63,21,227,颐和园里景点太多，苏州街最好别排在快闭园前。,,1,0,1,2026/4/22 8:40,2026/4/22 8:40
229,64,161,229,东岳娘娘庙比较小众，适合顺路看民间信仰建筑。,,1,0,1,2026/5/17 12:16,2026/5/17 12:16
230,64,82,229,这种庙宇点位不大，但细看碑刻和院落会有收获。,,3,0,1,2026/3/7 19:45,2026/3/7 19:45
231,65,10,231,北京植物园樱桃沟很清幽，夏天走栈道比晒大路舒服。,,1,0,1,2026/3/31 11:25,2026/3/31 11:25
232,65,21,231,樱桃沟适合慢慢走，别把它当成看花拍照后马上撤的点。,,1,0,1,2026/4/6 13:00,2026/4/6 13:09
233,66,176,233,清华学堂外观很有辨识度，参观清华时路过可以停一下。,,0,0,1,2026/5/27 9:02,2026/5/27 9:02
234,66,162,233,校园建筑要配合历史背景看，单纯拍楼会少点味道。,,7,0,1,2026/1/20 19:41,2026/1/20 19:42
235,67,175,235,慈寿寺塔在城市里很醒目，路过时比照片里更有存在感。,,1,0,1,2026/4/1 19:32,2026/4/2 9:47
236,67,3,235,如果喜欢古塔和寺庙遗存，这个点可以顺路安排。,,0,0,1,2026/1/28 19:59,2026/1/28 19:59
237,68,145,237,昆明湖太大了，第一次去别想着沿湖全部走完。,,1,4,1,2026/5/1 21:39,2026/5/1 21:39
238,68,140,237,天气好的时候昆明湖水面特别开阔，拍照比园内小景更大气。,,2,0,1,2026/3/3 9:34,2026/3/3 9:40
239,69,178,239,十七孔桥傍晚拍照很好看，但人多时桥上走得很慢。,,0,0,1,2026/5/15 18:43,2026/5/15 18:43
240,69,40,239,去颐和园如果想看湖面和桥，十七孔桥这一带别错过。,,0,0,1,2026/3/23 13:58,2026/3/23 13:58
241,70,138,241,鉴园遗址更适合顺路看，专门绕过去可能会觉得信息不够。,,2,0,1,2026/3/31 21:32,2026/3/31 21:32
242,70,168,241,这种遗址点最好提前看点背景，不然现场只会觉得安静。,,3,2,1,2026/5/16 13:56,2026/5/16 13:56
243,71,163,243,元土城遗址公园适合跑步和散步，春天海棠开的时候人会明显多。,,2,1,1,2026/6/1 19:02,2026/6/1 19:02
244,71,11,243,这条公园很长，约人见面最好说清是哪一段。,,0,0,1,2026/4/10 12:14,2026/4/10 12:14
245,72,75,245,九眼楼长城更偏登山和看长城遗迹，体力不够别硬冲。,,1,0,1,2026/6/9 19:03,2026/6/9 19:05
246,72,49,245,天气晴的时候视野应该很开阔，但风大和路况都要提前留意。,,0,0,1,2026/1/24 18:19,2026/1/24 18:19
247,73,64,247,白河堡水库更适合自驾看风景，公共交通过去会折腾些。,,1,0,1,2026/4/26 21:20,2026/4/26 21:20
248,73,60,247,水库边拍照挺开阔，但吃饭和补给最好提前安排。,,0,0,1,2026/4/29 15:27,2026/4/29 15:27
249,74,49,249,北京莲花山森林公园适合想爬山又不想去太热门地方的人。,,3,0,1,2026/6/6 21:25,2026/6/6 21:25
250,74,54,249,山里景色看季节，夏天防晒防蚊都不能省。,,1,0,1,2026/4/15 17:30,2026/4/15 17:30
251,76,167,251,英雄大道更偏纪念和教育意义，路过时停下来看看还挺庄重。,,0,0,1,2026/5/16 15:00,2026/5/16 15:00
252,76,75,251,如果带孩子来，讲清背景会比单纯拍照有意义。,,0,0,1,2026/4/9 12:51,2026/4/9 12:51
253,77,140,253,顶秀美泉小镇更适合住一晚或周末短途，不像传统景点那样看完就走。,,3,0,1,2026/6/6 15:05,2026/6/6 15:05
254,77,170,253,小镇氛围主要靠住宿和周边环境，单独路过打卡会有点短。,,0,0,1,2026/4/13 22:02,2026/4/13 22:02
255,78,38,255,塞隆国际文化创意园要看具体店铺和展览，空逛可能没那么有意思。,,2,0,1,2026/3/22 22:00,2026/3/22 22:00
256,78,48,255,这类园区适合约咖啡或看活动，别按大景区期待。,,3,0,1,2026/5/9 15:27,2026/5/9 15:27
257,79,116,257,奥森四季滑雪场适合顺便体验，别和真正大雪场比规模。,,13,0,1,2026/5/5 22:39,2026/5/5 22:39
258,79,106,257,带孩子玩会更合适，成人专门跑一趟要先看开放情况。,,1,0,1,2026/5/16 18:09,2026/5/16 18:09
259,80,90,259,中国国学中心更偏文化活动和展陈，出发前看一下有没有开放内容。,,0,0,1,2026/5/21 23:33,2026/5/21 23:34
260,80,140,259,如果正好有讲座或展览会更值，单纯路过不一定能逛很久。,,0,0,1,2026/5/23 19:57,2026/5/23 19:57
261,81,60,261,廉洁奥运主题文化园比较小众，适合在奥园附近顺路看看。,,3,2,1,2026/6/8 19:41,2026/6/8 19:41
262,81,103,261,主题明确但停留时间不会太长，别单独排半天。,,0,0,1,2026/2/9 21:48,2026/2/9 21:48
263,82,155,263,奥林匹克公园观光塔视野很好，天气通透时再上去更值。,,3,0,1,2026/6/12 21:21,2026/6/12 23:59
264,82,132,263,如果只是阴天或雾霾天去，体验会打折很多。,,2,0,1,2026/5/26 16:49,2026/5/26 16:49
265,83,16,265,常营天街更像周边商场，吃饭看电影方便，不算旅游景点。,,1,0,1,2026/6/1 21:11,2026/6/1 21:11
266,83,95,265,住附近的话很实用，外地游客没必要专门绕过去。,,0,0,1,2026/4/3 16:34,2026/4/3 16:34
267,84,133,267,北京国香馆适合对香文化和传统审美感兴趣的人，节奏比较慢。,,1,0,1,2026/4/24 21:37,2026/4/24 21:37
268,84,65,267,这种馆不适合赶场，慢慢看陈列和空间会舒服一些。,,0,0,1,2026/5/10 17:40,2026/5/10 17:49
269,85,43,269,提香高尔夫俱乐部主要还是运动和会友，不是普通观光点。,,1,0,1,2026/2/24 3:01,2026/2/24 3:01
270,85,65,269,如果不是打球或参加活动，专门过去意义不大。,,0,0,1,2026/2/8 17:09,2026/2/8 17:09
271,86,176,271,墙子路长城更适合喜欢原生态长城的人，路况和安全要放第一位。,,1,0,1,2026/4/24 10:35,2026/4/26 2:39
272,86,94,271,不要穿普通休闲鞋去这种长城段，天气不好就换一天。,,3,0,1,2026/1/14 5:00,2026/1/14 5:00
273,87,97,273,独秀峰听名字就适合看山形，最好选能见度高的日子。,,1,0,1,2026/4/3 16:12,2026/4/3 18:14
274,87,165,273,这种自然点不一定设施多，带水和防晒更实际。,,0,0,1,2026/3/13 15:27,2026/3/13 15:27
275,88,9,275,将军石更偏自然小景，适合和附近山路一起安排。,,1,0,1,2026/5/3 12:27,2026/5/3 12:28
276,88,44,275,单独看一块石头可能觉得普通，配上沿途风景会好很多。,,2,0,1,2026/2/24 17:04,2026/2/24 17:04
277,89,95,277,番字石刻这种点要懂一点背景才有意思，现场不会特别热闹。,,0,0,1,2026/3/20 23:50,2026/3/20 23:50
278,89,6,277,适合喜欢碑刻和历史痕迹的人，普通打卡可能会觉得冷门。,,1,0,1,2026/4/9 20:38,2026/4/9 20:38
279,90,158,279,古北口保卫战纪念碑看完会让人安静下来，适合和古北口长城一起走。,,0,0,1,2026/5/25 13:56,2026/5/25 13:56
280,90,161,279,来这里最好提前了解长城抗战背景，不然只是拍碑会浪费。,,0,0,1,2026/4/4 19:10,2026/4/4 19:10
281,91,65,281,卢沟桥历史博物馆适合和卢沟桥一起看，单独看馆会少点现场感。,,2,0,1,2026/4/27 19:41,2026/4/27 19:41
282,91,27,281,展馆不一定大，但历史分量很重，别赶时间。,,0,0,1,2026/3/27 12:05,2026/3/27 12:05
283,92,10,283,石景山古建筑群比较适合本地短途，专程远道过去要看兴趣。,,2,0,1,2026/5/16 19:29,2026/5/16 19:29
284,92,49,283,喜欢老建筑的人会多看几眼，普通游客可能觉得安静过头。,,1,0,1,2026/5/5 18:01,2026/5/5 18:01
285,93,120,285,狼窝港密檐塔看点集中，路过附近时顺道看更合适。,,0,0,1,2026/4/19 12:47,2026/4/19 17:00
286,93,40,285,古塔类点位拍照挺有味道，但要提前确认能不能近距离看。,,3,0,1,2026/4/3 18:32,2026/4/3 18:32
287,94,60,287,七彩蝶园更适合亲子，孩子会比大人更兴奋。,,0,0,1,2026/5/14 18:31,2026/5/14 18:31
288,94,32,287,这种室内外结合的亲子点要看季节，别赶在太热的时候去。,,4,0,1,2026/5/20 20:33,2026/5/20 20:33
289,95,176,289,北京乡村高尔夫俱乐部主要是打球场景，不适合当普通景点逛。,,1,0,1,2026/3/10 2:04,2026/3/10 2:04
290,95,78,289,如果只是陪朋友来，周边休息和餐饮比景色更重要。,,0,0,1,2026/4/19 22:27,2026/4/19 22:27
291,96,176,291,什院木艺工坊适合喜欢手作的人，最好提前确认体验课时间。,,0,0,1,2026/2/19 11:33,2026/2/19 11:33
292,96,42,291,带孩子做手工会比单纯参观更有意思。,,1,0,1,2026/4/10 15:20,2026/4/10 15:20
293,97,24,293,通州运河文化广场适合晚上散步，河边风景比白天更舒服。,,0,0,1,2026/5/19 19:27,2026/5/19 19:27
294,97,78,293,住通州附近的话很方便，外地游客可以和大运河森林公园一起排。,,8,0,1,2026/2/1 19:59,2026/2/1 20:00
295,98,176,295,验粮楼名字很有老北京味道，适合顺着街巷慢慢找。,,1,0,1,2026/4/30 23:53,2026/4/30 23:53
296,98,44,295,这种小点位不适合赶时间打卡，路过时看一眼更自然。,,1,0,1,2026/4/11 17:13,2026/4/11 17:13
297,99,161,297,高君宇烈士墓适合安静参观，纪念意义比景观本身更重要。,,1,0,1,2026/4/17 12:00,2026/4/17 12:04
298,99,93,297,如果在陶然亭一带，可以把这里作为一站认真看。,,3,0,1,2026/5/21 13:09,2026/5/21 13:17
299,101,79,299,大庄科段长城更偏长城保护和研究性修缮背景，普通游客要量力而行。,,66,0,1,2026/6/12 10:20,2026/6/12 10:20
300,101,176,299,想看原真一点的长城可以关注这里，但别低估山路。,,2,0,1,2026/2/9 19:17,2026/2/9 19:17
301,102,138,301,喇叭沟原始森林秋天应该最出片，白桦林和山路都适合慢慢走。,,4,0,1,2026/2/6 18:05,2026/2/6 18:05
302,102,84,301,景区很大，别把一天塞太满，体力留给步道更划算。,,1,0,1,2026/3/13 21:48,2026/3/13 21:48
303,103,140,303,北京马骏烈士墓适合安静纪念，最好带着历史背景去。,,9,0,1,2026/3/13 19:54,2026/3/13 19:54
304,103,42,303,这种纪念点停留时间不长，但态度上要认真一点。,,0,0,1,2026/5/7 17:41,2026/5/7 17:41
305,104,146,305,常营清真寺建筑挺有特点，参观时注意礼仪和开放情况。,,2,0,1,2026/6/5 12:08,2026/6/5 12:08
306,104,181,305,如果对宗教建筑感兴趣，这里比普通打卡点更有内容。,,1,0,1,2026/6/6 21:17,2026/6/6 21:43
307,105,28,307,棺材山这种自然点听名字特别，但真正体验还是看路线和天气。,,1,0,1,2026/4/28 21:35,2026/4/28 21:35
308,105,51,307,山路类目的地别只看距离，同行人的体力更关键。,,3,0,1,2026/5/2 7:07,2026/5/2 7:07
309,106,17,309,望京亭适合看视野，晴天和傍晚会比普通白天更有感觉。,,2,0,1,2026/6/10 15:51,2026/6/10 15:51
310,106,176,309,如果附近还有别的点，可以顺路上来看看，不必单独排太久。,,2,0,1,2026/3/7 23:52,2026/3/7 23:52
311,108,120,311,静逸清采摘园这种地方最看季节，出发前一定问清有没有果子。,,0,0,1,2026/5/18 2:50,2026/5/18 2:50
312,108,176,311,亲子采摘比普通观光更合适，别只为了拍照跑一趟。,,0,0,1,2026/2/8 22:08,2026/2/8 22:08
313,109,28,313,东华门大街离故宫和王府井都近，适合当老城步行线的一段。,,6,0,1,2026/6/1 16:54,2026/6/1 16:54
314,109,168,313,晚上路过这一带很有城市感，但别期待它像商业街那么热闹。,,0,0,1,2026/4/16 17:47,2026/4/16 17:47
315,110,21,315,老北京风情街更适合游客随便逛逛买点小吃，别抱太高期待。,,1,3,1,2026/5/15 15:42,2026/5/15 15:42
316,110,28,315,这种街区商业味会重一点，带外地朋友走一圈还行。,,1,0,1,2026/4/3 11:01,2026/4/3 11:01
317,111,43,317,慈禧水道适合和颐和园水系一起理解，单独看名字会有点抽象。,,6,0,1,2026/5/3 22:21,2026/5/3 22:21
318,111,174,317,喜欢历史掌故的人会更有兴趣，普通游客可能只是路过。,,0,0,1,2026/5/29 13:42,2026/5/29 13:42
319,112,126,319,艺术8更适合看当前展览和空间本身，别按大型美术馆预期去。,,0,0,1,2025/12/23 19:52,2025/12/23 19:52
320,112,160,319,在胡同里遇到这种艺术空间挺有意思，适合顺路进去看一圈。,,2,0,1,2026/3/1 23:52,2026/3/1 23:52
321,113,163,321,静心斋名字很贴切，适合在北海里找个安静角落慢慢看。,,2,0,1,2026/4/12 7:37,2026/4/12 7:37
322,113,133,321,园林小景要有耐心，赶着打卡的人可能会直接错过细节。,,0,0,1,2026/5/22 18:05,2026/5/22 18:05
323,114,152,323,京师女子师范学堂旧址适合对近代教育史感兴趣的人。,,3,0,1,2026/5/18 11:58,2026/5/18 11:58
324,114,8,323,这种旧址现场不一定热闹，提前看背景会更有感触。,,12,0,1,2026/5/7 13:47,2026/5/7 13:55
325,115,42,325,快雪堂适合和北海园林一起看，单独找过去会觉得有点短。,,0,0,1,2026/5/30 17:34,2026/5/30 17:34
326,115,35,325,书法和古建爱好者会更喜欢，普通游客可能只是路过拍照。,,3,0,1,2026/3/13 19:13,2026/3/13 19:13
327,116,93,327,荀慧生故居地方不大，但喜欢京剧的人会觉得值得。,,0,0,1,2026/1/5 18:24,2026/1/5 18:24
328,116,131,327,名人故居看的是故事，不了解背景会很快逛完。,,1,0,1,2026/5/17 22:09,2026/5/17 22:09
329,117,116,329,西苑美食街更像附近吃饭集合地，适合解决一顿便饭。,,4,0,1,2026/5/9 18:06,2026/5/10 16:46
330,117,158,329,别把它当景点逛，真正的价值是选择多和方便。,,1,0,1,2026/5/8 17:58,2026/5/8 17:58
331,118,39,331,祾恩殿需要放在十三陵整体里看，单独评价容易显得冷清。,,1,0,1,2026/4/23 11:20,2026/4/23 11:20
332,118,43,331,如果有讲解会好很多，不然古建细节容易看漏。,,1,0,1,2026/5/12 20:46,2026/5/14 2:50
333,119,28,333,汤河口白河湾湿地公园适合自驾看水景，公共交通会麻烦些。,,3,0,1,2026/4/5 18:42,2026/4/5 18:42
334,119,147,333,湿地和河湾很看天气，阴雨天去体验会差不少。,,1,0,1,2026/6/12 13:25,2026/6/12 13:25
335,120,97,335,大柳树鬼市要早起，真正有意思的是淘东西的过程。,,2,0,1,2026/2/28 10:37,2026/2/28 10:37
336,120,122,335,如果只是想拍照打卡可能一般，喜欢旧物的人会很兴奋。,,1,0,1,2026/4/21 3:07,2026/4/21 3:07
337,123,140,337,北务香逸葡萄大观园要看采摘季，平时过去会少很多乐趣。,,1,0,1,2026/2/15 11:35,2026/2/15 11:35
338,123,153,337,带孩子体验采摘比成年人单独参观更合适。,,0,0,1,2026/1/16 5:18,2026/1/16 5:18
339,124,178,339,国礼大桃采摘园最重要的是果期，出发前先问清成熟情况。,,10,0,1,2026/5/7 22:48,2026/5/7 22:48
340,124,64,339,采摘园别只看地址，停车和能不能现场采都要提前确认。,,2,0,1,2026/6/7 20:38,2026/6/7 20:38
341,125,145,341,宋庆龄青少年科技文化交流中心更适合亲子和活动安排。,,2,1,1,2026/5/22 19:11,2026/5/22 19:11
342,125,33,341,如果没有具体活动，单纯路过参观可能不会停留太久。,,6,0,1,2026/3/1 22:24,2026/3/1 22:24
343,128,140,343,龙潭公园龙吟阁适合和公园散步一起看，单独一座阁不用排太久。,,6,0,1,2026/5/14 13:25,2026/5/14 13:25
344,128,163,343,湖边走累了到这里停一下挺好，视野比想象中开阔。,,3,0,1,2026/5/29 16:39,2026/5/29 16:39
345,129,171,345,玉峰塔适合在颐和园或西山一带顺路看，远看更有感觉。,,47,0,1,2026/2/16 13:47,2026/2/16 13:47
346,129,43,345,古塔类景点最好配合周边路线，不然停留时间会很短。,,2,0,1,2026/4/28 21:53,2026/4/28 21:53
347,130,86,347,岔道口村更像京郊村落休闲，适合慢慢逛而不是赶景点。,,17,0,1,2026/4/18 22:09,2026/4/18 22:09
348,130,26,347,如果是自驾顺路可以停一停，专程过去要看当天活动。,,5,0,1,2026/1/21 17:24,2026/1/21 17:24
349,131,171,349,王承恩墓这种点很小众，明史爱好者会更有兴趣。,,3,0,1,2026/4/14 22:22,2026/4/14 22:22
350,131,3,349,现场看点不算多，提前了解人物故事会更好。,,0,0,1,2026/5/6 22:09,2026/5/6 22:09
351,132,140,351,十三陵昭陵比定陵清静，适合想避开大团的人。,,1,0,1,2026/3/8 13:56,2026/3/8 13:56
352,132,50,351,陵区之间距离不近，别临时决定一个个全走完。,,2,0,1,2026/4/25 19:01,2026/4/25 19:01
353,133,75,353,十三陵康陵适合对明陵体系感兴趣的人，不太适合纯打卡。,,6,0,1,2026/3/19 20:25,2026/3/19 20:25
354,133,140,353,这里游客少是优点也是缺点，安静但讲解信息要自己补。,,2,0,1,2026/2/2 23:15,2026/2/2 23:15
355,134,61,355,十三陵裕陵更适合和其他陵一起串，单独去会显得行程偏散。,,1,0,1,2026/5/8 17:29,2026/5/8 17:29
356,134,98,355,明陵看多了会审美疲劳，建议挑重点而不是贪多。,,2,0,1,2026/5/22 13:36,2026/5/22 13:36
357,135,60,357,十三陵泰陵不算热门，喜欢清静古迹的人可以考虑。,,1,0,1,2026/4/2 20:23,2026/4/3 4:58
358,135,36,357,交通和开放信息要先确认，别到山里才发现安排不顺。,,1,0,1,2026/5/29 23:55,2026/5/29 23:55
359,136,93,359,十三陵庆陵适合做明陵补充点，普通游客不用强行塞进一天。,,1,1,1,2026/4/26 21:38,2026/4/26 21:45
360,136,49,359,陵寝类景点需要耐心，现场越安静越要看背景。,,1,0,1,2026/5/15 16:56,2026/5/15 16:56
361,137,103,361,十三陵景陵听起来冷门，但走在陵区里会有时间慢下来的感觉。,,3,0,1,2026/5/8 9:23,2026/5/8 9:23
362,137,57,361,如果没有讲解，建议提前把明十三陵顺序大概看一下。,,0,0,1,2026/3/9 22:31,2026/3/9 22:31
363,138,117,363,十三陵永陵适合明史爱好者，普通亲子游可能会觉得枯燥。,,1,0,1,2026/3/7 13:48,2026/3/7 13:48
364,138,161,363,这里要慢慢看建筑规制，别只站门口拍一张就走。,,0,0,1,2026/5/25 20:04,2026/5/25 20:04
365,139,115,365,十三陵茂陵更适合深度游，第一次去还是先看定陵和长陵。,,1,0,1,2026/2/4 16:35,2026/2/4 16:35
366,139,95,365,如果安排明陵专题路线，这种冷门陵可以补上。,,2,0,1,2026/4/12 19:46,2026/4/12 19:46
367,140,152,367,十三陵石牌坊很适合做开场点，拍照也比想象中有气势。,,4,0,1,2026/4/24 1:35,2026/4/24 1:35
368,140,49,367,从石牌坊开始看神路和陵区，会比直接进陵更有顺序感。,,5,0,1,2026/4/8 12:43,2026/4/8 12:43
369,141,170,369,十三陵献陵不是热门点，适合对明代陵寝有兴趣的人慢慢补。,,4,0,1,2026/5/21 19:06,2026/5/21 19:06
370,141,9,369,这种地方游客少，反而更能感到陵区的安静。,,3,0,1,2026/4/4 14:13,2026/4/4 14:13
371,142,97,371,白河湾薰衣草庄园看花期，赶不上花开就会普通很多。,,2,0,1,2026/5/31 19:13,2026/5/31 19:13
372,142,147,371,适合拍照和周末短途，别把它当全年都好看的景点。,,2,0,1,2026/4/26 1:01,2026/4/26 4:25
373,143,93,373,冯玉祥将军陈列室适合对近现代史感兴趣的人。,,1,0,1,2026/2/24 19:46,2026/2/24 19:46
374,143,100,373,陈列室类景点最好慢慢看文字，走马观花会没感觉。,,0,0,1,2026/3/31 21:21,2026/3/31 21:21
375,144,64,375,芦潭古道更像徒步路线，鞋子和水比拍照装备重要。,,2,0,1,2026/6/2 22:37,2026/6/2 22:37
376,144,89,375,古道类目的地别低估返程，最好结伴去。,,1,0,1,2026/3/2 22:44,2026/3/17 22:38
377,146,98,377,丫髻山道教文化名胜区需要爬山，别只看名字觉得是轻松景点。,,0,0,1,2026/3/27 18:26,2026/3/27 18:26
378,146,17,377,庙宇和山路结合得不错，天气热的时候会比较耗体力。,,1,0,1,2026/3/6 18:55,2026/3/6 18:55
379,147,33,379,故宫九龙壁色彩很漂亮，人多时要等一会儿才能拍到正面。,,1,0,1,2026/6/11 12:22,2026/6/11 12:22
380,147,85,379,如果已经走到宁寿宫区，九龙壁值得停下来细看。,,1,0,1,2026/4/21 20:23,2026/4/21 20:30
381,148,14,381,松堂斋民间雕刻博物馆题材很专，喜欢木雕石雕的人会更有收获。,,9,0,1,2026/3/21 20:22,2026/3/21 20:22
382,148,95,381,小众博物馆最好先确认开放时间，别临时跑空。,,13,0,1,2026/6/9 16:40,2026/6/9 16:40
383,149,63,383,睦明唐古瓷标本博物馆适合瓷器爱好者，普通游客可能看得快。,,1,0,1,2026/5/12 20:42,2026/5/12 20:42
384,149,156,383,标本类展馆需要耐心，比起热闹更重知识点。,,0,0,1,2026/2/1 20:30,2026/2/1 20:30
385,150,103,385,北京人文艺术中心要看具体展览，空间本身不是唯一看点。,,2,0,1,2026/3/20 18:01,2026/3/20 18:01
386,150,119,385,如果附近有别的展馆，可以一起安排成半天文化线。,,2,0,1,2026/5/9 16:57,2026/5/9 16:57
387,151,157,387,东宫影剧场主要看演出内容，别只把它当景点。,,5,0,1,2026/3/29 22:09,2026/3/29 22:09
388,151,136,387,看剧前后找吃饭地方更重要，场馆本身停留不会太久。,,0,0,1,2026/5/14 11:23,2026/5/15 17:28
389,153,143,389,中山公园音乐堂位置很好，看完演出顺路在公园里走一走挺舒服。,,2,0,1,2026/6/12 14:09,2026/6/12 14:09
390,153,40,389,这里更适合按演出排时间，单独当景点逛意义不大。,,3,0,1,2026/2/26 22:34,2026/2/27 3:50
391,154,66,391,正乙祠戏楼的老戏楼氛围很特别，看昆曲京剧会比普通剧场更有味道。,,4,0,1,2026/5/25 22:50,2026/5/25 22:50
392,154,63,391,这种戏楼适合提前了解当天剧目，不然只看建筑会有点短。,,1,0,1,2026/3/7 12:33,2026/3/7 12:33
393,155,137,393,中国儿童艺术剧院适合带小朋友看剧，选剧目比场馆本身更重要。,,2,0,1,2026/6/10 12:58,2026/6/10 12:58
394,155,19,393,在王府井附近看亲子演出挺方便，散场后吃饭选择也多。,,3,0,1,2026/3/8 11:44,2026/3/8 11:44
395,156,111,395,蓬蒿剧场的四合院小剧场感很强，适合看实验一点的戏。,,1,0,1,2026/3/4 18:34,2026/3/4 19:19
396,156,176,395,剧场不大，离演员近是优点，也更考验当天演出质量。,,1,0,1,2026/3/4 16:07,2026/3/4 16:21
397,157,95,397,雷剧场适合按剧目去，不建议只是路过打卡。,,1,0,1,2026/5/23 22:23,2026/5/23 22:23
398,157,176,397,小剧场看戏最怕迟到，提前到附近吃完饭再进去更稳。,,44,0,1,2026/2/10 20:27,2026/2/10 20:33
399,158,174,399,北京人艺更适合认真看一场话剧，场馆本身带着戏剧迷的滤镜。,,2,0,1,2026/5/23 20:08,2026/5/23 20:08
400,158,176,399,如果买到合适的剧目，这里比单纯逛景点更值得花一晚。,,1,0,1,2026/3/19 20:25,2026/3/19 23:06
401,159,110,401,蜂巢剧场适合看年轻化一点的戏，开场前周边吃饭也方便。,,2,0,1,2026/4/16 21:20,2026/4/16 22:17
402,159,43,401,剧场体验主要看座位和剧目，别只看名字下判断。,,6,0,1,2026/6/6 22:55,2026/6/12 23:59
403,160,173,403,国话先锋剧院更适合话剧爱好者，普通游客要先看演出介绍。,,1,0,1,2026/3/26 20:13,2026/3/26 20:13
404,160,176,403,如果当天有好戏，专门来一趟很值；没演出时就不用特意绕。,,1,0,1,2026/2/11 16:03,2026/2/11 16:10
405,161,176,405,金龙建国温泉适合冬天或累了一天后去，别当普通景点逛。,,3,0,1,2026/5/6 20:28,2026/5/8 13:37
406,161,170,405,温泉类地方最看卫生和人流，周末去最好提前订。,,3,0,1,2026/6/12 18:49,2026/6/12 18:49
407,162,109,407,燕墩公园适合附近散步，点位不大但有老城南的味道。,,0,0,1,2026/5/9 20:29,2026/5/9 20:29
408,162,148,407,如果走北京中轴线南段，可以把这里顺手补上。,,1,0,1,2026/5/10 21:57,2026/5/10 21:57
409,163,28,409,太庙的空间感很庄重，红墙和古树比照片里更有压迫感。,,0,0,1,2026/5/1 16:27,2026/5/1 16:27
410,163,51,409,这里适合慢慢走，不要只把它当故宫旁边的附属点。,,0,0,1,2026/2/6 13:24,2026/2/6 13:24
411,165,15,411,人口文化园主题比较明确，适合附近居民散步时顺路看看。,,0,0,1,2026/6/2 19:24,2026/6/2 19:24
412,165,22,411,专门远道去意义不大，但当社区公园看还可以。,,0,0,1,2026/3/25 18:06,2026/3/25 18:06
413,166,140,413,护城河休闲公园适合沿河走一段，天气好时很放松。,,2,0,1,2026/5/14 20:57,2026/5/14 20:57
414,166,138,413,这类公园不用做攻略，找个傍晚去散步就行。,,0,0,1,2026/2/22 20:18,2026/2/22 20:18
415,167,50,415,广安门外城市休闲公园更像附近人的日常空间，跑步散步都方便。,,0,0,1,2026/5/14 7:22,2026/5/14 7:38
416,167,140,415,如果住得近会觉得很实用，游客专门来就没必要。,,2,0,1,2026/6/3 20:35,2026/6/3 20:35
417,168,163,417,王府井百货适合顺路买东西，怀旧感比购物效率更有意思。,,1,0,1,2026/4/15 23:49,2026/4/15 23:49
418,168,38,417,这里在王府井核心区，逛街吃饭都方便，就是人多。,,3,0,1,2026/5/16 13:40,2026/5/16 13:40
419,169,17,419,王府井小吃街更像游客体验，尝几样可以，别把晚饭全押在这里。,,0,0,1,2026/4/8 22:09,2026/4/8 22:13
420,169,85,419,热闹是真的热闹，价格和口味就按景区小吃街预期来。,,3,0,1,2026/5/2 22:25,2026/5/2 22:25
421,170,171,421,国际友谊博物馆题材挺特别，适合喜欢外事和礼品故事的人。,,18,0,1,2026/6/9 8:12,2026/6/9 8:12
422,170,134,421,这种馆不适合走马观花，展品背后的来历才是重点。,,0,0,1,2026/3/13 22:32,2026/3/13 22:32
423,171,82,423,中国海关博物馆比想象中专业，带孩子科普也挺合适。,,7,4,1,2026/3/13 8:17,2026/3/13 8:20
424,171,97,423,展馆内容偏行业史，感兴趣的人会看得很细。,,1,0,1,2026/5/14 10:30,2026/5/14 12:58
425,172,83,425,皮影剪纸馆适合带孩子体验传统手工，单纯参观会短一些。,,3,0,1,2026/5/16 12:15,2026/5/16 12:15
426,172,13,425,如果有体验课会更值，只看展品可能停留不久。,,2,0,1,2026/3/29 20:05,2026/3/29 20:05
427,173,145,427,天坛温泉康乐城更适合放松休息，行程太赶就别硬塞。,,0,0,1,2026/4/25 19:35,2026/4/25 19:35
428,173,132,427,温泉体验要看当天人多不多，节假日可能会打折扣。,,2,0,1,2026/5/14 12:31,2026/5/15 16:42
429,174,33,429,吴东魁艺术馆适合对书画感兴趣的人，普通路过可能看得快。,,1,0,1,2026/1/7 13:17,2026/1/7 13:17
430,174,144,429,小型艺术馆最看展览内容，去前确认一下更稳。,,2,0,1,2026/3/7 13:42,2026/3/7 13:42
431,175,120,431,奇思妙想魔相馆适合拍照玩一会儿，带朋友去会比单人有意思。,,19,0,1,2026/6/9 21:48,2026/6/9 21:48
432,175,170,431,3D馆更偏互动娱乐，别按正经美术馆的标准看。,,1,0,1,2026/5/21 12:39,2026/5/21 12:39
433,176,34,433,柏林寺闹中取静，适合顺路进去安静待一会儿。,,6,0,1,2026/2/23 12:29,2026/2/23 12:29
434,176,63,433,寺庙不大，细看建筑和院落比拍照更有意思。,,0,0,1,2026/1/21 18:31,2026/1/21 18:31
435,177,35,435,Art Once自助画室适合和朋友一起去，自己画比单纯参观有意思。,,7,0,1,2026/3/2 13:06,2026/3/2 13:06
436,177,49,435,这种体验类空间最好提前预约，不然到店可能没位置。,,3,0,1,2026/5/30 20:56,2026/5/30 20:56
437,178,84,437,红剧场要看具体演出，如果是功夫秀会更适合游客。,,0,0,1,2026/3/2 18:10,2026/3/2 18:10
438,178,176,437,场馆本身不是重点，重点是节目质量和座位视角。,,5,0,1,2026/3/15 9:04,2026/3/15 9:04
439,179,65,439,长安大戏院看京剧很有氛围，第一次去最好选容易入门的折子戏。,,10,0,1,2026/5/21 22:57,2026/5/21 22:57
440,179,10,439,老戏院适合慢慢感受，不懂戏也可以先看演出介绍。,,2,0,1,2026/4/5 19:54,2026/4/5 19:54
441,180,138,441,天地剧场主要看杂技和演出，带外地朋友会比较省心。,,1,0,1,2026/3/7 13:55,2026/3/7 13:55
442,180,127,441,这种演出型目的地别早到太久，周边等候空间有限。,,2,0,1,2026/4/1 13:38,2026/4/1 13:38
443,181,35,443,杜莎夫人蜡像馆适合拍照互动，别期待太深的文化内容。,,1,3,1,2026/5/17 19:10,2026/5/17 19:10
444,181,28,443,和朋友一起去比一个人有趣，主要就是玩照片。,,5,0,1,2026/5/24 22:20,2026/5/24 22:20
445,182,60,445,乾鼎老酒博物馆适合对白酒和老物件感兴趣的人。,,3,0,1,2026/4/20 18:32,2026/4/20 18:32
446,182,130,445,展馆题材很垂直，不喝酒的人可能会觉得冷门。,,2,3,1,2026/4/6 6:33,2026/4/6 6:33
447,183,35,447,天安门城楼需要提前看开放和预约情况，现场临时决定不稳。,,2,0,1,2026/5/16 12:56,2026/5/17 8:15
448,183,47,447,登上去看广场视角不一样，但安检和排队要预留时间。,,0,0,1,2026/5/15 22:26,2026/5/15 22:26
449,184,169,449,永定门公园适合中轴线散步，城楼远看比近看更有气势。,,0,0,1,2026/3/14 20:46,2026/3/14 20:46
450,184,124,449,傍晚走到这里挺舒服，顺着中轴线看北京很有感觉。,,0,0,1,2026/4/29 22:54,2026/4/29 22:54
451,185,83,451,龙潭西湖公园适合附近居民散步，水边走一圈挺放松。,,0,0,1,2026/5/4 15:24,2026/5/4 17:36
452,185,2,451,如果已经在龙潭一带，可以顺路来，不用专门远道赶。,,1,0,1,2026/4/12 8:41,2026/4/12 9:40
453,186,80,453,玉蜓公园偏社区日常，跑步和遛弯比观光更合适。,,1,0,1,2026/6/1 18:09,2026/6/1 18:09
454,186,165,453,公园不大但交通方便，适合短时间透气。,,0,0,1,2026/3/8 13:03,2026/3/8 13:03
455,187,103,455,北二环城市公园适合沿路走一段，别期待完整大景区。,,8,0,1,2026/3/15 18:31,2026/3/15 18:31
456,187,96,455,城市公园的好处就是方便，附近上班族午休也能去。,,2,0,1,2026/6/4 19:36,2026/6/4 19:36
457,188,30,457,奥林匹克社区花园更像社区绿地，适合附近散步和带孩子玩。,,2,0,1,2026/3/20 18:27,2026/3/20 18:27
458,188,60,457,如果已经在奥森附近，可以顺道看，不用单独安排。,,0,0,1,2026/1/3 11:02,2026/1/3 11:02
459,189,58,459,皇城艺术馆适合和故宫周边一起看，单独去要看展览。,,20,0,1,2026/4/14 19:55,2026/4/14 19:55
460,189,65,459,这种馆最怕没展览内容支撑，出发前查一下会更稳。,,1,0,1,2026/5/10 21:31,2026/5/10 21:31
461,190,97,461,新文化运动纪念馆历史分量很足，适合安静认真看。,,2,2,1,2026/4/23 19:04,2026/4/23 19:04
462,190,155,461,红楼这一带很适合和北大旧址、五四背景一起理解。,,1,0,1,2026/6/3 9:28,2026/6/3 9:28
463,191,97,463,铁道博物馆正阳门展馆就在天安门广场东南侧，铁路迷会很喜欢。,,1,0,1,2026/4/14 22:49,2026/4/14 22:49
464,191,172,463,老车站改成博物馆很有味道，展览比外观看起来更扎实。,,2,0,1,2026/6/11 20:22,2026/6/11 20:22
465,192,30,465,王府井古人类文化遗址博物馆很容易被逛街人流忽略。,,10,0,1,2026/4/19 9:56,2026/4/19 9:56
466,192,102,465,如果对考古感兴趣，逛王府井时顺路看一眼挺特别。,,2,0,1,2026/5/13 20:54,2026/5/13 20:54
467,193,176,467,保利艺术博物馆藏品质量不错，适合喜欢青铜器和艺术品的人。,,2,0,1,2026/4/4 18:12,2026/4/4 18:12
468,193,39,467,位置在写字楼里，第一次去要看清入口。,,3,0,1,2026/5/16 20:52,2026/5/16 20:52
469,194,43,469,中国医史博物馆题材挺小众，药具和医书展品比想象中耐看。,,0,0,1,2026/4/22 3:47,2026/4/22 3:47
470,194,52,469,适合对中医药历史感兴趣的人，普通逛法半小时到一小时差不多。,,5,0,1,2026/4/1 15:22,2026/4/1 21:04
471,195,140,471,钟鼓楼这一片很适合傍晚去，站在街口看建筑轮廓特别北京。,,1,0,1,2026/4/13 18:04,2026/4/13 18:04
472,195,181,471,钟楼和鼓楼可以一起安排，周边胡同也值得留点时间慢走。,,0,0,1,2026/5/26 16:16,2026/5/26 16:16
473,196,90,473,文天祥祠不算热闹，但安静下来读碑刻会有点触动。,,0,0,1,2026/2/4 15:43,2026/2/4 15:43
474,196,28,473,地方不大，适合顺路看，不建议按大景点的期待去。,,1,0,1,2026/5/20 13:51,2026/5/20 13:51
475,197,147,475,东南城角角楼很适合拍城墙感，天气好时砖色特别明显。,,4,0,1,2026/5/24 11:25,2026/5/26 10:02
476,197,100,475,这里比热门景点安静，喜欢老北京城防遗迹的人会很喜欢。,,0,0,1,2026/4/25 18:51,2026/4/25 20:14
477,198,94,477,正阳门就在前门一带，逛完大街再看城楼很顺。,,0,0,1,2026/5/3 15:08,2026/5/3 15:08
478,198,130,477,夜里灯亮起来更好看，不过周边游客也不少。,,8,0,1,2026/4/30 17:03,2026/4/30 17:03
479,199,57,479,北京文博交流馆比名字听起来更有古意，院子和建筑都值得看。,,5,0,1,2026/4/26 17:37,2026/4/26 17:37
480,199,81,479,如果赶上讲解会更好，不然很多细节容易匆匆错过。,,5,0,1,2026/5/17 19:07,2026/5/17 19:07
481,200,37,481,北京警察博物馆展陈挺特别，制服和老物件很有年代感。,,0,0,1,2026/3/12 14:28,2026/3/12 14:36
482,200,89,481,适合带孩子了解城市安全和警务历史，参观节奏不累。,,2,3,1,2026/5/26 18:58,2026/5/26 18:58
483,201,39,483,盛锡福帽文化博物馆很有老字号味道，帽子背后的行当挺有意思。,,1,0,1,2026/5/26 19:22,2026/5/26 19:22
484,201,178,483,展馆不大但主题鲜明，适合和前门王府井一带顺路安排。,,3,0,1,2026/4/21 4:43,2026/4/21 4:43
485,202,176,485,古观象台非常适合喜欢天文和古仪器的人，露台上的铜仪很震撼。,,7,0,1,2026/4/27 12:33,2026/4/27 12:33
486,202,119,485,地方比想象中小，但展品辨识度高，拍照也很有历史感。,,0,0,1,2026/1/12 20:59,2026/1/12 20:59
487,203,47,487,国家自然博物馆适合亲子，恐龙和动物标本区小朋友会停很久。,,7,0,1,2026/5/27 20:40,2026/5/27 20:40
488,203,60,487,预约要提前看，热门时段人多但展品确实丰富。,,0,0,1,2026/5/21 12:59,2026/5/21 12:59
489,204,9,489,自来水博物馆题材冷门，但老厂房和供水历史还挺有意思。,,0,0,1,2026/5/16 22:00,2026/5/16 22:00
490,204,173,489,如果喜欢城市基础设施，这里会比普通小馆更有惊喜。,,2,3,1,2026/5/4 19:07,2026/5/4 19:07
491,205,60,491,龙潭庙会年味很足，最适合边逛边吃小吃。,,2,0,1,2026/6/1 11:34,2026/6/1 11:34
492,205,16,491,节日期间人会很多，想拍照就尽量早点去。,,2,0,1,2026/6/3 19:54,2026/6/3 19:54
493,206,8,493,地坛庙会老北京氛围很浓，摊位多的时候逛起来特别热闹。,,2,0,1,2026/6/6 23:49,2026/6/6 23:49
494,206,65,493,带老人孩子去要注意人流，吃喝和休息点最好提前想好。,,0,0,1,2026/4/29 8:10,2026/4/29 8:10
495,207,125,495,珠市口教堂外观很有辨识度，路过前门一带可以顺手看看。,,0,0,1,2026/4/22 18:53,2026/4/22 18:53
496,207,65,495,周边街区变化很大，教堂在那一片显得挺安静。,,5,0,1,2026/3/29 23:37,2026/3/29 23:37
497,208,157,497,中国妇女儿童博物馆展线清楚，很多展品能看到生活史的变化。,,1,0,1,2026/4/19 19:50,2026/4/19 19:50
498,208,57,497,适合带孩子去，也适合自己慢慢看近现代家庭和教育内容。,,1,0,1,2026/4/26 9:23,2026/4/26 9:24
499,209,176,499,六公主府外观看着很有王府气质，适合喜欢老建筑的人。,,1,0,1,2026/6/7 22:31,2026/6/7 22:31
500,209,158,499,这类府邸最怕只路过，最好提前看一下开放区域。,,1,0,1,2026/5/26 18:55,2026/5/26 19:09
501,210,132,501,台湾会馆位置不算难找，建筑和牌匾很适合细看。,,1,0,1,2026/4/12 9:56,2026/4/12 9:56
502,210,110,501,如果顺路逛前门附近，可以把这里作为一个小停靠点。,,3,0,1,2026/5/17 19:26,2026/5/17 19:26
503,211,124,503,成贤街一路书院和老建筑气息很足，比商业街安静很多。,,0,0,1,2026/2/4 11:00,2026/2/4 11:00
504,211,177,503,适合从国子监附近慢慢走过去，树荫和街道尺度都舒服。,,3,0,1,2026/6/5 18:24,2026/6/5 18:24
505,212,21,505,人艺戏剧博物馆适合看剧前后顺路逛，对北京话剧史会更有感觉。,,0,0,1,2026/4/1 12:11,2026/4/1 12:11
506,212,156,505,展陈不算浮夸，但很多剧照和资料能让人停下来慢慢看。,,0,0,1,2026/6/2 22:10,2026/6/2 22:10
507,213,16,507,正乙祠老戏楼的木结构很有味道，坐进去就能感觉到年代。,,0,0,1,2026/5/7 18:45,2026/5/7 18:45
508,213,116,507,如果赶上演出会更值，单纯看建筑也不亏。,,4,0,1,2026/3/8 20:07,2026/3/8 23:00
509,214,19,509,中国国家博物馆展览太多，第一次去最好别贪心全看完。,,2,0,1,2026/5/2 19:52,2026/5/2 19:52
510,214,84,509,复兴之路和古代中国都很值得看，体力要留够。,,1,0,1,2026/2/9 14:39,2026/2/9 14:39
511,215,178,511,北京市规划展览馆的城市模型很直观，适合了解北京城怎么展开。,,3,0,1,2026/3/17 22:48,2026/3/17 23:32
512,215,21,511,看沙盘会比只看文字轻松很多，带孩子也能看懂一些。,,1,0,1,2026/3/9 18:10,2026/3/11 1:54
513,216,73,513,花市清真寺在街区里挺安静，路过时很容易被外观吸引。,,0,0,1,2026/3/9 13:17,2026/3/9 13:17
514,216,35,513,尊重宗教场所秩序就好，适合顺路看看建筑。,,1,0,1,2026/3/3 9:02,2026/3/3 9:02
515,217,84,515,法华寺周边不算喧闹，适合喜欢老寺院的人慢慢走。,,6,0,1,2026/4/26 13:50,2026/4/26 13:50
516,217,102,515,这里不是那种热闹景点，安静反而是它的优点。,,0,0,1,2026/4/29 7:49,2026/4/29 7:49
517,219,74,517,菊儿胡同保留了不少老北京生活感，别只顾着拍门牌。,,0,0,1,2026/4/20 16:35,2026/4/20 16:35
518,219,3,517,人少的时候很好逛，走慢一点能看到很多院门细节。,,1,0,1,2026/2/25 18:29,2026/2/25 18:29
519,220,43,519,簋街适合晚上去，灯一亮就很有吃宵夜的气氛。,,1,0,1,2026/6/1 19:58,2026/6/1 19:58
520,220,83,519,选择多是真的多，但饭点排队也是真的排。,,0,0,1,2026/3/3 20:31,2026/3/3 21:24
521,221,63,521,东单公园在市中心算难得的休息点，逛街累了可以进去坐坐。,,2,0,1,2026/5/31 13:32,2026/5/31 13:32
522,221,69,521,地方不大，但树荫和座椅让人觉得很实用。,,3,0,1,2026/5/30 20:36,2026/5/31 6:45
523,222,50,523,人民大会堂外观很庄重，广场一带一起看更有空间感。,,0,0,1,2026/5/17 18:40,2026/5/17 20:45
524,222,19,523,参观安排要看开放情况，别临时到了才查。,,3,0,1,2026/1/16 11:42,2026/1/16 11:42
525,223,22,525,皇城根遗址公园适合散步，路边绿地和遗址感结合得不错。,,10,0,1,2026/6/9 10:42,2026/6/9 10:42
526,223,29,525,从王府井附近走过去很方便，晚上也有市中心的安静感。,,0,0,1,2026/5/29 22:55,2026/5/29 22:55
527,224,57,527,菖蒲河公园就在故宫东侧附近，水边小路很适合短暂停留。,,9,0,1,2026/6/9 18:42,2026/6/10 4:19
528,224,16,527,这里不大但很精致，春夏有绿意时更好看。,,0,0,1,2026/5/13 10:06,2026/5/13 10:06
529,225,87,529,邮票博物馆适合慢慢看小物件，方寸之间信息量挺大。,,2,0,1,2026/4/2 19:57,2026/4/2 20:28
530,225,57,529,喜欢集邮的人会很开心，不集邮也能看个时代变化。,,2,0,1,2026/3/15 21:39,2026/3/15 21:39
531,226,126,531,文昌帝君庙很适合顺路看，名字和街区气质很搭。,,0,0,1,2026/5/2 19:11,2026/5/2 19:11
532,226,176,531,这种小点位不适合赶路，慢慢走到门口看一眼就挺好。,,0,0,1,2026/4/2 13:16,2026/4/2 13:16
533,227,83,533,智化寺的建筑和古乐都很有名，安静参观会很舒服。,,0,0,1,2026/3/2 9:39,2026/3/2 18:38
534,227,94,533,藻井细节很漂亮，建议提前了解一点历史再去。,,1,0,1,2026/3/24 5:46,2026/3/24 6:21
535,229,113,535,紫禁城角楼怎么拍都好看，清晨和傍晚的光最出片。,,1,0,1,2026/5/14 18:14,2026/5/14 18:14
536,229,170,535,站在护城河边看角楼，确实能理解为什么那么多人来拍。,,0,3,1,2026/5/20 12:07,2026/5/20 12:07
537,230,135,537,中国美术馆展览质量很稳，临时展最好提前查一下。,,1,0,1,2026/4/12 11:53,2026/4/12 11:53
538,230,64,537,展厅节奏舒服，不会像大馆那样一进去就体力告急。,,1,0,1,2026/5/31 14:59,2026/5/31 14:59
539,231,38,539,循郡王府适合喜欢王府建筑的人，外观看也很有味道。,,3,0,1,2026/6/4 13:42,2026/6/4 13:42
540,231,155,539,如果开放区域有限，就把它当作胡同散步的一站更合适。,,1,0,1,2026/6/9 0:22,2026/6/9 0:22
541,232,164,541,王府井大街还是很适合第一次来北京的人，商业气息很浓。,,2,0,1,2026/3/2 18:36,2026/3/2 18:36
542,232,13,541,晚上灯光和人流都热闹，想安静逛就上午去。,,7,0,1,2026/2/18 5:30,2026/2/18 5:30
543,233,157,543,南馆公园像社区里的安静角落，散步比专门打卡更合适。,,5,0,1,2026/3/9 18:14,2026/3/10 2:54
544,233,51,543,周边居民多，坐一会儿能感到很日常的北京。,,0,0,1,2026/3/28 21:05,2026/3/28 21:05
545,234,64,545,毛主席纪念堂参观氛围很庄重，预约和证件一定提前准备。,,1,0,1,2026/5/17 10:32,2026/5/17 10:32
546,234,128,545,广场行程里很重要的一站，时间安排要跟开放情况对齐。,,2,0,1,2026/4/21 20:58,2026/4/21 20:58
547,235,56,547,柳荫公园水边和树都很舒服，夏天傍晚去最合适。,,15,0,1,2026/1/19 18:06,2026/1/19 18:11
548,235,173,547,不是热门景点，但作为附近散步点非常好用。,,0,0,1,2026/4/13 20:31,2026/4/13 20:31
549,236,176,549,李鸿章祠堂适合带着历史背景看，不然容易只觉得是老院子。,,4,0,1,2026/2/7 18:13,2026/2/7 18:13
550,236,28,549,这里更适合历史爱好者，普通游客顺路看看就可以。,,2,0,1,2026/5/9 18:56,2026/5/9 18:56
551,237,157,551,老舍纪念馆院子很安静，喜欢文学的人会觉得很亲切。,,0,0,1,2026/4/25 13:51,2026/4/25 13:51
552,237,11,551,丹柿小院的气质很好，参观时别太赶。,,2,0,1,2026/5/12 11:05,2026/5/12 13:03
553,238,44,553,黄寺周边车流不少，进到院里反而会安静一些。,,4,0,1,2026/4/6 7:06,2026/4/6 7:06
554,238,25,553,适合对藏传佛教建筑感兴趣的人，细节比远看更好。,,3,0,1,2026/3/29 20:32,2026/3/29 20:32
555,239,44,555,皇史宬这种地方适合带着明清档案史去看，院墙和门额都很有分量。,,0,0,1,2026/1/5 13:38,2026/1/5 13:38
556,241,130,555,翰林院遗址更像城市里的历史提示牌，路过时停几分钟就够。,,1,0,1,2026/3/7 8:23,2026/3/7 21:02
557,242,171,557,贡院一带现在痕迹不算多，适合和周边胡同一起看。,,0,0,1,2026/2/8 8:45,2026/2/8 8:48
558,243,107,557,孚郡王府外观看着很有老北京府邸气质，喜欢建筑的人会多看几眼。,,1,0,1,2026/6/8 8:09,2026/6/8 10:53
559,244,120,559,段祺瑞执政府旧址适合慢慢看外立面，近代史的味道很重。,,5,0,1,2026/6/2 17:06,2026/6/2 17:22
560,245,44,559,段祺瑞宅不算大众景点，但对民国建筑感兴趣会觉得值得。,,1,0,1,2026/5/16 21:49,2026/5/16 21:49
561,246,157,561,东交民巷很适合步行，老使馆建筑和街道尺度都很舒服。,,1,0,1,2026/5/25 21:29,2026/5/25 21:29
562,247,28,561,东方广场更像逛街和吃饭的中转点，位置确实方便。,,45,0,1,2026/6/10 21:15,2026/6/10 21:15
563,248,60,563,大公主府适合顺路看老建筑，专程跑一趟可能会觉得信息少。,,1,0,1,2026/2/15 17:20,2026/2/15 17:20
564,249,16,563,鼓楼附近晚上很热闹，白天看建筑会更清楚。,,1,0,1,2026/4/12 21:13,2026/4/12 21:13
565,250,139,565,北京钟楼和鼓楼最好一起看，走在中轴线上会很有感觉。,,6,0,1,2026/5/27 18:05,2026/5/27 18:05
566,252,10,565,纪晓岚故居不大，但院子和故事都挺适合慢慢读。,,4,0,1,2026/2/19 18:26,2026/2/19 18:26
567,253,51,567,文丞相祠安静得有点出乎意料，适合一个人进去待会儿。,,0,0,1,2026/5/23 20:44,2026/5/23 20:44
568,254,171,567,南锣鼓巷还是很热闹，想看胡同本身就往两侧支巷走。,,2,0,1,2026/4/25 16:56,2026/4/25 16:56
569,255,60,569,东南角楼拍城墙和铁路都挺有味道，黄昏去更好看。,,6,1,1,2026/3/15 21:28,2026/3/15 21:28
570,256,163,569,烟袋斜街适合和什刹海一起逛，商业味重但位置很顺。,,1,0,1,2026/5/20 20:31,2026/5/20 20:40
571,257,44,571,东棉花胡同没有主街那么吵，走进去能看到更日常的胡同生活。,,1,0,1,2026/5/4 18:38,2026/5/4 18:38
572,258,176,571,帽儿胡同很适合慢走，门楼和院墙比店铺更值得看。,,2,0,1,2026/4/8 10:47,2026/4/8 10:47
573,259,79,573,圣米厄尔教堂在东交民巷附近很显眼，外观拍照挺好看。,,3,0,1,2026/6/11 20:59,2026/6/11 20:59
574,260,140,573,荣禄故宅适合喜欢晚清人物故事的人，普通游客顺路看即可。,,2,0,1,2026/5/29 9:17,2026/5/29 9:17
575,261,20,575,人民英雄纪念碑现场很庄重，站在广场上看会更有尺度感。,,6,0,1,2026/4/23 17:30,2026/4/23 17:30
576,262,44,575,茅盾故居院子不大，文学爱好者会更容易看进去。,,5,0,1,2026/5/29 9:32,2026/5/29 9:32
577,263,100,577,北京烤鸭博物馆挺适合吃烤鸭前后顺路看，主题很接地气。,,2,0,1,2026/1/22 19:36,2026/1/22 19:36
578,264,66,577,古代钱币展览馆适合慢慢看小物件，钱币背后的时代感很强。,,15,0,1,2026/5/22 17:56,2026/5/22 17:56
579,265,120,579,93号院博物馆名字低调，适合把它当成街区里的小惊喜。,,0,0,1,2026/3/10 19:25,2026/3/10 19:25
580,266,60,579,大千画廊美术馆更适合看当前展览，去之前最好查一下展期。,,10,0,1,2026/2/20 19:14,2026/2/20 21:20
581,267,6,581,北京鲁迅博物馆内容扎实，故居和展陈一起看会更完整。,,6,0,1,2026/6/12 22:33,2026/6/12 22:33
582,268,138,581,老牛儿童探索馆更适合亲子，孩子玩得久大人就轻松很多。,,0,0,1,2026/1/19 12:57,2026/1/19 12:57
583,269,148,583,砖塔胡同比热门胡同安静，适合散步时顺着街巷慢慢找。,,0,0,1,2026/6/7 21:21,2026/6/7 21:21
584,270,67,583,民族文化宫博物馆位置好，展览如果对上兴趣会比路过看楼更值。,,6,0,1,2026/4/16 10:33,2026/4/16 10:33
585,271,22,585,北京国际展览中心更偏看展目的地，提前确认展会内容很重要。,,0,0,1,2026/5/10 22:38,2026/5/10 22:38
586,272,110,585,北京地质礼堂有老礼堂气质，看演出前后都适合拍一张外观。,,1,0,1,2026/4/28 17:16,2026/4/28 17:16
587,273,40,587,星夜相声会馆适合晚上去，笑点密不密还是看当天演员。,,7,0,1,2026/6/2 18:34,2026/6/2 18:34
588,274,49,587,国话小剧场距离观众近，适合喜欢沉浸感强一点的戏。,,1,0,1,2026/5/12 7:46,2026/5/12 7:46
589,275,107,589,梅兰芳大剧院观演体验比较正式，票和座位要提前看好。,,7,4,1,2026/5/15 19:40,2026/5/15 19:40
590,276,5,589,旧鼓楼社区公益小剧场很接地气，适合想看小空间演出的人。,,5,0,1,2026/6/3 13:20,2026/6/3 13:20
591,277,60,591,民族文化宫大剧院交通方便，适合和西单附近行程连着安排。,,0,0,1,2026/4/8 21:42,2026/4/8 21:42
592,278,138,591,西区小剧场空间不大，前排后排的观感差别会比较明显。,,3,0,1,2026/2/11 18:19,2026/2/11 18:19
593,279,78,593,中国国家话剧院看剧氛围挺好，建议提前到场别卡点。,,1,0,1,2026/4/16 17:36,2026/4/16 17:36
594,280,174,593,鼓楼西剧场选剧有个性，适合喜欢小剧场的人尝试。,,1,0,1,2026/6/10 12:35,2026/6/10 12:35
595,282,147,595,广茗阁茶楼适合听曲艺，茶点不是重点，氛围才是重点。,,0,0,1,2026/5/13 21:16,2026/5/13 21:30
596,283,43,595,张一元天桥茶馆有老北京茶馆味道，带外地朋友去挺合适。,,1,0,1,2026/3/30 18:26,2026/3/30 18:26
597,284,43,597,三庆园剧场名字很有老戏园感觉，演出场次要提前查。,,6,0,1,2026/3/15 16:20,2026/3/15 16:20
598,285,60,597,广德楼戏园适合听相声看曲艺，位置在前门一带也好安排。,,6,0,1,2026/3/6 13:33,2026/3/7 14:13
599,286,93,599,德云社剧场人气不用说，想去最好提前买票。,,0,0,1,2026/5/8 8:24,2026/5/8 8:24
600,287,169,599,长椿苑是那种附近居民会去的小公园，胜在安静方便。,,6,0,1,2026/2/22 21:37,2026/2/22 21:37
601,288,19,601,西便门城墙遗址公园适合看老城墙痕迹，傍晚散步不错。,,2,0,1,2026/1/26 12:04,2026/1/26 12:04
602,289,79,601,翠芳园不大，适合附近休息，专门打卡就没必要。,,0,0,1,2026/3/29 16:06,2026/3/29 16:06
603,290,28,603,顺成公园适合饭后走一圈，路面平整，老人散步也方便。,,3,0,1,2026/4/8 12:58,2026/4/8 12:58
604,291,121,603,白云公园比想象中清爽，树多的时候很适合夏天躲一会儿。,,4,0,1,2026/3/14 12:53,2026/3/14 12:53
605,292,95,605,北京古代建筑博物馆很值得看，太岁殿和建筑构件都很有细节。,,0,0,1,2026/6/7 14:00,2026/6/7 14:00
606,293,49,605,钓鱼台银杏大道季节性很强，秋天去和其他时候完全不是一个体验。,,2,0,1,2026/6/10 20:33,2026/6/10 20:33
607,294,30,607,国家京剧院适合认真看一场戏，提前了解剧目会更容易入戏。,,2,0,1,2026/4/1 18:00,2026/4/1 18:00
608,295,65,607,北京关岳庙很安静，适合顺路看老庙和碑刻。,,0,0,1,2026/3/11 21:37,2026/3/11 21:37
609,296,103,609,会城门公园有点城市边角绿地的感觉，散步比拍照更合适。,,2,0,1,2026/4/16 22:00,2026/4/16 22:00
610,297,36,609,德胜公园和德胜门一带可以连着逛，老城北侧味道很明显。,,1,0,1,2026/2/1 12:08,2026/2/1 12:08
611,298,140,611,杨梅竹斜街比商业步行街松弛，咖啡小店和老门脸混在一起挺舒服。,,2,0,1,2026/5/6 22:19,2026/5/6 22:19
612,299,124,611,万寿西宫公园适合周边居民休息，游客顺路进去坐坐就好。,,0,0,1,2025/12/23 19:35,2025/12/23 19:35
613,300,56,613,广福观地方不大，喜欢道观和老街巷的人会更容易喜欢。,,1,0,1,2026/5/7 14:24,2026/5/7 14:24
614,301,86,613,万松老人塔在街区里很有存在感，路过时很容易被吸引。,,3,0,1,2026/3/21 21:54,2026/3/21 21:54
615,302,9,615,北京展览馆建筑很有年代感，看展之外也适合拍外观。,,15,0,1,2026/5/16 13:22,2026/5/16 13:57
616,303,39,615,官园公园适合附近人遛弯，面积不大但很实用。,,3,0,1,2026/3/4 22:55,2026/3/4 22:55
617,304,16,617,玫瑰园花期去会更好，不在花期就当普通小公园逛。,,3,0,1,2026/4/19 23:36,2026/4/19 23:36
618,306,150,617,丰宣公园安静实用，适合附近居民散步和带孩子玩。,,1,0,1,2026/5/26 12:07,2026/5/26 12:07
619,307,7,619,万寿公园绿化不错，夏天找树荫坐一会儿很舒服。,,2,0,1,2026/3/4 7:45,2026/3/5 17:17
620,308,146,619,南礼士路公园位置方便，附近上班的人中午也会来走走。,,1,0,1,2026/6/8 14:16,2026/6/8 15:15
621,309,33,621,北滨河公园沿河走很舒服，适合不想进大景区的时候去。,,2,0,1,2026/3/22 16:44,2026/3/22 16:44
622,310,13,621,顺城公园适合慢跑和散步，路边树荫比想象中多。,,1,0,1,2026/2/19 20:31,2026/2/19 20:31
623,311,65,623,通信电信博物馆题材很有年代感，老电话老设备看着挺亲切。,,1,0,1,2026/6/6 7:59,2026/6/6 7:59
624,312,47,623,百年世界老电话博物馆适合怀旧，很多展品会让人想起小时候。,,0,0,1,2026/3/24 17:27,2026/3/24 17:27
625,313,48,625,北京戏曲博物馆很适合了解老戏楼和戏曲文化，建筑本身也好看。,,6,0,1,2026/5/24 18:19,2026/5/24 18:19
626,314,82,625,慈悲庵不算热闹，适合安静看一眼老寺院。,,8,0,1,2026/5/23 8:26,2026/5/23 8:26
627,315,49,627,中国佛教图书文物馆很小众，文物和书籍展陈适合慢慢看。,,3,0,1,2026/1/17 5:46,2026/1/17 8:08
628,316,117,627,红楼文化艺术博物馆适合红楼梦爱好者，普通游客最好先了解一点背景。,,3,0,1,2026/5/11 9:02,2026/5/11 9:03
629,317,95,629,郭守敬纪念馆在什刹海附近，科学史和水系故事结合得挺有意思。,,4,0,1,2026/2/27 21:13,2026/2/27 21:13
630,318,157,629,中国民族博物馆适合慢慢看服饰和器物，不适合赶时间扫一遍。,,0,0,1,2026/5/6 20:30,2026/5/6 20:30
631,319,101,631,空竹博物馆主题很北京，能看到不少老玩意儿。,,3,0,1,2026/3/19 0:40,2026/3/19 0:40
632,320,80,631,郭沫若纪念馆院子安静，适合和什刹海周边一起安排。,,3,0,1,2026/5/3 19:04,2026/5/3 19:30
633,321,23,633,中国消防博物馆适合带孩子去，消防知识比想象中容易看进去。,,2,0,1,2026/5/15 21:58,2026/5/15 22:14
634,322,170,633,中国古动物馆适合喜欢恐龙和化石的人，孩子会很兴奋。,,2,0,1,2026/4/9 20:44,2026/4/9 20:44
635,323,179,635,厂甸庙会年味很足，摊位和人流本身就是体验。,,1,0,1,2026/4/30 19:58,2026/4/30 19:58
636,324,26,635,大观园红楼庙会适合春节期间去，园子和民俗活动能一起看。,,1,0,1,2026/4/6 12:12,2026/4/6 12:12
637,325,120,637,报国寺一带有旧书和古玩气息，喜欢淘东西的人会更感兴趣。,,1,0,1,2026/3/12 21:23,2026/3/12 21:23
638,327,122,637,醇亲王府适合看老王府格局，开放情况最好提前确认。,,0,0,1,2026/4/9 19:24,2026/4/9 19:24
639,328,45,639,鸦儿胡同很有老北京生活味，走慢一点比拍照打卡更好。,,1,0,1,2026/4/1 18:04,2026/4/1 18:04
640,329,65,639,陕西巷适合看老街巷肌理，白天去比晚上更容易看清细节。,,8,0,1,2026/4/5 17:43,2026/4/5 17:43
641,330,11,641,校场口胡同没有那么商业，适合想避开人流的散步。,,1,0,1,2026/2/10 5:13,2026/2/10 5:13
642,331,3,641,鲁迅故居很值得去，院子不大但文字和生活痕迹都在。,,1,0,1,2026/4/9 18:31,2026/4/9 18:31
643,332,138,643,北京市少年宫更偏活动场所，带孩子参加课程会比单纯参观更合适。,,13,0,1,2026/3/28 15:31,2026/3/28 15:31
644,333,113,643,广化寺在什刹海附近闹中取静，进去后节奏会慢下来。,,2,0,1,2026/3/26 18:40,2026/3/26 18:40
645,334,179,645,护国寺周边吃的也多，看完寺再去吃小吃很顺路。,,2,0,1,2026/5/9 20:33,2026/5/9 20:33
646,335,66,645,辅仁大学旧址建筑很漂亮，适合喜欢校园和近代建筑的人。,,1,0,1,2026/2/9 19:09,2026/2/9 19:09
647,336,39,647,西直门天主堂外观很醒目，路过西直门附近可以顺手看看。,,4,0,1,2026/4/11 19:38,2026/4/11 19:38
648,337,175,647,大栅栏商业街区很适合第一次来北京的人，老字号密度很高。,,2,0,1,2026/5/24 12:21,2026/5/24 12:21
649,338,150,649,文津街树荫和老建筑都很舒服，适合从北海附近慢慢走过去。,,5,0,1,2026/3/25 14:00,2026/3/25 14:06
650,339,172,649,古代钱币博物馆适合仔细看展柜，很多小钱币背后都有故事。,,1,0,1,2026/5/29 14:22,2026/5/29 14:22
651,340,24,651,牛街礼拜寺很有历史感，周边小吃也能一起安排。,,7,0,1,2026/2/19 18:01,2026/2/19 18:01
652,341,94,651,白云观香火气很足，院落层层往里走比门口看着大。,,1,0,1,2026/6/6 12:27,2026/6/6 12:27
653,342,164,653,三圣庵很安静，适合顺路看一眼老寺院的格局。,,3,0,1,2026/5/14 13:02,2026/5/16 18:25
654,343,157,653,徐悲鸿纪念馆很适合看原作和生平资料，院子也不吵。,,11,0,1,2026/5/30 17:06,2026/5/30 17:06
655,344,140,655,清真女寺这种建筑不常见，参观时注意保持安静和尊重。,,1,0,1,2026/2/19 19:48,2026/2/19 19:48
656,345,48,655,德胜门箭楼很有老城门气势，站在路口看尤其明显。,,7,0,1,2026/5/7 12:37,2026/5/7 12:37
657,346,176,657,什刹海适合傍晚慢慢走，水边热闹但不至于太压迫。,,1,0,1,2026/6/10 11:54,2026/6/10 11:54
658,347,114,657,九门小吃更像一次集中尝鲜，别按精致餐厅期待就好。,,0,0,1,2026/6/2 15:24,2026/6/2 15:24
659,348,145,659,中国古代建筑博物馆的藻井很值得看，建筑细节比展板更抓人。,,0,0,1,2026/2/28 13:40,2026/2/28 13:40
660,349,173,659,古陶文明博物馆比较小众，喜欢器物和纹样的人会更容易看进去。,,0,0,1,2026/1/23 9:16,2026/1/23 9:16
661,350,138,661,中国钱币博物馆适合慢慢看年代变化，展柜里的小物件很耐看。,,0,0,1,2026/5/26 22:21,2026/5/26 22:29
662,351,50,661,银锭桥很适合在什刹海散步时停一停，傍晚人多但景色确实漂亮。,,2,0,1,2026/5/1 6:18,2026/5/1 6:18
663,352,176,663,仪亲王府适合喜欢王府建筑的人，外观和街巷一起看更有味道。,,1,0,1,2026/2/19 11:43,2026/2/19 11:52
664,353,65,663,洵贝勒府不算大众景点，顺路看老建筑会比专程去更合适。,,1,0,1,2026/2/16 8:28,2026/2/16 8:35
665,354,164,665,西单商业街吃喝买东西都方便，节假日人流会比较密。,,15,0,1,2026/5/2 22:09,2026/5/2 22:09
666,355,24,665,民国国会议场很适合近代史爱好者，普通游客可能会觉得偏冷门。,,2,0,1,2026/5/15 18:55,2026/5/16 4:20
667,356,140,667,民族文化宫建筑很醒目，看展和拍外观都可以顺手安排。,,0,0,1,2026/2/8 19:21,2026/2/8 19:21
668,357,24,667,梅兰芳纪念馆院子安静，展品能把京剧大师的生活拉近。,,1,0,1,2026/3/28 6:50,2026/3/28 16:14
669,358,9,669,吕祖宫地方不大，适合在胡同散步时顺路停一下。,,3,0,1,2026/5/26 11:54,2026/5/26 12:01
670,359,176,669,李大钊故居很朴素，适合认真读文字资料而不是匆匆拍照。,,2,0,1,2026/4/22 8:34,2026/4/22 16:45
671,360,124,671,金融街更像城市商务区，晚上灯光和街道秩序感挺明显。,,3,0,1,2026/3/3 19:55,2026/3/3 19:55
672,361,62,671,会贤堂旧址适合和周边老建筑一起看，单独停留时间不用太长。,,2,0,1,2026/5/9 10:51,2026/5/9 10:51
673,362,108,673,龚自珍故居很适合文学和历史爱好者，院落气质比较安静。,,1,0,1,2026/5/25 14:39,2026/5/25 14:39
674,363,16,673,定亲王府外观看着很沉稳，适合作为胡同步行里的一站。,,1,0,1,2026/1/6 11:55,2026/1/6 11:55
675,364,49,675,北京图书大厦选书很方便，逛累了还能在附近找地方坐坐。,,0,0,1,2026/5/7 14:30,2026/5/7 14:30
676,365,95,675,团城不大但位置好，和北海一起逛会更自然。,,3,0,1,2026/4/4 14:29,2026/4/4 14:29
677,366,7,677,白塔寺周边街巷很有生活气，塔身在胡同里看特别醒目。,,1,0,1,2026/1/31 19:37,2026/1/31 19:37
678,367,35,677,湖南会馆旧址有会馆建筑的厚重感，适合带着历史背景看。,,1,0,1,2026/6/1 18:48,2026/6/1 18:49
679,368,16,679,湖广会馆戏楼气质很足，看建筑和听戏都能成立。,,1,0,1,2026/4/24 13:56,2026/4/24 13:56
680,369,75,679,虹光阁更适合作为顺路文化点，别按大展馆预期去。,,0,0,1,2026/4/6 8:46,2026/4/6 8:46
681,370,18,681,观音院过街楼很有老城细节感，走到近处看更有意思。,,0,0,1,2026/6/1 12:55,2026/6/1 12:55
682,371,40,681,安徽会馆旧址适合看会馆建筑和街区关系，安静时更有味道。,,0,0,1,2026/5/15 12:54,2026/5/15 12:54
683,372,35,683,中国书店很适合慢慢翻旧书，时间会不知不觉过去。,,1,0,1,2026/4/25 2:47,2026/4/25 2:47
684,373,172,683,荣宝斋适合看字画和文房气息，哪怕不买也值得逛。,,0,0,1,2026/2/8 18:39,2026/2/8 18:39
685,374,11,685,钱市胡同很窄很特别，走进去能感觉到老商业街巷的尺度。,,2,0,1,2026/5/20 19:42,2026/5/20 19:42
686,375,140,685,南海会馆旧址适合和琉璃厂一带连着看，历史感更完整。,,0,0,1,2026/2/20 15:48,2026/2/20 15:48
687,377,57,687,国家大剧院外观和水面很出片，晚上灯光亮起后更好看。,,2,0,1,2026/3/18 20:25,2026/3/18 20:25
688,378,2,687,人定湖公园很适合附近散步，水边和树荫让人放松。,,5,0,1,2026/6/8 11:58,2026/6/8 11:58
689,379,39,689,庄亲王府适合顺路看老府邸痕迹，开放信息最好提前查。,,6,0,1,2026/3/15 18:44,2026/3/15 18:44
690,380,98,689,琉璃厂适合喜欢书画和老字号的人，街上慢慢逛最舒服。,,3,0,1,2026/5/19 21:31,2026/5/19 21:35
691,381,45,691,植物园展览温室适合冬天去看绿意，热带植物区很出片。,,17,0,1,2026/3/24 22:05,2026/3/24 23:15
692,382,73,691,明慧茶院适合安静喝茶，别赶时间去才会舒服。,,3,0,1,2026/5/14 18:11,2026/5/14 18:11
693,383,40,693,中央广播电视塔适合看城市视野，晴天去体验会好很多。,,1,0,1,2026/4/8 21:10,2026/4/8 21:10
694,384,163,693,清华大学艺术博物馆展览质量不错，校园行程里值得专门留时间。,,1,0,1,2026/6/9 16:13,2026/6/9 17:10
695,385,7,695,宽和相声茶园适合晚上放松，现场气氛比线上看更热。,,2,0,1,2026/5/19 12:54,2026/5/19 12:54
696,386,69,695,中国数字图书馆更偏功能型场所，适合需要查资料的人。,,2,0,1,2026/5/26 11:59,2026/5/26 11:59
697,387,140,697,王老吉凉茶博物馆主题挺轻松，适合顺路了解品牌和凉茶文化。,,6,0,1,2026/3/13 19:09,2026/3/13 19:09
698,388,28,697,海淀展览馆主要看当期展会，去之前查主题很必要。,,0,4,1,2026/6/12 21:13,2026/6/12 21:13
699,389,49,699,枫蓝国际小剧场位置方便，适合看轻松一点的小型演出。,,1,0,1,2026/5/31 22:10,2026/5/31 22:10
700,390,147,699,袖珍人皮影剧团适合亲子和传统艺术体验，孩子会比较容易看进去。,,0,0,1,2026/5/13 18:58,2026/5/13 18:58
701,391,69,701,海淀区文化小剧场不算大，近距离看演出是它的优点。,,2,0,1,2026/5/29 21:16,2026/5/29 21:19
702,392,39,701,开心麻花剧场适合朋友一起去，喜剧现场的反应会带动气氛。,,0,0,1,2026/3/15 7:33,2026/3/15 7:33
703,393,55,703,温泉村果品采摘园适合应季去，果子成熟度比环境更重要。,,0,0,1,2026/5/31 19:08,2026/5/31 19:08
704,394,48,703,白家疃采摘园适合周末短途，最好提前问清还能摘什么。,,2,0,1,2026/5/21 21:51,2026/5/21 21:51
705,395,95,705,科烨隆农业观光度假村适合家庭出行，活动多一点会更值。,,0,0,1,2026/2/8 10:43,2026/2/8 10:43
706,396,140,705,西山凤凰岭果树种植园适合顺着山边玩，交通时间要留足。,,0,0,1,2026/5/5 18:12,2026/5/5 18:12
707,397,57,707,御香观光采摘园更适合带孩子体验，别只为了拍照去。,,3,1,1,2026/5/7 8:29,2026/5/7 8:29
708,398,49,707,香山绿色果品采摘园如果赶上成熟季，体验会好很多。,,1,0,1,2026/1/22 13:44,2026/1/22 13:47
709,399,181,709,京香绿谷采摘园适合郊区半日游，路上时间也要算进去。,,2,0,1,2026/3/28 18:22,2026/3/28 18:22
710,400,48,709,上庄翠湖农业观光园空气感不错，适合不想进城里景点的时候去。,,0,0,1,2026/3/28 20:29,2026/3/28 20:37
711,401,140,711,玉泉观光采摘园季节对了会很开心，去之前最好电话确认。,,1,0,1,2026/4/18 19:01,2026/4/18 19:01
712,402,63,711,四季青果林所观光园适合亲子采摘，鞋子穿舒服点更好。,,0,0,1,2026/3/25 13:07,2026/3/25 13:07
713,403,76,713,都市农夫樱桃采摘园名字很直白，樱桃季去才有意义。,,10,0,1,2026/3/21 20:14,2026/3/21 20:14
714,404,76,713,周家巷樱桃采摘园适合周边居民短途去，别错过采摘窗口期。,,0,0,1,2026/5/17 19:20,2026/5/17 19:20
715,405,125,715,管家岭村采摘园更像乡村周末活动，带水和防晒会舒服些。,,3,0,1,2026/5/29 15:37,2026/5/29 15:45
716,406,65,715,台头村采摘园适合一家人慢慢玩，成熟品种要提前问。,,1,0,1,2026/5/15 13:45,2026/5/15 14:01
717,407,158,717,梁家园村采摘园不适合赶场，慢慢摘慢慢吃更像周末。,,9,0,1,2026/4/9 19:27,2026/4/9 19:27
718,408,60,717,狂飙乐园樱桃采摘园适合樱桃季，名字比地方本身更热闹。,,3,0,1,2026/3/4 19:43,2026/3/4 19:43
719,409,98,719,宫岭艺苑种植园适合想离城市远一点的人，行程别安排太满。,,8,0,1,2026/4/2 21:14,2026/4/2 21:14
720,410,43,719,京艳庆丰果树种植场主要看当季果品，普通工作日去会更清净。,,0,0,1,2026/5/13 22:54,2026/5/13 22:54
721,411,147,721,庄户人家种植园胜在朴素，适合想体验采摘而不是逛景区的人。,,5,0,1,2025/12/27 19:12,2025/12/27 19:12
722,412,50,721,丰盛浩林采摘园适合周末出城，最好避开正午最晒的时候。,,0,0,1,2026/1/16 15:43,2026/1/16 15:43
723,413,95,723,八家地郊野公园比较适合骑行和散步，游客感不重。,,10,0,1,2026/5/30 4:52,2026/5/30 4:52
724,414,8,723,长春健身园就是附近居民运动的地方，设施实用但不花哨。,,1,0,1,2026/2/6 18:45,2026/2/6 18:45
725,415,114,725,铁道兵纪念馆适合了解一段不太常被提起的建设历史。,,0,0,1,2026/5/25 19:01,2026/5/25 19:01
726,416,97,725,中鸿绿洲采摘园适合短途亲子，成熟季之外体验会打折。,,3,0,1,2026/4/2 10:02,2026/4/2 10:02
727,417,99,727,树村郊野公园很适合散步和骑车，周边生活气比较明显。,,1,0,1,2026/4/22 22:57,2026/4/22 22:57
728,418,37,727,曙光防灾教育公园适合带孩子学点安全知识，互动性比普通公园强。,,1,0,1,2026/5/14 15:48,2026/5/14 15:51
729,419,120,729,上地公园适合附近上班族午休散步，面积不大但很方便。,,0,0,1,2026/1/11 17:07,2026/1/11 17:28
730,420,89,729,平庄郊野公园人少时很舒服，适合不想挤热门公园的人。,,0,0,1,2026/6/3 18:01,2026/6/3 18:06
731,421,83,731,鸣鹤园安静小巧，适合附近居民遛弯。,,0,0,1,2026/3/15 21:20,2026/3/15 22:00
732,422,61,731,酷酷兔少儿拓展天地适合小朋友消耗体力，大人主要负责陪着。,,5,0,1,2026/5/4 12:11,2026/5/4 12:11
733,423,14,733,金源娱乐园更适合带孩子顺路玩，商场附近吃饭也方便。,,3,0,1,2026/5/2 13:50,2026/5/2 13:50
734,424,126,733,黑塔公园适合看塔和散步，晴天拍起来更清楚。,,1,0,1,2026/5/8 19:14,2026/5/8 19:14
735,425,124,735,高里掌文化休闲园人少时很放松，适合周边短途走走。,,6,0,1,2026/3/8 10:02,2026/3/8 10:02
736,426,105,735,丹青圃公园名字好听，实际更像安静的社区绿地。,,0,0,1,2026/5/14 12:52,2026/5/14 15:20
737,427,3,737,稻香湖公园水面开阔，傍晚散步比中午舒服。,,1,0,1,2026/6/2 8:57,2026/6/2 8:57
738,428,73,737,翠湖湿地公园适合观鸟和慢走，季节不同景色差别很大。,,2,0,1,2026/3/16 21:21,2026/3/16 21:27
739,429,37,739,稻香湖景温泉会馆适合放松半天，温泉体验比景色更重要。,,0,0,1,2026/4/21 12:59,2026/4/21 12:59
740,430,84,739,御丰观光采摘园适合家庭去，提前问清品种能省很多事。,,0,0,1,2026/4/6 23:07,2026/4/6 23:07
741,431,152,741,金辉滑雪场适合冬天体验，初学者最好留足适应时间。,,1,0,1,2026/5/31 16:08,2026/5/31 16:08
742,432,61,741,双塔农业采摘园适合应季短途，别把行程排得太紧。,,2,0,1,2026/5/2 19:18,2026/5/2 19:27
743,433,50,743,中关村图书大厦适合买书和找资料，理工类书会更集中。,,1,0,1,2026/3/29 12:06,2026/3/29 12:06
744,434,72,743,海淀区图书馆环境比较安静，适合看书自习。,,2,0,1,2026/5/24 8:23,2026/5/24 8:23
745,435,40,745,海淀图书城有老牌书城气质，逛起来比线上买书更有发现感。,,16,0,1,2026/5/24 9:10,2026/5/24 9:10
746,436,76,745,国家图书馆很适合安静待半天，建筑和阅读氛围都很稳。,,3,0,1,2026/6/2 18:30,2026/6/2 18:30
747,437,134,747,艺海博通高尔夫练习场适合练手，初学者去也不会太有压力。,,2,0,1,2026/4/1 14:30,2026/4/1 18:09
748,438,67,747,颐泉高尔夫练习场更适合附近人日常练习，别按景点预期去。,,0,0,1,2026/4/3 21:35,2026/4/3 21:35
749,439,46,749,海鹏高尔夫练习场适合短时间运动放松，场地体验看当天人流。,,2,0,1,2026/5/7 21:18,2026/5/7 21:18
750,440,19,749,直隶会馆适合看会馆建筑和地方文化，顺路参观比较合适。,,0,0,1,2026/5/15 13:53,2026/5/15 13:53
751,441,152,751,七叶香山更像安静度假的地方，适合想离市区近一点放松的人。,,0,0,1,2026/6/1 18:15,2026/6/1 19:26
752,442,110,751,三元农业科技园适合带孩子认识农业设施，别按传统景区期待。,,0,0,1,2026/3/29 12:48,2026/3/29 12:48
753,443,141,753,王致和腐乳科普馆题材很生活化，闻到味道反而觉得真实。,,5,0,1,2026/6/10 16:17,2026/6/10 16:17
754,444,60,753,中关村展示中心适合理解科技园区发展，展陈比外观看着更有信息量。,,0,0,1,2026/6/11 23:48,2026/6/11 23:48
755,445,132,755,辛亥滦州革命先烈纪念园比较肃静，适合认真看文字资料。,,1,0,1,2026/5/10 17:17,2026/5/10 17:17
756,446,75,755,佟麟阁将军纪念馆不大，但看完会对那段历史多一点感受。,,0,2,1,2026/2/14 8:33,2026/2/14 8:33
757,447,18,757,温泉村樱桃采摘园要赶季节，果子成熟时体验才完整。,,0,0,1,2026/6/10 8:01,2026/6/10 8:01
758,448,49,757,徐各庄民俗旅游村适合周末短途，村里节奏比城里慢。,,2,0,1,2026/6/11 18:18,2026/6/11 18:18
759,449,60,759,七王坟民俗旅游村比较适合自驾，想看乡村感就别赶时间。,,3,0,1,2026/6/3 17:53,2026/6/3 17:53
760,450,18,759,乐视体育生态中心看演出或比赛更有意义，周边吃饭也方便。,,0,0,1,2026/4/29 13:32,2026/4/29 13:32
761,451,64,761,中国地质大学博物馆适合喜欢矿物和化石的人，展柜能看很久。,,3,0,1,2026/4/9 3:14,2026/4/9 7:18
762,452,11,761,海淀公共安全馆适合亲子科普，互动内容比单纯看展更好懂。,,1,0,1,2026/4/25 8:03,2026/4/25 8:03
763,453,176,763,中国印钞造币博物馆题材很特别，纸币和印制工艺都挺耐看。,,2,0,1,2026/4/26 12:15,2026/4/26 12:15
764,454,76,763,北京航空馆适合航空迷，飞机模型和实物展品都很抓人。,,1,0,1,2026/5/9 19:22,2026/5/9 19:22
765,455,49,765,军事博物馆展品很丰富，第一次去最好只挑几个展厅慢慢看。,,2,0,1,2026/6/2 21:49,2026/6/2 21:49
766,456,19,765,北京药用植物园适合认识草药植物，春夏去会比冬天有看头。,,8,0,1,2026/5/22 13:10,2026/5/22 13:10
767,457,21,767,静明园遗存更适合懂一点三山五园历史的人看，现场比较安静。,,2,0,1,2026/4/18 21:17,2026/4/18 21:25
768,458,140,767,畅春园现在更多是历史地名和遗存感，适合顺着海淀老园林线索找。,,1,0,1,2026/6/10 22:31,2026/6/10 22:39
769,459,21,769,紫云台香草园花期去会很出片，平时就更适合散步放松。,,1,0,1,2026/3/17 20:39,2026/3/17 20:39
770,460,149,769,中央民族大学民族博物馆适合看服饰和器物，校园里顺路也方便。,,2,0,1,2026/1/29 7:57,2026/1/29 7:57
771,461,175,771,北大地质博物馆小而专，矿石和标本爱好者会觉得很值。,,2,0,1,2026/5/17 20:14,2026/5/17 20:14
772,462,132,771,赛克勒考古与艺术博物馆安静扎实，适合慢慢看陶器和考古展品。,,0,0,1,2026/4/9 3:43,2026/4/9 3:43
773,463,36,773,中关村创业大街更像城市创新街区，咖啡店和办公氛围很明显。,,0,0,1,2026/6/2 16:13,2026/6/2 16:13
774,464,171,773,北京石刻艺术博物馆在五塔寺里，石刻和古塔一起看很有味道。,,0,0,1,2026/5/5 8:24,2026/5/5 8:24
775,465,56,775,海淀博物馆适合了解区域历史，展馆不大但内容挺集中。,,6,0,1,2026/5/4 15:13,2026/5/4 15:13
776,466,142,775,昌华森林公园适合就近散步，树多的时候比街边舒服。,,6,1,1,2026/5/18 16:50,2026/5/18 19:11
777,467,28,777,五棵松冰世界适合想体验冰上项目的人，第一次去记得穿厚一点。,,0,0,1,2026/3/21 13:38,2026/3/21 13:38
778,468,65,777,东升八家郊野公园适合骑车和跑步，人少的时候很自在。,,2,0,1,2026/4/14 22:25,2026/4/14 22:25
779,469,49,779,黑龙潭龙王庙更适合看地方信俗和老庙氛围，别按大景点走马观花。,,4,0,1,2026/2/22 16:51,2026/2/22 16:51
780,470,98,779,白家疃怡贤王祠比较冷门，适合对村落古迹有兴趣的人。,,0,1,1,2026/3/11 22:00,2026/3/11 22:00
781,471,161,781,太舟坞都市菜园适合亲子体验，能动手采摘会比单看更有意思。,,6,0,1,2026/3/25 20:01,2026/3/25 20:01
782,472,165,781,东埠头休闲园更像附近人的日常公园，散步休息都方便。,,2,0,1,2026/6/11 23:01,2026/6/11 23:01
783,473,28,783,北京温泉公园名字朴素，适合周边居民遛弯和慢跑。,,0,0,1,2026/4/24 22:20,2026/4/25 4:23
784,474,99,783,碧水风荷公园夏天看水面和荷叶会更舒服，平时人不算多。,,0,0,1,2026/4/20 3:55,2026/4/20 3:55
785,475,60,785,清河燕清体育文化公园适合运动，路面和场地比风景更重要。,,1,0,1,2026/3/31 15:38,2026/3/31 15:38
786,476,42,785,皇家御河游适合想从水上看北京的人，天气好时体验会加分。,,0,0,1,2026/5/5 17:27,2026/5/5 17:27
787,477,129,787,卡雷拉赛车适合朋友一起玩，速度感比拍照更有意思。,,0,0,1,2026/6/2 3:23,2026/6/2 3:23
788,478,145,787,中国科技农业展示园适合科普型参观，孩子能看到不少农业新技术。,,1,0,1,2026/6/11 11:56,2026/6/11 11:56
789,479,169,789,米蒂跳儿童主题乐园适合低龄孩子放电，大人主要看护和休息。,,0,0,1,2026/2/15 22:31,2026/2/15 23:01
790,480,92,789,奇域梦相4D艺术馆更适合拍照玩效果，和朋友去会热闹些。,,5,1,1,2026/4/30 10:00,2026/4/30 10:56
791,481,14,791,上庄动漫水上乐园适合夏天带孩子去，防晒和换洗衣服要带够。,,0,0,1,2026/3/12 19:20,2026/3/12 19:20
792,482,107,791,国家典籍博物馆就在国图体系里，展览安静又有书卷气。,,0,0,1,2026/3/10 21:45,2026/3/10 22:55
793,483,146,793,翠湖国家城市湿地公园适合观鸟和看水面，别赶在太晒的时候去。,,0,3,1,2026/4/1 10:23,2026/4/1 10:23
794,484,93,793,上地樱桃观光园要卡樱桃成熟期，去早去晚都会差点意思。,,0,0,1,2026/3/28 20:34,2026/3/28 20:36
795,485,160,795,双新观光采摘园适合周末短途，最好提前确认当天还能采什么。,,0,0,1,2026/4/17 12:20,2026/4/17 12:20
796,487,168,795,海淀温泉村采摘园偏休闲体验，带孩子去会比成年人单独去更有趣。,,5,0,1,2026/4/28 20:56,2026/4/28 20:56
797,488,82,797,阳光星期八公园适合附近居民放松，名字比公园本身更俏皮。,,1,0,1,2026/3/22 13:44,2026/3/22 13:44
798,489,135,797,玲珑公园小巧清爽，湖边走一圈很适合午后散心。,,3,0,1,2026/5/12 22:49,2026/5/12 22:49
799,490,17,799,马甸公园适合附近人运动和遛弯，不用专门安排太久。,,2,0,1,2026/5/11 20:30,2026/5/11 21:11
800,491,157,799,百旺公园空间比较开阔，适合慢跑和周末散步。,,3,0,1,2026/4/3 18:49,2026/4/3 18:49
801,492,6,801,双秀公园有日式园林味道，面积不大但很适合拍小景。,,3,0,1,2026/4/1 4:43,2026/4/1 4:43
802,493,29,801,香山双清别墅适合带着近代史背景去看，秋天顺路更好。,,1,0,1,2026/5/25 11:40,2026/5/25 11:40
803,494,37,803,三山五园文化艺术中心适合了解海淀园林脉络，展览比名字亲切。,,0,0,1,2026/5/20 8:34,2026/5/20 8:34
804,495,114,803,纳兰性德史迹陈列馆适合文学爱好者，地方小但气质很安静。,,0,0,1,2026/5/30 16:42,2026/5/30 16:42
805,496,170,805,中国蜜蜂博物馆很适合亲子科普，蜂类知识比想象中有趣。,,4,0,1,2026/4/12 23:42,2026/4/12 23:42
806,497,8,805,中国国家画院美术馆适合看当期展览，展厅氛围比较安静。,,3,0,1,2026/4/10 11:10,2026/4/10 13:54
807,498,99,807,北大赛克勒博物馆展品不喧闹，适合认真看考古和艺术。,,1,0,1,2026/3/13 18:42,2026/3/13 18:42
808,499,145,807,中国电信博物馆很有时代感，老电话和通信设备会勾起回忆。,,10,0,1,2026/4/16 21:51,2026/4/16 21:51
809,500,72,809,北航博物馆适合航空爱好者，真机和模型都比照片更震撼。,,5,0,1,2026/2/14 22:21,2026/2/15 6:48
810,501,138,809,中国革命军事博物馆展厅很多，带孩子去也能看得很投入。,,3,0,1,2026/1/31 17:35,2026/1/31 22:38
811,502,28,811,北京艺术博物馆在万寿寺里，建筑和展览一起看更舒服。,,1,0,1,2026/5/25 7:45,2026/5/25 7:45
812,503,11,811,中国化工博物馆题材冷门但不枯燥，适合对工业史感兴趣的人。,,3,0,1,2026/1/18 12:55,2026/1/18 12:55
813,504,93,813,凤凰岭龙泉寺庙会如果赶上活动会热闹很多，平时更适合清静走走。,,0,0,1,2026/5/1 19:50,2026/5/1 19:50
814,505,98,813,圆明园庙会年味和园林空间结合得不错，节日期间人会很多。,,6,0,1,2026/4/20 0:28,2026/4/20 0:28
815,506,16,815,曹雪芹纪念馆适合红楼梦读者，植物和院落也有一点清幽感。,,1,0,1,2026/3/2 9:16,2026/3/2 9:16
816,507,62,815,钓鱼台国宾馆更多是远观和周边感受，环境确实很安静。,,1,0,1,2026/3/16 20:28,2026/3/16 20:28
817,508,13,817,大钟寺古钟博物馆很有特色，永乐大钟和钟铃展品都值得看。,,1,0,1,2026/2/22 10:59,2026/2/22 10:59
818,509,156,817,海淀公园适合骑车和遛弯，空间大但不压人。,,9,0,1,2026/5/22 19:03,2026/5/22 19:03
819,510,65,819,首都体育馆看演出或比赛更有感觉，交通也算方便。,,4,0,1,2026/4/20 17:37,2026/4/20 17:37
820,511,122,819,北京电影旅游城适合对影视布景感兴趣的人，拍照会比较有意思。,,1,0,1,2026/4/26 20:41,2026/4/26 20:41
821,512,60,821,碧云寺在香山附近，古树和寺院气质都很安静。,,0,0,1,2026/5/24 16:59,2026/5/24 16:59
822,513,49,821,真觉寺五塔寺的塔非常特别，适合和石刻艺术博物馆一起看。,,2,0,1,2026/3/10 15:37,2026/3/10 15:37
823,515,151,823,龙徽葡萄酒博物馆适合了解老酒厂故事，建筑和酒窖都挺有味道。,,0,0,1,2026/5/6 15:40,2026/5/6 15:40
824,516,44,823,上庄水库视野开阔，傍晚风大一点但看水面很舒服。,,2,0,1,2026/1/17 16:08,2026/1/17 16:08
825,517,178,825,万寿寺现在看展和看寺院都可以，院落比想象中清净。,,0,0,1,2026/5/14 19:53,2026/5/14 19:53
826,518,108,825,李大钊烈士陵园适合安静参观，纪念氛围很庄重。,,0,0,1,2026/6/7 8:32,2026/6/7 8:32
827,519,35,827,中华世纪坛适合看展和拍建筑，广场空间感很强。,,3,4,1,2026/3/27 12:46,2026/3/27 12:46
828,520,2,827,万事达中心看演唱会体验更完整，散场交通要提前想好。,,2,0,1,2026/3/8 18:44,2026/3/8 18:44
829,521,39,829,清华园更适合慢慢骑车逛，校园太大别只靠步行硬走。,,1,0,1,2026/5/24 20:01,2026/5/24 20:01
830,522,39,829,五棵松棒球场适合看比赛或运动活动，平时路过感受有限。,,1,0,1,2026/3/14 12:50,2026/3/14 12:50
831,523,60,831,长城铁花景区更适合夜间活动，灯光和表演会决定体验。,,0,2,1,2026/6/7 10:31,2026/6/7 10:31
832,524,40,831,百里山水画廊乌龙峡谷适合自驾，山水路段比单个点更精彩。,,30,0,1,2026/2/2 18:43,2026/2/7 4:25
833,525,155,833,上奶山听起来偏野趣，出发前最好确认道路和天气。,,0,0,1,2026/5/3 22:38,2026/5/3 22:38
834,526,15,833,神奇野山峡更适合喜欢自然景观的人，穿舒服的鞋很重要。,,5,0,1,2026/6/11 21:47,2026/6/11 21:47
835,527,58,835,永宁古城适合慢慢逛城墙和街巷，别只停在主街。,,4,0,1,2026/5/10 8:44,2026/5/10 8:44
836,528,176,835,原乡美利坚小镇适合拍照和短住，风格化很明显。,,1,0,1,2026/4/20 8:27,2026/4/20 8:27
837,529,115,837,四季花海要看花期，赶上盛花时才真正值得跑一趟。,,1,0,1,2026/5/13 8:41,2026/5/13 9:21
838,530,177,837,西沟里自然风景区适合安静徒步，补给和返程时间要提前算。,,2,0,1,2026/6/2 13:08,2026/6/2 13:08
839,531,3,839,大古城沙漠奇景在北京算少见，天气好时拍照会很有反差。,,1,0,1,2026/4/24 6:02,2026/4/24 6:02
840,532,170,839,北京帐篷公园适合露营新手体验，晚上温差要提前准备。,,2,0,1,2026/5/17 18:44,2026/5/17 18:44
841,533,73,841,乌龙峡谷水和山路都值得看，夏天去会更舒服。,,3,0,1,2026/5/26 22:52,2026/5/26 22:52
842,534,21,841,仓米古道旅游区适合自驾慢游，沿途村落比单点更有意思。,,9,0,1,2026/3/10 13:49,2026/3/10 13:49
843,535,25,843,松山森林公园适合避暑和徒步，山里温度会比城里舒服。,,1,0,1,2026/6/5 20:32,2026/6/5 20:32
844,536,138,843,留香谷香草园适合花期拍照，平时更像郊区休闲地。,,1,0,1,2026/1/30 18:08,2026/1/30 18:08
845,537,49,845,金隅八达岭温泉度假村适合爬完长城后放松，行程衔接很顺。,,0,0,1,2026/4/23 17:15,2026/4/23 17:15
846,538,64,845,元代谷风景区名字很特别，适合想找冷门自然点的人。,,0,0,1,2026/5/23 22:08,2026/5/23 22:08
847,539,104,847,龙湾国际露营公园适合夏秋露营，帐篷和防蚊要准备好。,,3,0,1,2026/4/8 18:54,2026/4/8 19:01
848,540,75,847,妫水公园水面和绿地都开阔，延庆城区散步很合适。,,0,0,1,2026/5/29 19:16,2026/5/29 19:16
849,541,44,849,妫川广场空间开阔，晚上出来散步会比白天更舒服。,,0,0,1,2026/6/2 3:41,2026/6/2 7:28
850,542,84,849,百泉公园适合延庆城区短暂停留，水边和树荫都挺舒服。,,3,0,1,2026/3/2 20:53,2026/3/3 7:50
851,543,35,851,延庆迎宾公园更像城市门面绿地，顺路休息一下可以。,,2,0,1,2026/4/18 12:14,2026/4/18 12:14
852,544,130,851,江水泉公园不算热门，但附近居民散步很实用。,,3,0,1,2026/3/23 21:29,2026/3/23 21:29
853,545,138,853,香水苑公园安静清爽，适合饭后慢慢走一圈。,,1,0,1,2026/5/12 18:44,2026/5/12 18:44
854,546,139,853,三里河湿地公园水系和木栈道很舒服，晴天去更好看。,,0,0,1,2026/5/12 13:03,2026/5/12 13:03
855,547,39,855,中国马文化博物馆题材有特色，喜欢马术和历史的人会觉得新鲜。,,2,0,1,2026/5/3 21:24,2026/5/3 21:24
856,548,95,855,延庆博物馆适合先了解当地历史，再去周边长城和古城。,,4,0,1,2026/4/14 17:57,2026/4/14 17:57
857,549,39,857,山戎文化陈列馆比较小众，但能看到延庆一带更早的历史线索。,,5,0,1,2026/4/24 8:09,2026/4/24 8:09
858,550,141,857,辉煌国际会议度假区适合会议和休闲结合，单纯游玩要看具体活动。,,2,0,1,2026/5/5 18:32,2026/5/5 21:19
859,551,49,859,长城阳光山谷马术俱乐部适合体验骑马，第一次去听教练安排就好。,,0,1,1,2026/5/16 18:59,2026/5/18 0:33
860,552,76,859,妫海远航景区适合看水面和坐船，风大的时候体验会打折。,,0,0,1,2026/5/29 15:03,2026/5/29 15:03
861,553,95,861,绿富隆观光园适合亲子采摘，最好提前问清当天开放区域。,,1,0,1,2026/3/9 9:21,2026/3/9 9:21
862,554,7,861,八达岭残长城比热门段安静，台阶和风口都要注意。,,1,0,1,2026/2/8 14:50,2026/2/8 14:55
863,555,81,863,岔道古城适合和八达岭一带顺路看，城里慢走更有感觉。,,9,0,1,2026/5/17 20:33,2026/5/17 20:33
864,556,83,863,里炮红苹果度假区适合秋天去，苹果成熟时才最有意思。,,1,0,1,2026/3/16 18:35,2026/3/16 20:10
865,557,63,865,柳沟民俗旅游度假区适合吃豆腐宴和看村落，周末会热闹些。,,0,0,1,2026/2/7 0:24,2026/2/7 0:24
866,558,132,865,松山森林旅游区适合避暑，山里空气和树荫都很舒服。,,3,0,1,2026/4/16 22:19,2026/4/17 9:53
867,559,71,867,海坨山天气好时视野很开阔，出发前一定看风和温度。,,2,0,1,2026/3/8 11:47,2026/3/8 11:47
868,560,28,867,白河湾峡谷适合自驾和玩水，夏天去比冬天更有生气。,,39,0,1,2026/5/5 0:23,2026/5/5 0:23
869,561,51,869,延庆鸟类湿地自然保护区适合安静观鸟，别期待热闹项目。,,1,0,1,2026/5/24 20:43,2026/5/24 20:43
870,562,174,869,中国长城博物馆适合爬长城前后看，能把历史背景补上。,,8,0,1,2026/5/27 23:42,2026/5/27 23:42
871,563,87,871,詹天佑纪念馆适合和八达岭火车站一带一起看，铁路故事很有代入感。,,3,0,1,2026/4/15 20:40,2026/4/15 20:40
872,564,176,871,古木化石群比较冷门，喜欢自然遗迹的人会觉得有趣。,,1,0,1,2026/5/16 17:13,2026/5/16 17:13
873,565,173,873,妫河森林公园很适合骑行和散步，河边风景比想象中开阔。,,0,0,1,2026/2/21 17:30,2026/2/21 17:30
874,566,59,873,康西草原适合看开阔草地和骑马，夏秋季节体验更好。,,2,0,1,2026/4/1 13:41,2026/4/1 14:31
875,567,172,875,夏都公园是延庆城区舒服的休息点，晚上散步的人不少。,,20,0,1,2026/4/19 21:56,2026/4/19 21:56
876,568,64,875,榆林堡适合喜欢古村堡的人，现场不热闹但有历史感。,,0,0,1,2026/3/14 18:51,2026/3/14 18:51
877,569,57,877,阳坊白虎涧山路和石景都挺明显，穿运动鞋会轻松很多。,,9,0,1,2026/5/16 14:15,2026/5/16 14:15
878,570,30,877,百川山庄适合短住和吃农家饭，专门看景就不要期待太高。,,1,0,1,2026/3/4 17:17,2026/3/4 17:17
879,571,26,879,云中阁景区名字很有意境，天气好时登高看景会更值。,,6,0,1,2026/5/29 16:09,2026/5/29 16:09
880,572,83,879,北流果园适合应季采摘，果子品种和成熟度要提前问。,,1,0,1,2026/5/11 19:02,2026/5/11 19:02
881,573,49,881,真顺果园更适合昌平周边短途，采摘窗口期别错过。,,1,0,1,2026/4/9 17:16,2026/4/9 17:16
882,574,75,881,大辛峰果园适合一家人慢慢摘，最好避开正午最晒的时候。,,2,0,1,2026/4/12 19:01,2026/4/12 19:01
883,575,75,883,蟒山红苹果种植中心秋天去更合适，苹果熟了才有体验感。,,0,0,1,2026/3/20 20:30,2026/3/20 20:30
884,576,179,883,真顺红苹果乐园适合亲子采摘，孩子能自己摘会开心很多。,,13,0,1,2026/3/21 15:47,2026/3/21 23:45
885,577,123,885,绿岛观光采摘园比较适合周边居民短途去，提前问品种最稳。,,0,0,1,2026/3/25 18:11,2026/3/25 18:11
886,578,11,885,兴寿镇桃林村果园要赶桃子成熟期，去之前问清楚很重要。,,4,0,1,2026/1/24 2:55,2026/1/24 2:55
887,579,18,887,绿园生态种植基地适合体验采摘，不适合当成拍照景点。,,2,0,1,2026/4/26 13:18,2026/4/26 13:18
888,580,138,887,御馨园种植中心看起来朴素，胜在能亲手摘点东西。,,3,0,1,2026/3/13 17:12,2026/3/13 17:12
889,581,55,889,昌平香味葡萄园最好葡萄季去，甜度和品种决定体验。,,2,0,1,2026/2/21 15:03,2026/2/21 15:03
890,582,173,889,龙泽园种植园适合轻松采摘，带孩子去别安排太赶。,,2,0,1,2026/5/16 18:32,2026/5/16 18:32
891,583,92,891,南邵何营果园更像本地周末活动，成熟季之外吸引力一般。,,0,0,1,2026/4/16 11:09,2026/4/16 11:09
892,584,130,891,十三陵神路葡萄庄园适合把采摘和陵区行程放在一起。,,0,0,1,2026/4/18 19:50,2026/4/18 19:50
893,585,176,893,半塔郊野公园人少时很舒服，适合散步和简单野餐。,,0,0,1,2026/4/24 13:15,2026/4/24 13:15
894,586,147,893,龙门店森林公园适合看林地和走步道，补给要自己准备。,,3,0,1,2026/4/15 22:18,2026/4/15 22:18
895,587,169,895,华彬高尔夫俱乐部场地感不错，更适合有运动安排的人去。,,2,0,1,2026/4/3 7:22,2026/4/8 9:15
896,588,18,895,关沟风景区和长城交通线联系很强，喜欢历史地理的人会感兴趣。,,4,1,1,2026/6/9 14:13,2026/6/9 14:13
897,589,59,897,太平野郊公园适合附近居民散步，胜在安静和不拥挤。,,4,0,1,2026/4/4 12:48,2026/4/4 12:48
898,590,131,897,童话山庄适合带孩子或短住，名字比实际更有想象空间。,,1,0,1,2026/6/4 16:07,2026/6/4 16:07
899,591,142,899,桃峪口风景区适合轻徒步，山路别穿太滑的鞋。,,2,0,1,2026/3/11 18:23,2026/3/11 19:36
900,592,95,899,静之湖森林公园适合度假散步，湖边和林地都比较放松。,,0,0,1,2026/4/6 21:44,2026/4/6 21:44
901,593,49,901,长陵神功圣德碑适合和长陵一起看，单独去会显得有点短。,,2,0,1,2026/6/8 19:46,2026/6/8 19:46
902,594,13,901,大杨山国家森林公园适合爬山和看林景，体力要留够。,,0,0,1,2026/2/1 20:18,2026/2/1 20:18
903,595,113,903,拉斐特城堡公园拍照很有辨识度，风格化建筑比较抢眼。,,3,0,1,2026/3/7 12:32,2026/3/7 12:32
904,596,29,903,赛场公园适合附近居民运动，专门打卡意义不大。,,1,0,1,2026/6/12 8:02,2026/6/12 8:02
905,597,176,905,宏福公园安静实用，傍晚散步比白天晒着走舒服。,,2,0,1,2026/4/13 12:08,2026/4/16 19:50
906,598,35,905,回龙园公园适合周边小区居民，跑步遛弯都方便。,,2,0,1,2026/5/25 13:43,2026/5/25 13:49
907,599,15,907,朝宗桥公园名字有历史味，实际更像安静的社区公园。,,6,0,1,2026/3/8 15:34,2026/3/8 15:34
908,600,176,907,沙河闸湿地公园水边视野不错，适合傍晚散步。,,0,0,1,2026/4/25 12:23,2026/4/25 12:23
909,602,60,909,东小口森林公园适合骑车和慢跑，林荫多的时候很舒服。,,4,0,1,2026/6/8 18:11,2026/6/9 0:10
910,603,35,909,太平郊野公园偏日常休闲，人少时很适合放空。,,1,0,1,2026/4/8 21:05,2026/4/8 21:05
911,604,113,911,昌平新城滨河森林公园沿水系走很舒服，适合轻松散步。,,14,0,1,2026/6/2 18:22,2026/6/2 18:22
912,605,71,911,昌平印象山庄适合短住和吃饭，周边玩点要提前查。,,1,0,1,2026/1/20 18:45,2026/1/20 18:46
913,606,171,913,东方硕果采摘园适合应季去，成熟品种比园区大小更重要。,,7,0,1,2026/4/27 13:13,2026/4/27 13:13
914,607,49,913,亲农耕农业体验园适合孩子认识农事，动手项目会更有意思。,,1,3,1,2026/5/22 13:15,2026/5/22 13:15
915,608,147,915,凤山温泉度假村适合冬天泡汤，爬山后去会更舒服。,,0,0,1,2026/4/18 20:50,2026/4/18 20:50
916,609,140,915,奥林狩猎俱乐部偏运动体验，去之前要确认项目开放情况。,,0,0,1,2026/5/8 18:27,2026/5/8 18:27
917,610,163,917,香堂文化新村适合看村落和周边休闲，商业感不算重。,,0,0,1,2026/3/10 12:00,2026/3/10 12:00
918,611,163,917,奥林射击场更适合有明确体验项目的人，第一次去会觉得新鲜。,,0,0,1,2026/2/8 15:06,2026/2/8 15:06
919,612,169,919,桃花仙谷春天会更好看，花期错过就偏普通山谷。,,3,0,1,2026/6/5 9:06,2026/6/5 9:06
920,613,63,919,亢山公园适合昌平城区散步，登高一点视野会好些。,,3,0,1,2026/4/3 20:56,2026/4/3 20:56
921,614,171,921,红栌温泉山庄适合家庭度假，泡汤和吃饭安排好就挺省心。,,0,0,1,2026/2/27 11:12,2026/2/27 11:12
922,615,147,921,十三陵神路的石像生很有气势，阴天去反而更有历史感。,,1,0,1,2026/4/8 12:34,2026/4/8 12:34
923,616,109,923,军都旅游度假村适合周末短住，别把行程排得太满。,,5,0,1,2026/5/29 14:47,2026/5/29 14:47
924,617,174,923,天翼桃花草莓采摘园适合春季亲子，草莓甜度最影响体验。,,0,0,1,2026/5/25 20:06,2026/5/25 20:06
925,618,22,925,华彬庄园环境很开阔，适合度假和运动结合。,,0,1,1,2026/1/18 7:26,2026/1/18 8:16
926,619,116,925,静之湖滑雪场适合初中级玩家，雪季周末人会多。,,0,0,1,2026/3/1 17:21,2026/3/1 17:23
927,620,35,927,苹果主题公园适合秋天去，成熟季才有明显特色。,,0,3,1,2026/4/19 22:36,2026/4/19 22:36
928,621,163,927,天星种植园草莓采摘园适合带孩子，进棚前问清价格比较好。,,1,0,1,2026/4/6 19:49,2026/4/6 19:49
929,622,50,929,昌居园度假村适合周边短住，设施体验比风景更重要。,,0,0,1,2026/1/21 9:53,2026/1/21 9:53
930,623,52,929,老张头葡萄园名字接地气，葡萄季去会更有收获感。,,2,0,1,2026/4/11 0:15,2026/4/11 0:15
931,624,15,931,南口观光采摘果园适合昌平一日轻松玩，品种要提前问。,,2,0,1,2026/1/7 9:26,2026/1/7 9:26
932,625,170,931,昌平公园适合城区散步，晚上人气会更旺一些。,,3,0,1,2026/3/29 19:40,2026/3/29 19:40
933,626,146,933,南口公园不大但很实用，附近居民休息运动都方便。,,3,0,1,2026/4/20 21:52,2026/4/20 21:52
934,627,82,933,居庸关长城博物馆适合爬关城前后看，能补一点历史背景。,,1,0,1,2026/6/2 17:24,2026/6/2 17:24
935,628,102,935,御生堂中医药博物馆适合看老药铺和中医药文化，挺有年代感。,,3,0,1,2026/2/2 16:37,2026/2/2 16:37
936,629,158,935,老甲艺术馆比较适合看当期展览，去前查展讯会更稳。,,8,0,1,2026/2/13 11:24,2026/2/13 12:02
937,630,54,937,永安公园适合附近居民遛弯，树荫和座椅都比较实用。,,0,0,1,2026/6/3 19:20,2026/6/3 19:20
938,631,177,937,昭陵博物馆适合和十三陵行程一起看，单独去会有点短。,,2,0,1,2026/5/3 4:43,2026/5/3 4:58
939,632,129,939,定陵博物馆和地宫参观连着看更完整，历史信息量不小。,,3,0,1,2026/4/24 13:51,2026/4/24 13:51
940,633,139,939,十三陵长陵更有主陵气势，神道和长陵一起走会比较完整。,,4,0,1,2026/6/10 20:30,2026/6/10 20:30
941,634,68,941,双龙山森林公园适合轻徒步，山路不算太商业化。,,0,2,1,2026/4/28 2:09,2026/4/28 2:09
942,635,132,941,碓臼峪自然风景区适合看山谷和溪水，雨后要注意路况。,,8,0,1,2026/5/18 13:40,2026/5/18 13:40
943,636,12,943,拉斐特城堡酒店外观很有辨识度，拍照和度假都偏风格化。,,1,0,1,2026/5/17 19:10,2026/5/17 19:10
944,637,70,943,英达生态园温泉度假村适合带孩子住一晚，别只为了采摘去。,,4,0,1,2026/2/26 7:47,2026/2/26 7:47
945,638,7,945,温都水城更适合家庭玩水和泡汤，设施新旧要看具体区域。,,0,2,1,2026/5/25 18:13,2026/5/25 18:13
946,639,96,945,九华山庄温泉度假村体量很大，泡汤和吃饭安排起来方便。,,2,0,1,2026/4/25 22:45,2026/4/25 22:45
947,640,100,947,北京雪世界滑雪场适合入门练习，装备和教练最好提前确认。,,0,0,1,2026/5/31 17:24,2026/5/31 17:24
948,641,35,947,军都山滑雪场适合冬天练滑雪，初学者别一开始就冲难道。,,1,1,1,2026/3/1 20:27,2026/3/1 20:27
949,642,172,949,菩萨山风景区适合轻徒步，山里风大时要多带一件衣服。,,1,0,1,2026/1/9 7:18,2026/1/9 7:24
950,643,98,949,沟崖自然风景区山谷感比较明显，喜欢清静的人会觉得不错。,,2,0,1,2026/4/5 14:16,2026/4/5 14:16
951,644,156,951,十三陵水库视野很开阔，晴天看水面和远山会很舒服。,,1,0,1,2026/5/11 4:45,2026/5/11 4:50
952,645,17,951,长峪城适合自驾慢慢走，古村和山路都别赶。,,2,0,1,2026/4/10 19:31,2026/4/10 19:31
953,646,178,953,居庸关云台石刻很有历史感，走近看细节比远拍更有意思。,,0,0,1,2026/2/18 13:01,2026/2/18 13:01
954,647,56,953,篱苑书屋很适合安静看书和拍建筑，开放时间最好提前确认。,,2,0,1,2026/5/17 18:02,2026/5/17 18:02
955,648,159,955,琦峰山国家森林公园适合周末爬山，山路别穿太随意。,,2,0,1,2026/2/6 21:35,2026/2/6 21:35
956,649,55,955,八旗文化广场适合顺路了解一点满族和旗文化，停留不用太久。,,2,0,1,2026/2/14 21:58,2026/2/14 21:58
957,650,28,957,板栗公园名字很可爱，秋天去会更贴主题。,,2,0,1,2026/3/9 14:11,2026/3/9 14:11
958,651,103,957,小龙山公园适合附近居民爬坡散步，视野好时挺放松。,,3,0,1,2026/6/7 21:29,2026/6/7 21:29
959,653,9,959,银河谷森林公园适合想避开人群的人，林子里走走很舒服。,,0,0,1,2026/5/19 4:35,2026/5/19 4:35
960,654,140,959,琉璃庙湿地公园适合看水和芦苇，蚊虫季要做好准备。,,1,0,1,2026/5/19 16:05,2026/5/19 16:05
961,655,118,961,鹿世界主题园适合亲子，小朋友近距离看动物会很开心。,,3,0,1,2026/1/19 11:39,2026/1/19 11:39
962,656,125,961,愉然原始部落游乐园更适合孩子玩，大人就当陪伴休息。,,1,0,1,2026/5/31 19:56,2026/5/31 19:56
963,657,84,963,乡间情趣园适合体验农家活动，天气好时会更舒服。,,0,0,1,2026/4/2 19:56,2026/4/2 19:56
964,658,139,963,大榛峪长城比热门段野趣更明显，安全和体力要放第一位。,,1,0,1,2026/5/7 12:39,2026/5/7 12:39
965,659,80,965,东方普罗旺斯薰衣草庄园要看花期，花开时拍照很出片。,,1,0,1,2026/5/12 20:30,2026/5/12 20:44
966,660,145,965,中影基地适合影视爱好者，能看到拍摄相关内容会更值。,,0,0,1,2026/6/11 8:59,2026/6/11 8:59
967,661,150,967,京螺山庄适合家庭度假，吃住和周边游可以一起安排。,,0,0,1,2026/4/29 9:58,2026/5/1 1:09
968,662,163,967,摩崖石刻自然风景区比较冷门，喜欢古迹和山景的人会更感兴趣。,,0,0,1,2026/6/8 18:11,2026/6/8 18:11
969,663,57,969,凯创牡丹园花期去最合适，不开花时吸引力会少很多。,,6,0,1,2026/4/7 17:34,2026/4/7 17:34
970,664,65,969,皇后镇休闲度假区适合拍照和短住，风格比较明显。,,39,0,1,2026/6/8 23:53,2026/6/8 23:53
971,665,161,971,雁栖湖国际会展中心周边环境开阔，远看建筑也挺有气势。,,0,0,1,2026/4/30 18:51,2026/4/30 18:51
972,666,60,971,城南公园适合附近居民散步，傍晚人气会更足。,,2,0,1,2026/1/18 18:23,2026/1/18 18:23
973,667,60,973,迎宾环岛公园更像城市绿地，路过休息一下很合适。,,2,0,1,2026/5/21 14:02,2026/5/21 14:02
974,668,39,973,蓝天牧场适合亲子体验，孩子能接触动物会比较开心。,,0,0,1,2026/3/4 20:41,2026/3/4 20:41
975,669,178,975,京北第一漂夏天去更有意思，衣服和手机防水都要提前准备。,,1,0,1,2026/3/22 18:18,2026/3/22 18:18
976,670,81,975,灵慧山旅游风景区适合清静爬山，路上补给别指望太多。,,2,0,1,2026/5/22 22:46,2026/5/22 22:46
977,671,95,977,凤山百果园适合应季采摘，带孩子来比成年人单独来有趣。,,0,0,1,2026/5/8 21:53,2026/5/8 21:53
978,672,140,977,第四次世界妇女大会纪念公园适合顺路散步，主题意义比景观更突出。,,0,0,1,2026/2/1 21:27,2026/2/1 21:27
979,673,64,979,五龙潭原始森林景区适合喜欢林地和溪谷的人，夏天更舒服。,,0,0,1,2026/4/23 22:06,2026/4/23 22:07
980,674,58,979,鳞龙山自然风景区比较适合轻户外，天气不好就别勉强上山。,,1,0,1,2026/5/4 12:04,2026/5/4 12:04
981,675,91,981,国家中影数字制作基地适合了解影视后期，普通游客要看开放安排。,,6,0,1,2026/6/9 11:54,2026/6/9 11:54
982,676,148,981,星美今晟影视城适合拍照和看布景，同行朋友多会更热闹。,,0,0,1,2026/5/10 12:41,2026/5/10 12:41
983,677,44,983,红螺湖鸟岛适合亲子和自然观察，春夏去更有生气。,,2,0,1,2026/3/29 21:53,2026/3/29 21:53
984,678,177,983,老爷车博物馆很适合车迷，很多车型看实物比照片有感觉。,,0,0,1,2026/4/3 18:14,2026/4/3 18:14
985,679,42,985,湖景水上乐园适合夏天玩水，周末排队要有心理准备。,,0,0,1,2026/2/26 13:55,2026/2/26 13:55
986,680,99,985,北京紫云山适合爬山看景，山里温差和风都要考虑。,,6,1,1,2026/5/13 11:39,2026/5/13 11:39
987,681,142,987,怀柔水库周边视野开阔，适合远远看水和山。,,0,0,1,2026/4/18 22:21,2026/4/18 22:21
988,682,118,987,鹅和鸭农庄适合亲子和农庄活动，吃饭住宿也可以一起看。,,0,0,1,2026/6/3 23:05,2026/6/3 23:05
989,683,176,989,崎峰山国家森林公园适合周末徒步，路况要提前确认。,,2,2,1,2026/5/10 19:36,2026/5/10 19:39
990,684,140,989,飞腾影视城适合喜欢影视布景的人，拍照比深度游更合适。,,3,0,1,2026/5/30 9:43,2026/5/30 10:25
991,685,99,991,红螺慧缘谷环境清静，适合和红螺寺一带顺路安排。,,0,1,1,2026/5/28 4:29,2026/5/28 6:32
992,686,72,991,天池峡谷风景区适合看山水，雨后路滑要注意。,,0,0,1,2026/6/9 21:39,2026/6/9 21:55
993,687,176,993,九眼楼自然风景区野趣更强，体力和安全都要提前考虑。,,1,0,1,2026/5/19 23:28,2026/5/19 23:28
994,688,28,993,怀北国际汽车营地适合露营和自驾，晚上保暖别忽略。,,2,0,1,2026/1/12 12:13,2026/1/12 12:13
995,689,88,995,香草世界薰衣草庄园要赶花期，花开时拍照效果最好。,,8,0,1,2026/4/22 13:23,2026/4/22 13:23
996,690,67,995,虹鳟鱼一条沟适合吃鱼和玩水，夏天去会更有氛围。,,6,0,1,2026/5/18 13:40,2026/5/18 13:49
997,691,154,997,龙潭涧适合清凉徒步，溪谷路段最好穿防滑鞋。,,1,0,1,2026/2/19 21:27,2026/2/19 21:27
998,692,92,997,怀北国际滑雪场适合冬天练雪，雪季周末最好早点到。,,2,0,1,2026/3/9 13:38,2026/3/9 13:38
999,693,115,999,箭扣长城很震撼但不适合随便走，经验不足别贸然挑战。,,0,0,1,2026/6/11 23:58,2026/6/11 23:58
1000,694,96,999,濂泉响谷适合夏天听水声和避暑，山路别走太急。,,1,0,1,2026/4/24 12:45,2026/4/24 12:45
1001,695,75,1001,乐翻了运动生态园适合带孩子玩一整天，体力消耗挺大。,,0,0,1,2026/4/5 17:53,2026/4/5 17:53
1002,696,115,1001,世纪喷泉广场适合晚上路过，灯光和水景比白天更有看头。,,3,0,1,2026/6/1 2:53,2026/6/1 4:17
1003,698,64,1003,妙有艺术适合看小型展览，空间不大但安静。,,2,0,1,2026/5/8 18:23,2026/5/8 18:59
1004,699,28,1003,口述历史博物馆题材很有温度，喜欢听故事的人会停留更久。,,0,0,1,2026/3/6 14:33,2026/3/6 14:33
1005,700,128,1005,佛像文化艺术馆适合安静看造像和宗教艺术，别走太快。,,0,0,1,2026/1/30 19:08,2026/1/30 19:08
1006,701,19,1005,福海文博园适合顺路看展，园区氛围比名字亲切。,,2,0,1,2026/5/22 22:10,2026/5/22 22:10
1007,703,40,1007,元典美术馆适合看当期展览，去之前确认展期比较稳。,,0,0,1,2026/3/24 9:31,2026/3/24 19:02
1008,704,40,1007,艺凯旋艺术空间更适合艺术区闲逛时顺路看，空间感不错。,,0,0,1,2026/5/18 21:05,2026/5/18 21:33
1009,705,86,1009,方圆美术馆展览节奏比较安静，适合不赶时间慢慢看。,,3,0,1,2026/5/29 20:09,2026/5/29 20:10
1010,706,118,1009,杨国际艺术中心适合看展和逛店结合，商业气息会更明显。,,1,0,1,2026/2/22 22:48,2026/2/23 10:37
1011,707,26,1011,壹梵画廊适合看小型展，展览内容比地点本身更重要。,,2,0,1,2026/5/27 17:01,2026/5/27 17:01
1012,708,87,1011,北京空间画廊适合艺术区里慢慢逛，展厅光线挺舒服。,,3,0,1,2026/2/9 11:20,2026/2/9 11:20
1013,709,93,1013,兴伟石文化艺术中心主题偏石文化，喜欢摆件和石材的人会感兴趣。,,0,2,1,2026/4/17 20:28,2026/4/17 20:28
1014,710,122,1013,打工文化艺术博物馆题材很现实，看完会比普通展览更有触动。,,1,0,1,2026/5/19 20:14,2026/5/19 20:14
1015,711,138,1015,朝鲜万寿台创作社展品风格鲜明，适合对不同艺术体系好奇的人。,,0,0,1,2026/6/3 17:27,2026/6/3 18:03
1016,712,176,1015,中国农业博物馆很适合亲子和学生，展品比想象中丰富。,,0,0,1,2026/6/5 9:13,2026/6/5 9:13
1017,713,14,1017,长征空间展览比较先锋，喜欢当代艺术的人会更容易进入。,,0,0,1,2026/6/1 23:38,2026/6/1 23:38
1018,714,140,1017,碧露轩茶艺馆适合慢慢喝茶聊天，别赶时间去。,,9,0,1,2026/4/22 23:37,2026/4/22 23:37
1019,715,89,1019,草场地艺术区比798安静，适合慢慢找画廊。,,0,0,1,2026/1/25 17:05,2026/1/26 21:40
1020,716,113,1019,何扬吴茜现代绘画馆适合看小型艺术展，提前查开放信息比较好。,,2,0,1,2026/2/26 18:53,2026/2/26 18:53
1021,718,30,1021,独角兽艺术空间名字好记，适合艺术区闲逛时顺手看。,,7,0,1,2026/5/29 20:02,2026/5/29 20:02
1022,719,158,1021,北京市方志馆适合了解北京地方志，内容安静但信息量不少。,,0,0,1,2025/12/26 19:16,2025/12/26 19:16
1023,720,138,1023,常青画廊空间很成熟，看当代艺术展会比较舒服。,,0,0,1,2026/4/10 22:36,2026/4/10 22:36
1024,721,79,1023,北服民族服饰博物馆很有特色，服饰细节比照片更耐看。,,2,0,1,2026/4/15 21:15,2026/4/15 21:15
1025,722,84,1025,国际金融博物馆适合对金融史感兴趣的人，展品和案例都挺集中。,,2,0,1,2026/5/6 19:35,2026/5/6 19:41
1026,723,53,1025,北京工艺美术博物馆适合看传统工艺，细节越看越有意思。,,0,0,1,2026/4/10 19:49,2026/4/10 19:49
1027,724,179,1027,北京税务博物馆题材冷门但挺系统，适合顺路了解城市治理的一面。,,1,0,1,2026/6/2 20:50,2026/6/2 20:50
1028,725,93,1027,北京晋商博物馆适合看商帮故事和院落空间，慢慢逛更好。,,2,0,1,2026/5/11 4:29,2026/5/11 4:29
1029,726,99,1029,朝阳文化馆适合看活动和展览，平时更像社区文化空间。,,1,0,1,2026/5/14 18:48,2026/5/14 18:48
1030,727,170,1029,西五艺术中心适合逛展和喝咖啡，商业感比美术馆更明显。,,1,0,1,2026/5/1 22:26,2026/5/1 22:26
1031,728,44,1031,铸造美术馆空间挺有工业感，看展时建筑本身也加分。,,0,0,1,2026/4/21 22:10,2026/4/21 22:10
1032,729,60,1031,白盒子艺术馆适合看当代艺术，展览更换情况要提前看。,,3,0,1,2026/4/30 13:16,2026/4/30 13:16
1033,731,107,1033,佩斯画廊展览质量通常比较稳，艺术区里值得专门看一眼。,,10,0,1,2026/3/24 9:49,2026/3/24 9:49
1034,732,26,1033,中医药大学博物馆适合看药材和医史，味道记忆也很特别。,,1,0,1,2026/3/9 14:20,2026/3/9 14:20
1035,733,97,1035,鸿坤美术馆适合看大型当代展，空间和作品尺度都比较舒服。,,0,0,1,2026/4/17 11:28,2026/4/17 11:28
1036,734,132,1035,梵谷艺术中心适合逛街时顺便看展，氛围偏轻松。,,7,0,1,2026/1/9 17:38,2026/1/9 17:38
1037,735,35,1037,侨福当代美术馆在商场里也能保持展览感，逛起来很方便。,,0,0,1,2026/6/10 2:06,2026/6/10 2:06
1038,736,49,1037,芳草地画廊适合顺路看小展，空间不大但位置很好。,,6,0,1,2026/5/20 8:33,2026/5/20 8:33
1039,737,118,1039,芳草地画廊798更适合艺术区散步时停留，展览内容决定体验。,,5,0,1,2026/1/17 23:32,2026/1/17 23:32
1040,738,84,1039,桥舍画廊适合看当代艺术，展厅节奏比较安静。,,2,0,1,2026/3/6 16:29,2026/3/6 16:29
1041,739,63,1041,竞园艺术中心比798低调，适合慢慢逛创意园区。,,0,0,1,2026/5/8 21:32,2026/5/8 21:32
1042,740,50,1041,民生现代美术馆展览体量通常不小，建议留出完整时间。,,1,0,1,2026/3/15 16:20,2026/3/15 16:20
1043,741,68,1043,中央美术学院美术馆适合看学院气质的展览，学生作品也常有惊喜。,,10,0,1,2026/6/6 19:40,2026/6/6 19:40
1044,742,57,1043,央美术馆更适合关注当期展览的人，别只按景点打卡去。,,3,0,1,2026/4/4 20:53,2026/4/5 2:11
1045,743,24,1045,UCCA在798里很有代表性，展览和周边氛围都值得留时间。,,17,0,1,2026/6/5 7:06,2026/6/5 7:06
1046,744,69,1045,观复博物馆适合看古典器物和生活美学，讲解会让体验好很多。,,2,0,1,2026/5/31 21:29,2026/5/31 21:29
1047,86,175,1047,墙子路长城更适合有经验的人去，野趣足但不要低估路况。,,1,0,1,2026/4/10 18:44,2026/4/10 18:44
1048,86,30,1047,如果只是想轻松看长城，这里不一定合适，准备充分再出发。,,5,0,1,2026/5/8 12:15,2026/5/8 12:15
1049,86,156,1049,风景确实开阔，但同行里有老人孩子的话要慎重安排。,,1,0,1,2026/6/6 20:21,2026/6/6 20:21
1050,153,2,1049,中山公园音乐堂位置很好，看完演出还能在公园里慢慢散场。,,2,0,1,2026/3/27 22:00,2026/4/1 0:04
1051,153,140,1051,这里比普通剧场多一点园林气质，夏天傍晚去尤其舒服。,,0,0,1,2026/4/18 20:17,2026/4/18 20:17
1052,153,140,1051,如果买到喜欢的曲目，音乐堂本身的氛围会很加分。,,2,0,1,2026/4/23 8:18,2026/4/23 8:18
1053,234,148,1053,纪念堂参观节奏很快，但现场那种肃穆感还是很强。,,1,0,1,2026/5/26 23:51,2026/5/26 23:51
1054,234,55,1053,去之前一定确认开放时间和证件要求，临时过去很容易白跑。,,3,0,1,2026/4/27 11:13,2026/4/27 11:13
1055,234,38,1055,广场行程里最需要提前规划的一站，排队和安检都要留时间。,,3,0,1,2026/5/21 11:22,2026/5/21 11:22
1056,198,36,1055,正阳门夜景很稳，站在前门大街口回头看特别有北京感。,,0,0,1,2026/6/2 23:30,2026/6/2 23:30
1057,198,60,1057,城楼本身很醒目，和箭楼一起看会更完整。,,4,0,1,2026/1/4 22:34,2026/1/4 22:34
1058,198,15,1057,前门周边人多，但正阳门的尺度感还是能压住热闹。,,4,0,1,2026/6/9 8:45,2026/6/9 8:45
1059,214,132,1059,国博真的不能贪多，一次挑两三个展厅认真看反而更舒服。,,0,0,1,2026/1/14 8:53,2026/1/14 8:53
1060,214,49,1059,如果带孩子来，最好提前想好路线，不然很容易走到累。,,7,0,1,2026/2/16 12:38,2026/2/16 12:38
1061,214,33,1061,古代中国展很适合第一次来的人，信息量大但不杂乱。,,1,0,1,2026/2/11 12:25,2026/2/11 12:25
1062,147,114,1061,九龙壁色彩和细节都很耐看，路过时别只拍一张就走。,,0,0,1,2026/1/18 6:43,2026/1/18 6:43
1063,147,94,1063,人多的时候拍全景不容易，反而适合近看纹样。,,3,0,1,2026/1/18 19:30,2026/1/18 19:30
1064,68,43,1063,昆明湖最适合留出时间慢慢走，远看佛香阁很有层次。,,0,0,1,2026/4/5 19:34,2026/4/6 4:20
1065,68,43,1065,坐船看湖面会轻松很多，步行一圈对体力要求不小。,,0,0,1,2026/6/1 1:47,2026/6/1 1:47
1066,183,42,1065,天安门城楼的象征意义太强，现场看和照片还是不一样。,,0,0,1,2026/5/14 20:20,2026/5/14 20:20
1067,183,55,1067,登楼前后都要留意预约和安检，别把时间卡得太紧。,,1,0,1,2026/5/24 18:20,2026/5/24 18:20
1068,213,140,1067,正乙祠的老戏楼气质很难替代，木结构看着特别有年代感。,,1,0,1,2026/2/26 20:30,2026/2/26 20:30
1069,213,161,1069,如果赶上合适的戏曲演出，这里比单纯参观更有魅力。,,1,0,1,2026/4/27 3:10,2026/4/27 3:10
1070,232,6,1069,王府井适合第一次来北京的人，热闹和游客感都很足。,,73,0,1,2026/6/6 20:40,2026/6/6 20:40
1071,232,61,1071,想逛得舒服一点就上午去，晚上主要是看灯和人流。,,2,0,1,2026/5/27 6:22,2026/5/27 6:22
1072,230,87,1071,中国美术馆很适合临时起意看展，展厅尺度舒服。,,1,0,1,2026/2/13 13:59,2026/2/13 14:24
1073,230,60,1073,如果喜欢近现代美术，这里比很多网红展更值得慢看。,,1,0,1,2026/2/5 19:40,2026/2/5 19:40
1074,202,179,1073,古观象台的铜仪器很震撼，站在高台上看城市也很特别。,,3,0,1,2026/5/19 17:08,2026/5/19 17:08
1075,202,2,1075,天文题材不算大众，但这里的实物很有说服力。,,1,0,1,2026/4/11 4:51,2026/4/11 4:51
1076,211,103,1075,成贤街适合和孔庙国子监一起走，街道气质很安静。,,1,0,1,2026/4/15 19:50,2026/4/16 3:07
1077,211,98,1077,比起热门胡同，这里更像适合慢慢走的书卷气街区。,,1,0,1,2026/6/6 20:43,2026/6/6 20:43
1078,197,16,1077,东南角楼适合拍老城边界感，夕阳下砖墙颜色很好看。,,6,0,1,2026/4/4 12:36,2026/4/4 12:36
1079,197,170,1079,这里游客不算密，反而能安静看一会儿城墙遗存。,,2,0,1,2026/3/23 23:02,2026/3/23 23:02
1080,100,180,1079,国子监街树多又安静，走起来比想象中舒服。,,3,0,1,2026/6/3 16:35,2026/6/3 16:35
1081,100,14,1081,这条街适合慢慢看牌坊和院门，不用急着找打卡点。,,0,0,1,2026/5/1 21:24,2026/5/1 21:24
1082,184,84,1081,永定门公园适合看中轴线南端的开阔感，晚上也挺好看。,,4,0,1,2026/1/13 10:35,2026/1/13 10:35
1083,70,40,1083,鉴园遗址比较安静，适合对园林遗存有兴趣的人顺路看看。,,3,0,1,2026/6/2 20:45,2026/6/2 20:45
1084,53,158,1083,恩佑寺在颐和园一带很容易被忽略，老建筑气息挺沉静。,,1,0,1,2026/6/5 22:12,2026/6/5 22:12
1085,173,145,1085,天坛温泉康乐城适合放松，不适合按景区节奏去赶。,,2,0,1,2026/4/15 8:09,2026/4/15 8:09
1086,109,4,1085,东华门大街适合故宫外侧散步，城墙和街景都很有北京味。,,1,0,1,2026/5/2 10:57,2026/5/2 11:46
1087,69,92,1087,十七孔桥还是傍晚最好看，光打在桥洞上很有层次。,,0,0,1,2026/6/4 12:25,2026/6/4 12:25
1088,101,102,1087,大庄科段长城更偏野外，适合喜欢安静和徒步的人。,,0,0,1,2026/2/2 18:27,2026/2/3 11:15
1089,17,123,1089,西白莲峪段长城不适合随便走，天气和路况都要提前看。,,3,0,1,2026/3/27 23:51,2026/3/27 23:51
1090,72,116,1089,九眼楼长城视野很好，但风大路陡，体力差别会很明显。,,1,0,1,2026/6/3 18:25,2026/6/3 19:20
1091,116,28,1091,荀慧生故居适合京剧爱好者，院子不大但人物气息很浓。,,2,0,1,2026/6/2 10:11,2026/6/2 10:11
1092,157,52,1091,雷剧场适合看小剧场作品，空间近会让表演更有压迫感。,,4,0,1,2026/5/28 21:27,2026/5/28 21:27
1093,139,77,1093,茂陵游客少一些，安静看陵区反而更容易有历史感。,,1,0,1,2026/6/7 23:17,2026/6/7 23:17
1094,82,176,1093,奥林匹克公园观光塔适合天气通透时去，视野会差很多。,,1,0,1,2026/3/9 19:03,2026/3/9 19:12
1095,16,20,1095,古北水镇晚上比白天更有氛围，住宿一晚会从容很多。,,1,0,1,2026/6/1 20:17,2026/6/1 20:22
1096,58,60,1095,齐物潭公园适合附近散步，水边比路边安静不少。,,1,0,1,2026/4/23 15:32,2026/4/24 0:00
1097,168,34,1097,王府井百货更适合逛街购物，老商圈的便利性还是在。,,3,0,1,2026/5/24 22:44,2026/5/24 22:44
1098,135,67,1097,泰陵相对清静，适合想避开长陵人流的人。,,4,0,1,2026/6/1 8:40,2026/6/1 8:40
1099,225,139,1099,邮票博物馆越看越细，很多小图案背后都有时代记忆。,,2,0,1,2026/5/9 17:35,2026/5/9 17:35
1100,145,176,1099,亮马河晚上散步很舒服，灯光和水面让街区柔和很多。,,1,2,1,2026/4/27 17:11,2026/4/27 17:20
1101,159,145,1101,蜂巢剧场空间不大，适合看更贴近观众的戏。,,1,0,1,2026/5/2 0:53,2026/5/2 1:25
1102,33,39,1101,太和殿人再多也值得停一下，正殿气势确实压得住场。,,1,0,1,2026/3/5 21:43,2026/3/5 21:43
1103,238,165,1103,黄寺周边不算清静，但院内氛围会明显慢下来。,,3,0,1,2026/6/2 13:09,2026/6/2 13:09
1104,200,112,1103,警察博物馆展品很有年代感，老制服和证件特别吸引人。,,0,0,1,2026/6/11 19:32,2026/6/11 19:32
1105,138,140,1105,永陵游客不多，适合把十三陵行程安排得松一点。,,10,0,1,2026/3/16 13:33,2026/3/16 13:33
1106,187,10,1105,北二环城市公园适合沿着城边走，市中心里难得有点缓冲。,,3,2,1,2026/6/12 11:36,2026/6/12 11:36
1107,174,124,1107,吴东魁艺术馆适合喜欢个人艺术风格的人，展厅节奏不赶。,,0,0,1,2026/4/19 19:22,2026/4/19 19:22
1108,23,100,1107,午门是故宫参观的开场，站在前面会一下子进入宫城尺度。,,2,0,1,2026/1/20 9:27,2026/1/20 9:27
1109,180,178,1109,天地剧场适合看杂技类演出，现场感会比视频强很多。,,0,0,1,2026/5/23 16:41,2026/5/23 16:41
1110,155,36,1109,中国儿童艺术剧院适合带孩子看戏，选对剧目很关键。,,2,0,1,2026/6/10 13:27,2026/6/10 13:27
1111,160,73,1111,国话先锋剧院更适合愿意尝试新作品的人，剧目差异会比较大。,,3,0,1,2026/6/2 15:36,2026/6/2 15:36
1112,1306,69,1111,没错，英雄所见略同！,,0,0,1,2026/6/6 19:14,2026/6/6 19:14
1113,1306,174,1113,拍照的话建议早上去，光线好而且人少。,,0,0,1,2026/6/6 19:20,2026/6/6 19:20
1114,1307,57,1113,带身份证！有些地方需要身份证才能进场。,,0,0,1,2026/5/6 6:13,2026/5/6 6:13
1115,1307,16,1115,了解了，谢谢！,,0,0,1,2026/5/3 17:12,2026/5/3 17:12
1116,1309,117,1115,适合一个人慢慢逛，不用赶时间。,,2,0,1,2026/5/26 11:27,2026/5/26 11:27
1117,1309,60,1117,我还想补充，如果带小孩的话建议带个推车。,,0,0,1,2026/5/26 19:14,2026/5/26 19:14
1118,1309,54,1117,好的，谢谢推荐。,,1,0,1,2026/5/25 20:35,2026/5/25 20:35
1119,1306,127,1119,上次去的时候正好赶上活动，现场氛围特别棒。,,0,0,1,2026/5/2 8:47,2026/5/2 8:47
1120,1306,141,1119,同意！而且那边周边吃的东西也挺多的。,,0,0,1,2026/4/27 20:07,2026/4/27 20:07
1121,601,21,1121,学习了，谢谢。,,0,0,1,2026/5/15 13:32,2026/5/15 13:32
1122,697,89,1121,其实旁边的XX也不错，可以一起安排在一天。,,3,0,1,2026/5/4 13:12,2026/5/4 13:12
1123,697,140,1123,好的，谢谢推荐。,,0,0,1,2026/5/5 11:22,2026/5/5 11:22
1124,730,22,1123,我去过好几次了，每次都能发现新东西。,,0,0,1,2026/4/21 17:44,2026/4/21 17:44
1125,730,87,1125,其实旁边的XX也不错，可以一起安排在一天。,,0,0,1,2026/4/20 5:11,2026/4/20 5:11
1126,17,3,1125,太真实了，点赞。,,2,0,1,2026/5/29 12:21,2026/5/29 12:21
1127,17,132,1127,和博主感受差不多，这个地方确实被低估了。,,0,0,1,2026/5/23 21:30,2026/5/23 21:30
1128,17,126,1127,确实是个好地方，去过几次每次感受都不一样。,,1,0,1,2026/5/24 3:17,2026/5/24 3:17
1129,44,5,1129,确实，网上有些攻略写得太夸张了，还是这种实在。,,0,0,1,2026/3/14 20:46,2026/3/14 20:46
1130,44,133,1129,了解了，谢谢！,,0,0,1,2026/3/14 10:49,2026/3/14 10:49
1131,44,147,1131,补充一个信息，那边停车确实不太方便，建议公共交通。,,0,0,1,2026/3/14 14:04,2026/3/14 14:04
1132,48,28,1131,没错，英雄所见略同！,,3,0,1,2026/2/16 14:41,2026/2/16 14:41
1133,55,32,1133,说出了我想说的。,,1,0,1,2026/3/10 2:52,2026/3/10 2:52
1134,68,172,1133,补充一点：那边的洗手间在XX位置，第一次去可能找不到。,,0,0,1,2026/5/2 0:03,2026/5/2 0:03
1135,68,3,1135,门票可以提前在公众号上预约，现场买有时候会排队。,,0,0,1,2026/5/2 17:44,2026/5/2 17:44
1136,68,100,1135,我去过好几次了，每次都能发现新东西。,,1,0,1,2026/5/1 23:25,2026/5/1 23:25
1137,68,51,1137,那个地方晚上的感觉和白天完全不一样，建议都体验一下。,,0,0,1,2026/5/2 0:30,2026/5/2 0:30
1138,70,27,1137,提醒得好，我就是因为没提前预约白跑了一趟。,,0,0,1,2026/5/16 14:51,2026/5/16 14:51
1139,70,111,1139,我也去过，补充一下：里面洗手间位置可以提前了解一下。,,3,0,1,2026/5/16 14:34,2026/5/16 14:34
1140,71,145,1139,提醒得好，我就是因为没提前预约白跑了一趟。,,0,0,1,2026/6/1 21:17,2026/6/1 21:17
1141,81,163,1141,再多说一句，尽量避开节假日去。,,0,0,1,2026/6/8 22:32,2026/6/8 22:32
1142,81,145,1141,说出了我想说的。,,2,0,1,2026/6/8 23:40,2026/6/8 23:40
1143,110,112,1143,我去的时候是淡季，体验完全不一样，更安静。,,3,0,1,2026/5/18 10:12,2026/5/18 10:12
1144,110,3,1143,同意！而且那边周边吃的东西也挺多的。,,0,0,1,2026/5/15 19:07,2026/5/15 19:07
1145,110,140,1145,其实旁边的XX也不错，可以一起安排在一天。,,1,0,1,2026/5/15 23:38,2026/5/15 23:38
1146,125,54,1145,我去的时候是淡季，体验完全不一样，更安静。,,0,0,1,2026/5/22 20:16,2026/5/22 20:16
1147,136,181,1147,不错不错，标注一下。,,0,0,1,2026/4/27 7:23,2026/4/27 7:23
1148,171,21,1147,工作日中午去人会少很多，周末完全不是一个体验。,,0,0,1,2026/3/13 16:18,2026/3/13 16:18
1149,171,69,1149,拍照的话建议早上去，光线好而且人少。,,0,0,1,2026/3/14 6:59,2026/3/14 6:59
1150,171,180,1149,写得挺好的，参考了。,,1,0,1,2026/3/13 8:56,2026/3/13 8:56
1151,171,154,1151,get，谢谢博主。,,1,0,1,2026/3/13 16:08,2026/3/13 16:08
1152,181,176,1151,不错不错，标注一下。,,0,0,1,2026/5/18 18:17,2026/5/18 18:17
1153,181,150,1153,不错不错，标注一下。,,0,0,1,2026/5/18 4:17,2026/5/18 4:17
1154,181,23,1153,上次带家人去的，老人小孩都能找到感兴趣的点。,,0,0,1,2026/5/17 23:40,2026/5/17 23:40
1155,182,31,1155,拍照的话建议早上去，光线好而且人少。,,0,0,1,2026/4/6 10:28,2026/4/6 10:28
1156,182,74,1155,没错，英雄所见略同！,,0,0,1,2026/4/6 18:28,2026/4/6 18:28
1157,182,63,1157,我也去过，补充一下：里面洗手间位置可以提前了解一下。,,2,0,1,2026/4/6 8:13,2026/4/6 8:13
1158,190,89,1157,适合一个人慢慢逛，不用赶时间。,,0,0,1,2026/4/24 1:15,2026/4/24 1:15
1159,190,134,1159,get，谢谢博主。,,0,0,1,2026/4/23 21:28,2026/4/23 21:28
1160,200,41,1159,那个地方晚上的感觉和白天完全不一样，建议都体验一下。,,0,0,1,2026/5/27 2:26,2026/5/27 2:26
1161,200,97,1161,其实旁边的XX也不错，可以一起安排在一天。,,2,0,1,2026/5/29 12:38,2026/5/29 12:38
1162,200,69,1161,没错，英雄所见略同！,,2,0,1,2026/5/26 21:26,2026/5/26 21:26
1163,204,141,1163,工作日中午去人会少很多，周末完全不是一个体验。,,3,0,1,2026/5/6 2:32,2026/5/6 2:32
1164,204,123,1163,收到，感谢分享！,,0,0,1,2026/5/4 19:50,2026/5/4 19:50
1165,204,56,1165,记下来了，多谢。,,0,0,1,2026/5/8 14:53,2026/5/8 14:53
1166,229,4,1165,补充一点：那边的洗手间在XX位置，第一次去可能找不到。,,0,0,1,2026/5/21 11:31,2026/5/21 11:31
1167,229,44,1167,收到，感谢分享！,,0,0,1,2026/5/20 17:13,2026/5/20 17:13
1168,229,35,1167,我也去过，补充一下：里面洗手间位置可以提前了解一下。,,0,0,1,2026/5/20 13:57,2026/5/20 13:57
1169,255,143,1169,写得挺好的，参考了。,,3,0,1,2026/3/15 23:20,2026/3/15 23:20
1170,275,32,1169,再补充一下，那边附近还有一个值得逛的地方。,,0,0,1,2026/5/15 20:18,2026/5/15 20:18
1171,275,137,1171,不错不错，标注一下。,,0,0,1,2026/5/16 5:10,2026/5/16 5:10
1172,275,142,1171,说出了我想说的。,,0,0,1,2026/5/15 21:21,2026/5/15 21:21
1173,275,117,1173,谢谢提醒！本来打算这周末去的，看来要重新安排一下。,,3,0,1,2026/5/15 22:38,2026/5/15 22:38
1174,388,44,1173,其实旁边的XX也不错，可以一起安排在一天。,,0,0,1,2026/6/12 23:59,2026/6/12 23:59
1175,388,124,1175,完全同意你的看法。,,2,0,1,2026/6/12 23:59,2026/6/12 23:59
1176,388,29,1175,门票可以提前在公众号上预约，现场买有时候会排队。,,0,0,1,2026/6/12 23:59,2026/6/12 23:59
1177,388,107,1177,好的，谢谢推荐。,,3,0,1,2026/6/12 23:59,2026/6/12 23:59
1178,397,151,1177,同意！而且那边周边吃的东西也挺多的。,,0,0,1,2026/5/7 19:08,2026/5/7 19:08
1179,446,137,1179,说得太对了，我上次去也是这个感觉！,,2,0,1,2026/2/14 14:47,2026/2/14 14:47
1180,446,122,1179,带身份证！有些地方需要身份证才能进场。,,0,0,1,2026/2/14 19:55,2026/2/14 19:55
1181,466,49,1181,好的，谢谢推荐。,,0,0,1,2026/5/18 17:49,2026/5/18 17:49
1182,470,90,1181,说得太对了，我上次去也是这个感觉！,,0,0,1,2026/3/12 7:42,2026/3/12 7:42
1183,480,109,1183,我去过好几次了，每次都能发现新东西。,,0,0,1,2026/4/30 15:51,2026/4/30 15:51
1184,483,2,1183,补充一个信息，那边停车确实不太方便，建议公共交通。,,1,0,1,2026/4/1 12:20,2026/4/1 12:20
1185,483,37,1185,说得对，第一次去真的很容易走冤枉路。,,0,0,1,2026/4/1 10:31,2026/4/1 10:31
1186,483,13,1185,我还想补充，如果带小孩的话建议带个推车。,,0,0,1,2026/4/1 12:20,2026/4/1 12:20
1187,519,46,1187,不错不错，标注一下。,,0,0,1,2026/3/30 22:44,2026/3/30 22:44
1188,519,67,1187,说得太对了，我上次去也是这个感觉！,,0,0,1,2026/3/28 3:20,2026/3/28 3:20
1189,519,49,1189,get，谢谢博主。,,0,0,1,2026/3/27 14:45,2026/3/27 14:45
1190,519,97,1189,get，谢谢博主。,,0,0,1,2026/3/27 15:34,2026/3/27 15:34
1191,523,57,1191,上次带家人去的，老人小孩都能找到感兴趣的点。,,1,0,1,2026/6/7 12:26,2026/6/7 12:26
1192,523,54,1191,补充一个信息，那边停车确实不太方便，建议公共交通。,,0,0,1,2026/6/8 9:46,2026/6/8 9:46
1193,551,99,1193,说出了我想说的。,,0,0,1,2026/5/17 5:20,2026/5/17 5:20
1194,588,98,1193,说得太对了，我上次去也是这个感觉！,,0,0,1,2026/6/10 17:53,2026/6/10 17:53
1195,607,24,1195,get，谢谢博主。,,0,0,1,2026/5/23 14:58,2026/5/23 14:58
1196,607,108,1195,去过一次觉得还行，但确实像你说的有这些小问题。,,0,0,1,2026/5/26 17:12,2026/5/26 17:12
1197,607,97,1197,太真实了，点赞。,,0,0,1,2026/5/22 15:45,2026/5/22 15:45
1198,618,125,1197,好的，谢谢推荐。,,1,0,1,2026/3/6 18:21,2026/3/6 18:21
1199,620,123,1199,写得挺好的，参考了。,,0,0,1,2026/4/19 23:30,2026/4/19 23:30
1200,620,181,1199,再补充一下，那边附近还有一个值得逛的地方。,,0,0,1,2026/4/20 0:29,2026/4/20 0:29
1201,620,72,1201,其实旁边的XX也不错，可以一起安排在一天。,,0,0,1,2026/4/20 2:48,2026/4/20 2:48
1202,634,162,1201,没错，英雄所见略同！,,0,0,1,2026/4/28 17:10,2026/4/28 17:10
1203,634,87,1203,适合一个人慢慢逛，不用赶时间。,,0,0,1,2026/4/28 3:45,2026/4/28 3:45
1204,638,15,1203,补充一点：那边的洗手间在XX位置，第一次去可能找不到。,,2,0,1,2026/5/25 18:49,2026/5/25 18:49
1205,638,143,1205,工作日中午去人会少很多，周末完全不是一个体验。,,2,0,1,2026/5/25 19:55,2026/5/25 19:55
1206,641,11,1205,确实是个好地方，去过几次每次感受都不一样。,,0,0,1,2026/3/4 19:23,2026/3/4 19:23
1207,680,133,1207,之前听别人推荐过，看了你的评价更想去了。,,1,0,1,2026/5/13 13:15,2026/5/13 13:15
1208,683,26,1207,收到，感谢分享！,,3,0,1,2026/5/11 14:57,2026/5/11 14:57
1209,683,31,1209,收藏了！正好在规划北京一日游的路线。,,2,0,1,2026/5/10 23:03,2026/5/10 23:03
1210,685,87,1209,拍照的话建议早上去，光线好而且人少。,,0,0,1,2026/5/28 6:00,2026/5/28 6:00
1211,709,16,1211,我也去过，补充一下：里面洗手间位置可以提前了解一下。,,0,0,1,2026/4/22 12:08,2026/4/22 12:08
1212,709,37,1211,其实旁边的XX也不错，可以一起安排在一天。,,2,0,1,2026/4/23 5:49,2026/4/23 5:49
1213,145,128,1213,去过一次觉得还行，但确实像你说的有这些小问题。,,0,0,1,2026/4/27 18:34,2026/4/27 18:34
1214,145,147,1213,收到，感谢分享！,,1,0,1,2026/4/28 1:19,2026/4/28 1:19
1215,187,99,1215,和博主感受差不多，这个地方确实被低估了。,,0,0,1,2026/6/12 23:59,2026/6/12 23:59
1216,187,48,1215,提醒得好，我就是因为没提前预约白跑了一趟。,,1,0,1,2026/6/12 23:59,2026/6/12 23:59
