id,user_id,destination_id,route_history_id,title,content_text,content_compressed,heat_score,rating_score,visibility,status,created_at,updated_at
,2,730,,悦美术馆游记,"今天去了悦美术馆。

怎么这么小。

穿过一片树林后，味道有点大。

幸好没抱什么期望。",,0,4.22,public,1,2026/1/29 14:43,2026/1/29 22:50
,2,697,,北京金台艺术馆游记,"今天去了北京金台艺术馆。

有点失望。

跟着一群游客走到，有一片区域在翻新。

路过里面的博明杰商店超市进去转了转

逛了两个小时出来感觉腿不是自己的了。",,0,4.83,public,1,2026/5/16 3:11,2026/5/22 11:03
,3,218,,一个人的阳平会馆戏楼,"今天去了阳平会馆戏楼。

阴天，凉快。

觉得还行吧。

听见水声找过去，小桥流水还挺有意境。

下了几级台阶后，草地可以坐很多人铺了垫子。

景区里有卖小吃的随便买了点

走的时候恋恋不舍。",,0,3.47,public,1,2026/2/16 10:57,2026/2/19 19:56
,4,326,,逛广济寺的半天,"今天去了广济寺。

下着毛毛雨。

不愧是名不虚传。

从主路拐进小路，有小孩在放风筝。

在亭子里坐了会儿，有小孩在放风筝。

健身器材有人在用

景区里有卖小吃的随便买了点

总的来说是个不错的去处。",,4.27,3.84,public,1,2026/3/10 7:18,2026/3/13 23:17
,4,917,,兰花文化休闲公园的回忆,"今天去了兰花文化休闲公园。

很舒服的天气。

很安静。

走到一处开阔地，有几棵银杏树特别好看。

回头看过来时的路，没看到工作人员。

找到一个很舒服的角落坐了很久

出地铁站的时候下起了小雨还好逛完了。",,0,3.27,public,1,2026/4/20 14:15,2026/4/28 16:22
,4,717,,逛中国传媒博物馆的上午,"今天去了中国传媒博物馆。

雾霾有点重。

绿化很好。

回头看过来时的路，廊下的风铃在响。

走进小巷子后，健身器材区有几个大叔。

洗手间还挺干净的

路过附近快餐看到排长队下次再来吃

有一个能放松的地方真好。",,3.11,0,public,1,2026/2/18 0:25,2026/2/20 11:29
,5,834,,慢逛北京朝阳剧场,"今天去了北京朝阳剧场。

气温刚好。

觉得还行吧。

穿过一片树林后，草地可以坐很多人铺了垫子。

拐过一个弯看到，地里种着蔬菜。

回头看过来时的路，其实比外面看起来大多了。

在亭子里坐了会儿，有老人在练太极。

带了零食进去出来才找地方吃饭

已经安利给朋友了。",,3,0,public,1,2026/5/31 0:01,2026/5/31 12:00
,6,240,,和敬公主府游记,"今天去了和敬公主府。

天空特别蓝。

比想象的大。

走了一圈发现，健身器材区有几个大叔。

回来路上越想越不值。",,1.35,4.08,public,1,2026/5/23 11:44,2026/5/29 20:42
,6,45,,绮望楼游记,"今天去了绮望楼。

风很大。

布局有点乱。

走进小巷子后，看到了野鸭。

性价比很高的一个下午。",,0,0,public,1,2026/4/5 16:08,2026/4/8 6:55
,6,164,,关于北京孔庙,"今天去了北京孔庙。

出乎意料的好。

绕到建筑后面，亭子里有几个人在聊天。

路边的银杏叶开始变黄了真好看。",,0,0,public,1,2026/1/4 8:21,2026/1/5 12:27
,7,1047,,北京国际露营公园游记,"今天去了北京国际露营公园。

一般般。

往深处探了探，路修得很好走。

如果住在附近应该会常来。",,0,4.95,public,1,2026/2/12 0:25,2026/2/21 0:33
,7,1282,,逛运河苑温泉水世界的午后,"今天去了运河苑温泉水世界。

微风。

有点破旧。

经过一个不起眼的入口，风景确实不错。

就当是散了个步吧。",,0,0,public,1,2026/4/22 11:19,2026/4/25 23:09
,9,305,,关于梨园剧场,"今天去了梨园剧场。

很舒服的天气。

比想象的大。

登上高处看到，静谧得能听到风声。

穿过那道门之后，洗手间维护得很好。

健身器材有人在用

路边的银杏叶开始变黄了真好看。",,1.53,4.22,public,1,2026/2/27 17:45,2026/3/6 22:11
,9,281,,逛繁星戏剧村的午后,"今天去了繁星戏剧村。

雾霾有点重。

挺热闹的。

穿过一片树林后，小桥流水还挺有意境。

边走边看，有小孩在放风筝。

走了一圈没看到想吃的

下次要带相机来。",,3.94,4.32,public,1,2026/5/14 11:26,2026/5/17 8:26
,9,702,,关于大韵堂美术馆,"今天去了大韵堂美术馆。

秋高气爽。

交通挺方便的。

登上高处看到，看得出经常有人打理。

穿过那道门之后，静谧得能听到风声。

在旁边小店要了一份咖啡40元味道超出预期

不知道网上好评怎么来的。",,0,0,public,1,2026/1/16 14:53,2026/1/23 22:04
,10,756,,去了趟东方梅地亚中心M剧场,"今天去了东方梅地亚中心M剧场。

晴天，阳光很好。

觉得还行吧。

走到一半突然觉得，地里种着蔬菜。

在花坛边站了一会儿，里面卖的东西太贵了。

街角有家附近家常菜馆看起来不错进去试了烧烤

幸好没抱什么期望。",,0,0,public,1,2026/3/21 7:02,2026/3/25 9:07
,11,1239,,关于三羊古火山景区,"今天去了三羊古火山景区。

出乎意料的好。

转了个弯就看到了，轮椅也能走大部分路。

就是奔这来的果然没失望。",,0,4,public,1,2026/1/11 12:36,2026/1/13 20:14
,13,1287,,关于海豚湾婴幼儿水育馆,"今天去了海豚湾婴幼儿水育馆。

有点闷热。

比照片上好看。

穿过一片树林后，设施有点老旧了。

走到一处开阔地，挺适合带小朋友来的。

好吃不贵74块钱管饱

回来路上越想越不值。",,0,3.77,public,1,2026/4/4 16:36,2026/4/10 11:09
,14,1132,,关于聚灵峡景区,"今天去了聚灵峡景区。

阴天，凉快。

交通挺方便的。

走了一圈发现，味道有点大。

听见水声找过去，这个季节的叶子颜色真好。

在花坛边站了一会儿，卫生间味道有点大。

脱离了主路后，自动贩卖机是坏的。

挺失望的。

情侣挺多的。",,4.9,3.07,public,1,2026/5/9 21:00,2026/5/19 12:48
,14,601,,白浮泉湿地公园游记,"今天去了白浮泉湿地公园。

有点闷热。

怎么这么小。

走了一圈发现，门票有点贵。

穿过一片树林后，轮椅也能走大部分路。

走累了抬头一看，停车场收费太贵。

认真逛下来发现，有人在遛狗。

找充电口找了半天

附近面馆评分挺高试了韩餐确实不错

回来路上越想越不值。",,4.99,3.87,private,1,2026/5/3 13:25,2026/5/11 21:46
,15,107,,斋堂城遗址的回忆,"今天去了斋堂城遗址。

有点热。

环境不错。

逛着逛着觉得，适合发呆。

沿着围墙走着，门票有点贵。

wifi信号不好

那家京西城门根儿面馆的中餐厅比景区里卖的好吃多了

人生嘛多走走多看看挺好的。",,0,3.46,public,1,2026/5/13 15:38,2026/5/16 14:47
,15,32,,逛养心殿的上午,"今天去了养心殿。

有点热。

地方挺偏僻的。

经过一个不起眼的入口，隐约闻到花香。

在亭子里坐了会儿，有块石头刻着字。

没在外面吃坐地铁回家自己做的

下次应该不会再来了。",,0,4.99,public,1,2026/2/16 1:27,2026/2/20 17:32
,16,790,,慢逛松榆里公园,"今天去了松榆里公园。

多云，不晒。

交通挺方便的。

绕着湖走的时候，看到了野鸭。

出地铁站的时候下起了小雨还好逛完了。",,0,0,public,1,2026/5/6 12:09,2026/5/7 0:38
,16,944,,去了趟昊天公园,"今天去了昊天公园。

下午有点晒。

维护得挺好。

在小路上走着，在这里坐了一下午都不想走。

晒了一下午太阳满足了。",,0,0,public,1,2026/5/25 23:13,2026/5/31 6:58
,16,1042,,一个人的槐新公园,"今天去了槐新公园。

没网上说的那么好。

溜达了一会儿后，来这里的人大多是周边居民。

出来饿得不行在附近家常菜馆吃了个中餐厅很满足

一个人走走停停也挺好。",,2.36,4.89,public,1,2026/3/14 3:11,2026/3/15 11:45
,17,1055,,去了趟北京国际汽车露营公园,"今天去了北京国际汽车露营公园。

有点热。

交通挺方便的。

顺着路牌拐进去，风景确实不错。

走到一半突然觉得，这里的日落很美。

走到最深处，在这里坐了一下午都不想走。

穿过一片树林后，草坪维护得很整齐。

找充电口找了半天

路过亿大碗牛肉面看到排长队下次再来吃

回来路上越想越不值。",,0,0,public,1,2026/1/7 8:28,2026/1/15 18:31
,17,860,,去了趟朝来农艺园,"今天去了朝来农艺园。

天空特别蓝。

出乎意料的好。

坐在长椅上想，水景做得不错。

走到最深处，健身器材区有几个大叔。

在花坛边站了一会儿，指示牌很清晰。

逛着逛着觉得，有人在跳广场舞。

自动贩卖机的饮料比外面贵一倍

一天好心情的来源。

有好几个可以休息的地方。",,0,3.22,public,1,2026/1/29 2:17,2026/1/30 17:09
,18,228,,关于总理衙门,"今天去了总理衙门。

晴天，阳光很好。

环境不错。

坐在长椅上想，有小孩在放风筝。

经过一个不起眼的入口，很适合拍照。

在花坛边站了一会儿，售票处效率很低。

往深处探了探，这个季节的叶子颜色真好。

看到有个咖啡角刚好渴了进去买了瓶水

在旁边小店吃家常菜的时候外面突然下雨了

今天路费加门票加吃饭一共不到一百块。",,0,3.89,public,1,2026/3/24 18:34,2026/4/2 3:25
,19,1245,,逛轩辕台的午后,"今天去了轩辕台。

多云转晴。

不愧是名不虚传。

跟着一群游客走到，湖面很平静。

绕着湖走的时候，导游喇叭声很大。

转了个弯就看到了，挺适合带小朋友来的。

从主路拐进小路，有一片区域在翻新。

走廊里有遮阳不怕晒

路过旁边的饺子馆看到排长队下次再来吃

这种不赶时间的旅行最舒服。

整体设计还是用了心的。",,0,3.75,public,1,2026/1/17 13:49,2026/1/18 17:58
,21,486,,北京四季青果林所观光采摘园的见闻,"今天去了北京四季青果林所观光采摘园。

有点闷热。

很精致。

走到一处开阔地，草地可以坐很多人铺了垫子。

坐在长椅上想，就在市区里很方便。

穿过那道门之后，有些游客乱扔垃圾。

往深处探了探，路边有卖糖葫芦的。

里面有充电宝可以借

随便吃了点重点是逛不是吃

也就这样吧。

能听到鸟叫声。",,0,0,public,1,2026/5/8 17:42,2026/5/17 4:42
,21,1272,,去了趟东润鑫艺园,"今天去了东润鑫艺园。

微风。

没网上说的那么好。

脱离了主路后，其实比外面看起来大多了。

溜达了一会儿后，有鱼塘可以垂钓。

顺着路牌拐进去，自动贩卖机是坏的。

停车场还挺大的

景区里有卖小吃的随便买了点

出地铁站的时候下起了小雨还好逛完了。

看得出经常有人打理。",,0,3.83,public,1,2026/3/28 1:03,2026/4/5 2:51
,21,860,,逛朝来农艺园的半天,"今天去了朝来农艺园。

光线好。

人真多。

在花坛边站了一会儿，有块石头刻着字。

走到一半突然觉得，每个角落都很用心。

边走边看，能俯瞰整个区域。

站在桥上往下看，松树好高。

路修得平整推婴儿车没问题

选了家京湘汇(来广营店)试了韩餐还不错下次还可以来

人生嘛多走走多看看挺好的。

看到了野鸭。",,0,0,public,1,2026/3/19 2:29,2026/3/28 3:37
,22,75,,十三陵·定陵的流水账,"今天去了十三陵·定陵。

有点闷热。

挺大气的。

穿过那道门之后，找到了一个适合看书的位置。

挺失望的。",,0,4.49,public,1,2026/3/19 18:13,2026/3/26 3:50
,22,376,,打卡泾县会馆旧址,"今天去了泾县会馆旧址。

早上还下了点雨，到的时候停了。

空气很好。

在亭子里坐了会儿，健身器材区有几个大叔。

饿了就随便找了家旁边小店韩餐竟然还挺好吃

如果住在附近应该会常来。",,3.14,4.13,public,1,2026/1/15 15:10,2026/1/17 19:46
,22,39,,关于漪澜堂,"今天去了漪澜堂。

阴天，凉快。

没什么人。

边走边看，路不太平，差点崴脚。

就是奔这来的果然没失望。",,0,0,public,1,2026/1/8 7:15,2026/1/9 0:49
,23,228,,逛总理衙门的午后,"今天去了总理衙门。

下着毛毛雨。

绿化很好。

下了几级台阶后，离市中心还挺远的但值得。

在湖边站了一会儿，路边有卖糖葫芦的。

有阳光有绿树有鸟叫还有什么不满足的。",,0,0,public,1,2026/2/18 2:34,2026/2/26 17:40
,23,100,,去了趟国子监街,"今天去了国子监街。

天空特别蓝。

交通挺方便的。

跟着一群游客走到，有人在跳广场舞。

坐在长椅上想，闹中取静的感觉。

台阶有点多膝盖不好慎来

那家红叶拾楠的日料比景区里卖的好吃多了

很满意的一次出行。",,4.58,0,public,1,2026/1/16 19:49,2026/1/23 22:33
,23,514,,北京卧佛寺游记,"今天去了北京卧佛寺。

刚下过雨。

有点破旧。

回头看过来时的路，围墙上爬满了藤蔓。

经过一个不起眼的入口，能听到鸟叫声。

走了一圈没看到想吃的

如果住在附近应该会常来。",,0,3.2,public,1,2026/1/27 17:06,2026/1/29 15:13
,24,982,,走进太扬公园,"今天去了太扬公园。

秋高气爽。

味道有点大。

登上高处看到，指示牌太少迷路了。

走的时候松了口气。",,3.05,4.57,public,1,2026/5/20 17:30,2026/5/23 15:41
,24,88,,去了趟将军石,"今天去了将军石。

有点热。

绿化很好。

跟着一群游客走到，门票有点贵。

就当是散了个步吧。",,2.58,0,private,1,2026/4/18 16:20,2026/4/19 23:13
,24,944,,昊天公园游记,"今天去了昊天公园。

早上还下了点雨，到的时候停了。

没什么人。

溜达了一会儿后，看到了野鸭。

下次挑个晴天再来看看。",,0,0,public,1,2026/3/16 23:39,2026/3/18 0:26
,25,29,,逛保和殿的午后,"今天去了保和殿。

秋高气爽。

比想象的小。

跟着音乐声过去，安静得能听到自己的脚步声。

在花坛边站了一会儿，设施有点老旧了。

在君庭中餐厅(首都宾馆店)吃了碗火锅真香

今天手机相册加了五十多张照片。",,0,0,public,1,2026/5/31 17:13,2026/5/31 20:50
,25,16,,关于古北水镇,"今天去了古北水镇。

多云转晴。

比照片上好看。

登上高处看到，这个地方还挺有意思的。

走累了抬头一看，有小孩在放风筝。

洗手间还挺干净的

出来饿得不行在附近面馆吃了个火锅很满足

就是奔这来的果然没失望。",,4.91,0,private,1,2026/4/2 6:59,2026/4/2 20:40
,25,248,,逛大公主府的午后,"今天去了大公主府。

有点闷热。

觉得还行吧。

走到最深处，在这里坐了一下午都不想走。

在亭子里坐了会儿，地里种着蔬菜。

回家洗个热水澡今天完美。",,0.18,0,public,1,2026/5/20 1:00,2026/5/29 12:05
,26,752,,去了趟北京市城市街区24小时自助图书馆,"今天去了北京市城市街区24小时自助图书馆。

布局有点乱。

爬到山顶发现，水景做得不错。

走的时候恋恋不舍。",,4.47,0,public,1,2026/3/26 20:20,2026/3/31 17:51
,26,25,,关于正阳美术馆,"今天去了正阳美术馆。

早上还下了点雨，到的时候停了。

挺热闹的。

走到一处开阔地，每个角落都很用心。

走了一圈没看到想吃的

挺治愈的一个地方。",,0,3.7,private,1,2026/4/28 0:25,2026/5/6 18:27
,26,761,,逛北京剧院的上午,"今天去了北京剧院。

挺热闹的。

边走边看，停车场收费太贵。

跟网上宣传的差太多了。",,0,3.72,public,1,2026/1/25 12:16,2026/1/26 8:51
,28,1097,,走进田义墓,"今天去了田义墓。

天空特别蓝。

绿化很好。

走到最深处，停车场收费太贵。

回头看过来时的路，有一片区域在翻新。

拐过一个弯看到，有几棵大树很有年头。

看到有人在做保洁收拾得很勤快

很满意的一次出行。",,0,3.9,public,1,2026/4/6 9:09,2026/4/8 20:27
,29,955,,将军坨风景区游记,"今天去了将军坨风景区。

天空特别蓝。

不愧是名不虚传。

往深处探了探，周围的居民过来下象棋。

沿着围墙走着，有个小瀑布。

有一个能放松的地方真好。",,0.13,3.74,public,1,2026/1/27 23:12,2026/1/30 21:10
,30,1264,,沙古堆大樱桃专业合作社游记,"今天去了沙古堆大樱桃专业合作社。

下着毛毛雨。

不愧是名不虚传。

绕到建筑后面，门票有点贵。

边走边看，远处的山影很漂亮。

那家附近面馆的小吃比景区里卖的好吃多了

就当是散了个步吧。",,0.28,0,public,1,2026/3/26 0:08,2026/4/1 3:37
,30,399,,京香绿谷观光采摘园的流水账,"今天去了京香绿谷观光采摘园。

天空特别蓝。

怎么这么小。

溜达了一会儿后，小桥流水还挺有意境。

绕着湖走的时候，能俯瞰整个区域。

吃完小吃觉得这趟更值了

已经安利给朋友了。",,0,4.54,public,1,2026/1/8 23:58,2026/1/9 9:14
,31,137,,去了趟十三陵·景陵,"今天去了十三陵·景陵。

很舒服的天气。

地方挺偏僻的。

沿着围墙走着，没看到工作人员。

顺着路牌拐进去，很适合拍照。

路边京白梨家常菜的川菜是本地的味道

大老远跑来不值。",,4.3,3.26,public,1,2026/5/20 11:48,2026/5/24 9:49
,32,93,,狼窝港密檐塔游记,"今天去了狼窝港密檐塔。

有点热。

人真多。

下了几级台阶后，有些角落特别有生活气息。

坐在长椅上想，有几棵银杏树特别好看。

在库迪咖啡(中央民族大学丰台校区店)吃火锅的时候外面突然下雨了

在门口又回头看了一眼。",,0,4,public,1,2026/5/29 4:24,2026/5/29 17:00
,32,22,,关于乾清门,"今天去了乾清门。

下着毛毛雨。

怎么这么小。

站在桥上往下看，有一片开得很好的月季。

坐在长椅上想，这里的日落很美。

今天路费加门票加吃饭一共不到一百块。",,3.82,0,public,1,2026/1/27 0:10,2026/1/30 6:12
,33,352,,逛仪亲王府的一天,"今天去了仪亲王府。

多云转晴。

有点破旧。

跟着一群游客走到，松树好高。

走进小巷子后，就在市区里很方便。

拐过一个弯看到，有些角落特别有生活气息。

台阶有点多膝盖不好慎来

出来饿得不行在无韵诗咖啡(北京西单店)吃了个麻辣烫很满足

打卡成功下一个去哪呢。",,4.02,3.3,public,1,2026/1/8 13:21,2026/1/10 6:16
,33,51,,去了趟郑王府,"今天去了郑王府。

阴天，凉快。

环境不错。

沿着围墙走着，湖面很平静。

绕到建筑后面，有个小瀑布。

穿过那道门之后，设施有点老旧了。

脱离了主路后，挺适合带小朋友来的。

中午吃了麻辣烫晚上回去又饿了

下次来的时候换个角度逛。",,2.89,0,private,1,2026/5/8 7:16,2026/5/17 20:18
,34,197,,北京市东南城角角楼文物保管所的回忆,"今天去了北京市东南城角角楼文物保管所。

下着毛毛雨。

没什么人。

走到一半突然觉得，有个小瀑布。

走到最深处，隐约闻到花香。

在亭子里坐了会儿，门票有点贵。

健身器材有人在用

本来不饿闻到香味还是进去了重庆火锅(南郝庄店)

下次来的时候换个角度逛。",,0,4.05,public,1,2026/2/10 6:16,2026/2/17 2:39
,34,213,,去了趟正乙祠,"今天去了正乙祠。

多云转晴。

一般般。

跟着音乐声过去，洗手间维护得很好。

走进小巷子后，看到了野鸭。

穿过那道门之后，有个小瀑布。

从主路拐进小路，地上的落叶踩上去软软的。

里面可以租轮椅

中午吃了中餐厅晚上回去又饿了

今天路费加门票加吃饭一共不到一百块。

廊下的风铃在响。",,0.4,4.31,public,1,2026/1/9 4:02,2026/1/12 16:49
,35,887,,关于蟹岛绿色生态农庄,"今天去了蟹岛绿色生态农庄。

秋高气爽。

人真多。

站在桥上往下看，人少的时候应该体验更好。

无意间看到，有几个地方在施工。

台阶有点多膝盖不好慎来

值得再来。",,0,0,public,1,2026/5/7 18:42,2026/5/13 14:15
,36,135,,十三陵·泰陵的回忆,"今天去了十三陵·泰陵。

风很大。

出乎意料的好。

在小路上走着，蚊子有点多。

走到一半突然觉得，廊下的风铃在响。

路过山西刀削面看到排长队下次再来吃

今天路费加门票加吃饭一共不到一百块。",,1.68,4.28,public,1,2026/4/28 1:10,2026/4/29 9:25
,37,545,,关于香水苑公园,"今天去了香水苑公园。

有点闷热。

维护得挺好。

转了个弯就看到了，有个小瀑布。

台阶有点多膝盖不好慎来

也许这就是生活在城市的乐趣吧。",,0,3.37,public,1,2026/4/11 1:22,2026/4/15 1:53
,37,787,,慢逛翠城公园,"今天去了翠城公园。

下着毛毛雨。

很安静。

走进小巷子后，有块石头刻着字。

有一个能放松的地方真好。",,0,0,public,1,2026/1/23 22:58,2026/1/29 15:31
,37,508,,大钟寺古钟博物馆的见闻,"今天去了大钟寺古钟博物馆。

有点破旧。

无意间看到，老人家应该会喜欢这里。

记下这次经历怕以后忘了。",,3.4,4.57,public,1,2026/5/9 22:54,2026/5/12 15:31
,38,927,,关于龙仙宫旅游景区,"今天去了龙仙宫旅游景区。

多云，不晒。

布局有点乱。

经过一个不起眼的入口，远处的山影很漂亮。

绕到建筑后面，有些地方很滑。

蚊子很多建议带驱蚊水

点了个烧烤分量挺足的

跟网上宣传的差太多了。",,0,3.62,private,1,2026/4/20 12:00,2026/4/21 5:50
,38,677,,去了趟北京红螺湖鸟岛,"今天去了北京红螺湖鸟岛。

雾霾有点重。

有点失望。

走到一半突然觉得，指示牌太少迷路了。

溜达了一会儿后，情侣挺多的。

选了家松鹤楼(台基厂店)试了烧烤还不错下次还可以来

这种不赶时间的旅行最舒服。",,4.53,0,public,1,2026/3/16 6:29,2026/3/21 18:07
,39,1060,,打卡紫谷伊甸园,"今天去了紫谷伊甸园。

天空特别蓝。

人真多。

经过一个不起眼的入口，垃圾桶有点少。

无意间看到，松树好高。

逛着逛着觉得，这个季节的叶子颜色真好。

找充电口找了半天

找吃的找了半天最后吃了碗家常菜

路边的银杏叶开始变黄了真好看。",,0,4.23,public,1,2026/5/29 15:26,2026/5/30 0:39
,39,1124,,立思辰公园游记,"今天去了立思辰公园。

雾霾有点重。

比想象的大。

走到一半突然觉得，有些地方很滑。

边走边看，风景确实不错。

走到一处开阔地，卫生间味道有点大。

成记烟酒里东西不多但挺有意思

走了一圈没看到想吃的

已经安利给朋友了。

围墙上爬满了藤蔓。",,0,0,private,1,2026/5/9 4:48,2026/5/15 13:38
,40,722,,国际金融博物馆游记,"今天去了国际金融博物馆。

多云转晴。

挺空旷的。

在亭子里坐了会儿，围墙上爬满了藤蔓。

脱离了主路后，假山堆得有模有样。

走了一圈没看到想吃的

也就这样吧。",,0,3.12,public,1,2026/2/28 9:31,2026/3/9 0:37
,40,506,,逛曹雪芹纪念馆的午后,"今天去了曹雪芹纪念馆。

下着毛毛雨。

很安静。

从主路拐进小路，空气比市区好太多。

转了个弯就看到了，亭子里有几个人在聊天。

感觉今天心情好了很多。",,3.62,3.96,public,1,2026/2/6 12:54,2026/2/16 8:16
,40,462,,去了趟北大赛克勒考古与艺术博物馆,"今天去了北大赛克勒考古与艺术博物馆。

雾霾有点重。

感觉来对了。

跟着音乐声过去，有个小瀑布。

从主路拐进小路，有一片区域在翻新。

也就一般般吧。",,2.33,4.44,public,1,2026/3/11 20:03,2026/3/18 2:26
,41,98,,关于验粮楼,"今天去了验粮楼。

多云，不晒。

有点失望。

登上高处看到，小桥流水还挺有意境。

走到一处开阔地，水景做得不错。

看到有人在做保洁收拾得很勤快

本来想吃家常菜结果路边小吃店没有随便点了别的

没什么特别的。",,2.3,3.7,public,1,2026/5/21 12:01,2026/5/29 7:55
,42,1282,,一个人的运河苑温泉水世界,"今天去了运河苑温泉水世界。

早上还下了点雨，到的时候停了。

比想象的小。

坐在长椅上想，站在高处风很大。

登上高处看到，看到了野鸭。

休息区有长椅还不错

点了个火锅分量挺足的

跟网上宣传的差太多了。",,0,3.02,public,1,2026/4/5 17:33,2026/4/5 23:08
,42,767,,关于朝阳区绿风碧野农庄,"今天去了朝阳区绿风碧野农庄。

晴天，阳光很好。

怎么这么小。

在小路上走着，有些角落特别有生活气息。

经过一个不起眼的入口，水景做得不错。

出来饿得不行在老味道家常菜馆(金盏店)吃了个火锅很满足

挺失望的。",,1.13,4.7,public,1,2026/4/20 17:06,2026/4/23 16:56
,43,972,,蟠龙山长城游记,"今天去了蟠龙山长城。

很舒服的天气。

比想象的小。

穿过一片树林后，能听到鸟叫声。

没有特别惊艳但也挑不出大毛病。",,0,0,private,1,2026/5/15 10:17,2026/5/22 8:22
,43,342,,一个人的三圣庵,"今天去了三圣庵。

阴天，凉快。

比照片上好看。

登上高处看到，有个小瀑布。

已经安利给朋友了。",,0,4.58,public,1,2026/4/15 23:12,2026/4/20 0:49
,43,883,,关于中国科学技术馆,"今天去了中国科学技术馆。

光线好。

很安静。

回头看过来时的路，导游喇叭声很大。

走了两万步晚上可以多吃一碗饭。",,0,0,public,1,2026/2/14 7:12,2026/2/18 15:50
,44,93,,逛狼窝港密檐塔的一天,"今天去了狼窝港密檐塔。

下午有点晒。

建筑很有特色。

边走边看，整体设计还是用了心的。

脱离了主路后，路不太平，差点崴脚。

看到有人在做保洁收拾得很勤快

饿了就随便找了家栗园饭店中餐厅竟然还挺好吃

下次要带相机来。",,0,0,public,1,2026/1/26 17:31,2026/1/27 19:57
,44,1093,,打卡中国第四纪冰川遗迹陈列馆,"今天去了中国第四纪冰川遗迹陈列馆。

晴天，阳光很好。

比想象的大。

往深处探了探，每个角落都很用心。

穿过那道门之后，来这里的人大多是周边居民。

看到有人在做保洁收拾得很勤快

也就一般般吧。",,0,0,public,1,2026/3/15 22:20,2026/3/18 0:42
,46,1038,,绿堤公园的小记,"今天去了绿堤公园。

刚下过雨。

一般般。

站在桥上往下看，没什么遮阳的地方。

在湖边站了一会儿，老人家应该会喜欢这里。

回头看过来时的路，有人在下棋。

跟着一群游客走到，廊下的风铃在响。

小月苑七里职工餐厅评分挺高试了麻辣烫确实不错

走的时候恋恋不舍。",,0,0,public,1,2026/5/16 0:17,2026/5/18 11:47
,47,655,,慢逛鹿世界主题园景区,"今天去了鹿世界主题园景区。

维护得挺好。

走进小巷子后，廊下的风铃在响。

也就一般般吧。",,0,4.66,private,1,2026/3/31 15:18,2026/4/9 6:38
,48,863,,姚家园公园游记,"今天去了姚家园公园。

下午有点晒。

很安静。

登上高处看到，没看到工作人员。

脱离了主路后，每个角落都很用心。

听见水声找过去，在这里坐了一下午都不想走。

往深处探了探，有人在遛狗。

找充电口找了半天

出来饿得不行在附近快餐吃了个韩餐很满足

也就这样吧。",,0,3.09,public,1,2026/5/8 16:38,2026/5/16 19:15
,48,1123,,去了趟门头沟京浪岛公园,"今天去了门头沟京浪岛公园。

光线好。

人真多。

认真逛下来发现，花季的时候应该更美。

经过一个不起眼的入口，静谧得能听到风声。

站在桥上往下看，有人在下棋。

有几处饮水点

出来后在聚乡阁餐厅吃了韩餐味道不错人均44

下次要带相机来。",,0,0,public,1,2026/3/2 13:30,2026/3/6 18:26
,48,1063,,逛鹰山森林公园的上午,"今天去了鹰山森林公园。

阴天，凉快。

比想象的大。

走到一半突然觉得，听到了不知名的鸟叫。

逛着逛着觉得，闹中取静的感觉。

走到最深处，蚊子有点多。

绕着湖走的时候，小桥流水还挺有意境。

有专门的非机动车停放区

在附近快餐要了一份韩餐69元味道超出预期

感觉今天心情好了很多。",,2.25,0,private,1,2026/5/24 4:28,2026/5/31 16:21
,49,595,,拉斐特城堡公园的见闻,"今天去了拉斐特城堡公园。

建筑很有特色。

走累了抬头一看，路修得很好走。

蚊子很多建议带驱蚊水

出地铁站的时候下起了小雨还好逛完了。",,0,3.35,public,1,2026/1/23 4:21,2026/1/27 10:42
,50,162,,一个人的燕墩公园,"今天去了燕墩公园。

风很大。

有点破旧。

在小路上走着，整体设计还是用了心的。

感觉今天心情好了很多。",,4.65,0,public,1,2026/4/15 8:22,2026/4/23 19:20
,50,672,,一个人的第四次世界妇女大会纪念公园,"今天去了第四次世界妇女大会纪念公园。

有点热。

味道有点大。

在亭子里坐了会儿，地上的落叶踩上去软软的。

看到有人在做保洁收拾得很勤快

像捡到宝一样的感觉。",,0,4.59,public,1,2026/3/28 4:29,2026/4/3 3:50
,50,1193,,关于北京爱情海玫瑰文化博览园,"今天去了北京爱情海玫瑰文化博览园。

有点热。

有点失望。

往深处探了探，静谧得能听到风声。

找充电口找了半天

下次准备带朋友来。",,3.76,0,public,1,2026/1/20 21:17,2026/1/29 20:40
,51,290,,顺成公园的小记,"今天去了顺成公园。

风很大。

空气很好。

走到一处开阔地，老人家应该会喜欢这里。

从主路拐进小路，鸽子在地上走来走去。

里面可以租轮椅

本来不饿闻到香味还是进去了附近快餐

有阳光有绿树有鸟叫还有什么不满足的。",,3.4,0,public,1,2026/2/21 21:54,2026/2/28 4:44
,52,141,,十三陵·献陵的回忆,"今天去了十三陵·献陵。

秋高气爽。

很安静。

穿过那道门之后，松树好高。

顺着路牌拐进去，静谧得能听到风声。

挺治愈的一个地方。",,4.39,3.98,public,1,2026/5/26 14:19,2026/5/28 7:51
,52,1076,,去了趟卢沟桥,"今天去了卢沟桥。

有点热。

非常干净。

边走边看，廊下的风铃在响。

无意间看到，健身器材区有几个大叔。

看到好几处公共座椅挺贴心的

走了一圈没看到想吃的

已经安利给朋友了。",,0,0,public,1,2026/5/13 12:55,2026/5/22 19:56
,52,345,,走进德胜门箭楼,"今天去了德胜门箭楼。

有点闷热。

交通挺方便的。

下了几级台阶后，能听到鸟叫声。

在湖边站了一会儿，有老人在练太极。

停车场还挺大的

没在外面吃坐地铁回家自己做的

有一个能放松的地方真好。",,0,4.45,public,1,2026/5/7 0:08,2026/5/9 1:21
,53,557,,逛柳沟民俗旅游度假区的午后,"今天去了柳沟民俗旅游度假区。

很舒服的天气。

比想象的大。

无意间看到，隐约闻到花香。

台阶有点多膝盖不好慎来

下次挑个晴天再来看看。",,0,3.21,public,1,2026/2/14 10:58,2026/2/19 3:32
,54,29,,保和殿的流水账,"今天去了保和殿。

装修还挺新。

边走边看，来这里的人大多是周边居民。

出来饿得不行在奥华餐厅老张记(台基厂店)吃了个日料很满足

回来的路上想今天到底是开心还是失望。",,0.43,0,public,1,2026/5/14 7:37,2026/5/19 17:29
,55,1253,,京东大溶洞游记,"今天去了京东大溶洞。

秋高气爽。

很安静。

溜达了一会儿后，每个角落都很用心。

沿着围墙走着，有个小瀑布。

逛着逛着觉得，围墙上爬满了藤蔓。

在亭子里坐了会儿，每个角落都很用心。

有片儿童游乐区小朋友很多

在附近快餐吃了个火锅52块钱不算贵

可能期待值太高了。",,0,4.96,public,1,2026/4/8 0:13,2026/4/15 19:04
,55,785,,一个人的垡头科普文化公园,"今天去了垡头科普文化公园。

下着毛毛雨。

没网上说的那么好。

走累了抬头一看，地里种着蔬菜。

在花坛边站了一会儿，松树好高。

边走边看，很适合拍照。

走了一圈发现，风景确实不错。

下次应该不会再来了。",,2.69,0,private,1,2026/3/20 2:44,2026/3/21 3:45
,57,474,,逛碧水风荷公园的午后,"今天去了碧水风荷公园。

阴天，凉快。

挺大气的。

沿着围墙走着，走到尽头是死路。

站在桥上往下看，空气比市区好太多。

本来不饿闻到香味还是进去了汕头八合里海记牛肉店(清河店)

下次应该不会再来了。",,0.82,4.05,public,1,2026/5/18 11:03,2026/5/20 4:01
,57,62,,逛梁启超墓的一天,"今天去了梁启超墓。

微风。

一般般。

走进小巷子后，路标不太清楚。

逛着逛着觉得，门票有点贵。

本来想找个地方坐坐杨树林商亭没开门

街角有家黄叶村酒家看起来不错进去试了咖啡

走的时候松了口气。",,0,0,public,1,2026/4/8 0:21,2026/4/14 22:28
,57,473,,北京温泉公园游记,"今天去了北京温泉公园。

有点闷热。

很安静。

走到一半突然觉得，来这里的人大多是周边居民。

爬到山顶发现，草坪维护得很整齐。

休息区有长椅还不错

在小太和安徽板面牛杂面吃咖啡的时候外面突然下雨了

走的时候恋恋不舍。",,0,4.14,private,1,2026/3/22 19:53,2026/3/31 14:41
,58,356,,关于民族文化宫,"今天去了民族文化宫。

多云，不晒。

挺大气的。

转了个弯就看到了，松树好高。

沿着围墙走着，小桥流水还挺有意境。

走了一圈没看到想吃的

今天路费加门票加吃饭一共不到一百块。",,4.99,4.46,public,1,2026/3/13 12:16,2026/3/20 17:37
,58,738,,逛桥舍画廊的上午,"今天去了桥舍画廊。

晴天，阳光很好。

很安静。

走了一圈发现，来这里的人大多是周边居民。

脱离了主路后，草地可以坐很多人铺了垫子。

买了瓶水景区价忍了

本来想吃甜品结果附近面馆没有随便点了别的

跟网上宣传的差太多了。",,0,3.92,public,1,2026/2/14 22:44,2026/2/21 7:07
,59,1183,,逛大兴古桑国家森林公园的一天,"今天去了大兴古桑国家森林公园。

刚下过雨。

有点失望。

走到一处开阔地，垃圾桶有点少。

站在桥上往下看，自动贩卖机是坏的。

好吃不贵62块钱管饱

门票不值这个价。",,2.92,0,public,1,2026/2/9 8:42,2026/2/11 1:21
,59,105,,去了趟棺材山,"今天去了棺材山。

多云转晴。

一般般。

下了几级台阶后，旁边是马路，有点吵。

拐过一个弯看到，能俯瞰整个区域。

有阳光有绿树有鸟叫还有什么不满足的。",,0,0,public,1,2026/3/18 22:37,2026/3/25 5:11
,60,1243,,逛盘龙瀑自然风景区的半天,"今天去了盘龙瀑自然风景区。

多云转晴。

感觉来对了。

认真逛下来发现，老人家应该会喜欢这里。

走到最深处，有好几个可以休息的地方。

有片儿童游乐区小朋友很多

吃完火锅觉得这趟更值了

怎么说呢是一个会让你慢下来的地方。",,0,4.62,private,1,2026/1/5 5:35,2026/1/6 1:22
,61,1095,,打卡北京射击馆,"今天去了北京射击馆。

多云，不晒。

环境不错。

脱离了主路后，停车场收费太贵。

下了几级台阶后，指示牌很清晰。

在附近面馆要了一份中餐厅71元味道超出预期

今天是对自己好的一天。",,0,3.12,public,1,2026/2/27 7:17,2026/3/5 9:36
,61,510,,去了趟北京首都体育馆,"今天去了北京首都体育馆。

雾霾有点重。

非常干净。

经过一个不起眼的入口，廊下的风铃在响。

在亭子里坐了会儿，没看到工作人员。

逛完腿软但心情好。",,0,3.56,public,1,2026/4/26 22:45,2026/4/29 15:33
,61,822,,康心体育乐园游记,"今天去了康心体育乐园。

风很大。

环境不错。

站在桥上往下看，路边的野花没人打理但开得挺好。

往深处探了探，有老人在练太极。

出来的时候正好看到夕阳。",,0,3.72,public,1,2026/2/15 22:24,2026/2/23 3:59
,62,648,,琦峰山国家森林公园的回忆,"今天去了琦峰山国家森林公园。

雾霾有点重。

布局有点乱。

经过一个不起眼的入口，这里的日落很美。

走到一半突然觉得，有好几个可以休息的地方。

站在桥上往下看，路边有卖糖葫芦的。

走了一圈发现，找到了一个适合看书的位置。

自动贩卖机的饮料比外面贵一倍

想去的店关门了就近吃了点

下次来的时候换个角度逛。",,4.23,4.92,public,1,2026/5/17 20:07,2026/5/19 14:22
,62,674,,北京鳞龙山自然风景区游记,"今天去了北京鳞龙山自然风景区。

下午有点晒。

维护得挺好。

穿过一片树林后，站在高处风很大。

听见水声找过去，地里种着蔬菜。

走累了抬头一看，倒影比实景好看。

路过附近面馆看到排长队下次再来吃

就当是散了个步吧。

静谧得能听到风声。",,4.84,0,public,1,2026/4/27 23:20,2026/5/1 21:01
,63,436,,国家图书馆游记,"今天去了国家图书馆。

很安静。

穿过那道门之后，空气比市区好太多。

性价比很高的一个下午。",,0,0,private,1,2026/2/18 10:56,2026/2/26 21:50
,63,177,,关于Art Once自助画室,"今天去了Art Once自助画室。

环境不错。

在花坛边站了一会儿，台阶上的青苔让人觉得有年头。

选了家附近快餐试了日料还不错下次还可以来

出来的时候正好看到夕阳。",,1.47,0,public,1,2026/1/15 7:30,2026/1/25 1:17
,63,757,,传奇小剧场游记,"今天去了传奇小剧场。

刚下过雨。

出乎意料的好。

回头看过来时的路，就在市区里很方便。

没什么特别的。",,0,3.82,public,1,2026/1/11 9:35,2026/1/12 16:04
,64,86,,墙子路长城游记,"今天去了墙子路长城。

下午有点晒。

很安静。

坐在长椅上想，卫生间味道有点大。

听见水声找过去，草坪维护得很整齐。

洗手间还挺干净的

那家附近家常菜馆的粤菜比景区里卖的好吃多了

回家洗个热水澡今天完美。",,0,0,public,1,2026/2/3 4:08,2026/2/10 23:01
,64,64,,慢逛东岳娘娘庙,"今天去了东岳娘娘庙。

气温刚好。

比想象的大。

在小路上走着，停车场收费太贵。

跟着一群游客走到，风景确实不错。

走廊里有遮阳不怕晒

好吃不贵74块钱管饱

下次准备带朋友来。",,0,4.18,public,1,2026/3/8 18:11,2026/3/18 14:35
,64,15,,富国海底世界游记,"今天去了富国海底世界。

很舒服的天气。

有点失望。

跟着音乐声过去，有人在下棋。

走到一半突然觉得，周围的居民过来下象棋。

本来不饿闻到香味还是进去了山西面馆川湘菜

好地方要分享。",,0,3.87,public,1,2026/1/25 12:04,2026/1/26 1:29
,65,1074,,逛中国评剧大剧院的午后,"今天去了中国评剧大剧院。

刚下过雨。

比想象的大。

往深处探了探，自动贩卖机是坏的。

走了两万步晚上可以多吃一碗饭。",,0,4.52,public,1,2026/3/22 11:26,2026/3/24 8:01
,65,275,,逛北京梅兰芳大剧院的上午,"今天去了北京梅兰芳大剧院。

没网上说的那么好。

顺着路牌拐进去，这里的日落很美。

感觉今天心情好了很多。",,0.25,3.54,public,1,2026/3/18 20:31,2026/3/22 22:04
,66,701,,逛福海文博园的午后,"今天去了福海文博园。

有点闷热。

没网上说的那么好。

走到最深处，隐约闻到花香。

回头看过来时的路，有小孩在放风筝。

在路边小吃店要了一份烧烤74元味道超出预期

这种不赶时间的旅行最舒服。",,0,0,public,1,2026/4/11 1:19,2026/4/20 16:52
,67,668,,去了趟蓝天牧场,"今天去了蓝天牧场。

雾霾有点重。

地方挺偏僻的。

坐在长椅上想，路修得很好走。

边走边看，有个小瀑布。

有好几个分类垃圾桶

走的时候恋恋不舍。",,0,3.95,public,1,2026/4/5 21:54,2026/4/13 3:56
,68,1054,,中华小吃博物馆游记,"今天去了中华小吃博物馆。

下午有点晒。

比照片上好看。

坐在长椅上想，有些游客乱扔垃圾。

无意间看到，闹中取静的感觉。

买了瓶水景区价忍了

路边附近家常菜馆的家常菜是本地的味道

幸好没抱什么期望。",,0.04,0,public,1,2026/5/6 16:58,2026/5/8 20:25
,69,543,,去了趟延庆迎宾公园,"今天去了延庆迎宾公园。

光线好。

地方挺偏僻的。

在亭子里坐了会儿，指示牌很清晰。

跟着音乐声过去，人少的时候应该体验更好。

饿了就随便找了家巴蜀王婆大虾(延庆店)川菜竟然还挺好吃

有一个能放松的地方真好。",,0,0,public,1,2026/5/13 21:35,2026/5/15 6:05
,70,242,,去了趟贡院,"今天去了贡院。

下午有点晒。

空气很好。

绕到建筑后面，周围的居民过来下象棋。

坐在长椅上想，鸽子在地上走来走去。

附近家常菜馆评分挺高试了火锅确实不错

不知道网上好评怎么来的。",,0,0,public,1,2026/3/23 6:39,2026/3/28 5:30
,71,297,,走进德胜公园,"今天去了德胜公园。

非常干净。

在亭子里坐了会儿，看得出经常有人打理。

打了卡心愿单少了一项。",,4.73,4.31,public,1,2026/4/19 13:16,2026/4/28 20:29
,71,863,,关于姚家园公园,"今天去了姚家园公园。

维护得挺好。

爬到山顶发现，路修得很好走。

出来的时候正好看到夕阳。",,0,4.06,public,1,2026/2/7 18:38,2026/2/13 21:24
,72,1130,,关于北京国际核桃庄园,"今天去了北京国际核桃庄园。

雾霾有点重。

维护得挺好。

转了个弯就看到了，有几棵大树很有年头。

溜达了一会儿后，路不太平，差点崴脚。

在合兴屯铁锅炖吃了个火锅71块钱不算贵

很满意的一次出行。",,0,4.27,public,1,2026/5/29 6:29,2026/5/31 16:16
,72,570,,百川山庄的回忆,"今天去了百川山庄。

多云转晴。

空气很好。

走了一圈发现，松树好高。

经过一个不起眼的入口，这个地方还挺有意思的。

带了零食进去出来才找地方吃饭

今天路费加门票加吃饭一共不到一百块。",,0,3.6,public,1,2026/4/25 7:24,2026/4/29 1:33
,72,985,,打卡北京金地庄园,"今天去了北京金地庄园。

早上还下了点雨，到的时候停了。

维护得挺好。

走到最深处，这里的日落很美。

走累了抬头一看，地里种着蔬菜。

大老远跑来不值。",,0,0,public,1,2026/1/5 6:07,2026/1/12 10:53
,73,43,,林白水故居的见闻,"今天去了林白水故居。

气温刚好。

觉得还行吧。

坐在长椅上想，闹中取静的感觉。

逛着逛着觉得，挺适合带小朋友来的。

下了几级台阶后，路标不太清楚。

晚上有路灯不会太暗

在鲜牛记潮汕牛肉火锅(中海大吉港店)吃了碗日料真香

回来的路上想今天到底是开心还是失望。

路标不太清楚。",,0,3.21,public,1,2026/4/28 14:27,2026/5/7 3:33
,73,38,,逛齐白石故居的半天,"今天去了齐白石故居。

很舒服的天气。

空气很好。

爬到山顶发现，有鱼塘可以垂钓。

走累了抬头一看，有块石头刻着字。

穿过一片树林后，这里的日落很美。

选了家附近面馆试了日料还不错下次还可以来

总的来说是个不错的去处。

挺适合带小朋友来的。",,0.51,0,public,1,2026/4/10 8:43,2026/4/11 7:34
,73,76,,去了趟英雄大道,"今天去了英雄大道。

有点闷热。

布局有点乱。

走到一半突然觉得，台阶上的青苔让人觉得有年头。

回头看过来时的路，路标不太清楚。

拐过一个弯看到，周围的居民过来下象棋。

自动贩卖机的饮料比外面贵一倍

想去的店关门了就近吃了点

好地方要分享。",,0,3.54,public,1,2026/2/5 12:13,2026/2/6 22:23
,74,480,,逛北京奇域梦相4D艺术馆的上午,"今天去了北京奇域梦相4D艺术馆。

秋高气爽。

不愧是名不虚传。

穿过一片树林后，倒影比实景好看。

在花坛边站了一会儿，围墙上爬满了藤蔓。

转了个弯就看到了，有几棵银杏树特别好看。

在旁边的饺子馆吃中餐厅的时候外面突然下雨了

幸好没抱什么期望。",,0,0,public,1,2026/3/21 20:43,2026/3/27 6:04
,74,423,,逛金源娱乐园的一天,"今天去了金源娱乐园。

早上还下了点雨，到的时候停了。

怎么这么小。

走到一处开阔地，有一片区域在翻新。

在花坛边站了一会儿，有几棵银杏树特别好看。

登上高处看到，远处能看到城市的天际线。

出来后在luckin coffee 瑞幸咖啡(火器营店)吃了中餐厅味道不错人均18

不推荐专门跑一趟。",,0,0,public,1,2026/5/26 21:55,2026/5/29 22:31
,74,10,,北京环球度假区的见闻,"今天去了北京环球度假区。

多云转晴。

非常干净。

脱离了主路后，亭子里有几个人在聊天。

跟着音乐声过去，静谧得能听到风声。

转了个弯就看到了，这里的日落很美。

在花坛边站了一会儿，这里的日落很美。

找吃的找了半天最后吃了碗中餐厅

一天好心情的来源。",,2.28,0,public,1,2026/4/20 4:39,2026/4/22 17:54
,75,164,,走进北京孔庙,"今天去了北京孔庙。

味道有点大。

走累了抬头一看，听到了不知名的鸟叫。

好在里面有直饮水

出来饿得不行在Wolfing coffee(五道营店)吃了个家常菜很满足

可能期待值太高了。",,2.46,4.49,public,1,2026/1/21 15:29,2026/1/22 5:49
,75,1118,,一个人的永定楼,"今天去了永定楼。

下着毛毛雨。

空气很好。

在湖边站了一会儿，听到了不知名的鸟叫。

吃完家常菜觉得这趟更值了

出来的时候正好看到夕阳。",,0,4.06,private,1,2026/4/25 10:24,2026/5/1 14:16
,75,68,,关于昆明湖,"今天去了昆明湖。

交通挺方便的。

在小路上走着，安静得能听到自己的脚步声。

路修得平整推婴儿车没问题

打个卡就够了不用二刷。",,0,0,public,1,2026/3/8 13:50,2026/3/12 4:31
,76,599,,朝宗桥公园的流水账,"今天去了朝宗桥公园。

出乎意料的好。

往深处探了探，有些台阶对老人不太友好。

回来路上越想越不值。",,3.55,4.12,public,1,2026/4/16 8:11,2026/4/24 19:25
,76,1139,,逛珍珠湖景区的午后,"今天去了珍珠湖景区。

光线好。

建筑很有特色。

绕到建筑后面，有几棵银杏树特别好看。

纪念品处里东西不多但挺有意思

景区里有卖小吃的随便买了点

今天路费加门票加吃饭一共不到一百块。",,0,3.06,public,1,2026/5/15 2:24,2026/5/24 15:51
,77,87,,慢逛独秀峰,"今天去了独秀峰。

多云转晴。

挺大气的。

听见水声找过去，鸽子在地上走来走去。

绕着湖走的时候，情侣挺多的。

中午吃了川菜晚上回去又饿了

性价比很高的一个下午。",,3.9,4.66,public,1,2026/2/18 19:20,2026/2/21 7:29
,78,164,,北京孔庙的流水账,"今天去了北京孔庙。

多云转晴。

感觉来对了。

在湖边站了一会儿，有几棵大树很有年头。

边走边看，有几棵大树很有年头。

经过一个不起眼的入口，风景确实不错。

有专门的非机动车停放区

想去的店关门了就近吃了点

晒了一下午太阳满足了。

垃圾桶有点少。",,3.08,3.98,public,1,2026/1/10 21:00,2026/1/20 7:20
,78,68,,昆明湖的见闻,"今天去了昆明湖。

早上还下了点雨，到的时候停了。

很安静。

绕到建筑后面，花季的时候应该更美。

穿过一片树林后，卫生间味道有点大。

顺着路牌拐进去，有好几个可以休息的地方。

附近家常菜馆评分挺高试了家常菜确实不错

大老远跑来不值。",,0,3.89,public,1,2026/5/27 1:11,2026/5/31 0:45
,79,944,,昊天公园游记,"今天去了昊天公园。

多云，不晒。

装修还挺新。

跟着一群游客走到，听到了不知名的鸟叫。

脱离了主路后，光线穿过树叶洒下来很好看。

逛着逛着觉得，健身器材区有几个大叔。

顺着路牌拐进去，花季的时候应该更美。

看到有个红草地网羽(伟业嘉园西里店)刚好渴了进去买了瓶水

吃完日料觉得这趟更值了

就是奔这来的果然没失望。

在这里坐了一下午都不想走。",,4.32,0,private,1,2026/5/11 3:59,2026/5/18 20:20
,79,1136,,关于妙峰山樱桃沟,"今天去了妙峰山樱桃沟。

光线好。

非常干净。

登上高处看到，有人在跳广场舞。

走到一半突然觉得，适合发呆。

从主路拐进小路，远处能看到城市的天际线。

好在里面有直饮水

好地方要分享。",,0,4.24,public,1,2026/5/11 17:47,2026/5/13 5:15
,80,623,,逛老张头葡萄园的半天,"今天去了老张头葡萄园。

下午有点晒。

建筑很有特色。

溜达了一会儿后，隐约闻到花香。

脱离了主路后，其实比外面看起来大多了。

听见水声找过去，有好几个可以休息的地方。

登上高处看到，没看到工作人员。

吃完中餐厅觉得这趟更值了

走的时候恋恋不舍。

远处能看到城市的天际线。",,0,4.89,public,1,2026/1/1 23:26,2026/1/8 23:15
,80,399,,打卡京香绿谷观光采摘园,"今天去了京香绿谷观光采摘园。

早上还下了点雨，到的时候停了。

没什么人。

在小路上走着，轮椅也能走大部分路。

从主路拐进小路，静谧得能听到风声。

坐在长椅上想，有老人在练太极。

吃完中餐厅觉得这趟更值了

下次要带相机来。",,1.79,3.47,public,1,2026/4/23 17:46,2026/4/29 16:40
,82,719,,北京市方志馆游记,"今天去了北京市方志馆。

下午有点晒。

不愧是名不虚传。

走累了抬头一看，站在高处风很大。

路修得平整推婴儿车没问题

走的时候恋恋不舍。",,0,3.89,public,1,2026/5/12 23:04,2026/5/21 21:34
,83,240,,一个人的和敬公主府,"今天去了和敬公主府。

刚下过雨。

布局有点乱。

走到最深处，有鱼塘可以垂钓。

走进小巷子后，闹中取静的感觉。

边走边看，周围的居民过来下象棋。

逛着逛着觉得，闹中取静的感觉。

有片儿童游乐区小朋友很多

下次准备带朋友来。",,0,0,public,1,2026/5/31 12:40,2026/5/31 16:23
,83,845,,北顶娘娘庙游记,"今天去了北顶娘娘庙。

秋高气爽。

绿化很好。

脱离了主路后，设施有点老旧了。

站在桥上往下看，鸽子在地上走来走去。

穿过一片树林后，安静得能听到自己的脚步声。

周围连个买水的地方都没有

街角有家吉祥馄饨(北京双奥美食街店)看起来不错进去试了家常菜

就当是散了个步吧。",,0,0,public,1,2026/5/28 20:43,2026/5/31 20:44
,84,672,,一个人的第四次世界妇女大会纪念公园,"今天去了第四次世界妇女大会纪念公园。

下着毛毛雨。

挺空旷的。

走到一半突然觉得，远处的山影很漂亮。

拐过一个弯看到，湖面很平静。

路过悠闲小院看到排长队下次再来吃

一天好心情的来源。",,0,3.16,public,1,2026/3/15 12:01,2026/3/19 23:25
,84,223,,皇城根遗址公园的流水账,"今天去了皇城根遗址公园。

下着毛毛雨。

一般般。

在花坛边站了一会儿，周围的居民过来下象棋。

走了一圈发现，安静得能听到自己的脚步声。

好在里面有直饮水

吃完烧烤觉得这趟更值了

值得再来。",,0,0,public,1,2026/5/20 6:52,2026/5/30 5:49
,85,204,,去了趟北京自来水博物馆,"今天去了北京自来水博物馆。

很舒服的天气。

挺空旷的。

穿过一片树林后，门票有点贵。

逛着逛着觉得，老人家应该会喜欢这里。

吃完韩餐觉得这趟更值了

已经安利给朋友了。",,3,3.04,public,1,2026/2/4 23:02,2026/2/11 6:31
,85,299,,万寿西宫公园的小记,"今天去了万寿西宫公园。

很舒服的天气。

没网上说的那么好。

穿过一片树林后，有小孩在放风筝。

登上高处看到，健身器材区有几个大叔。

这趟没白走。",,0,0,private,1,2026/4/25 16:22,2026/4/26 13:25
,86,613,,去了趟亢山公园,"今天去了亢山公园。

有点闷热。

环境不错。

走到一半突然觉得，远处能看到城市的天际线。

绕到建筑后面，亭子里有几个人在聊天。

在花坛边站了一会儿，导游喇叭声很大。

走了一圈发现，松树好高。

长椅不少基本每走一段就能歇脚

出来饿得不行在附近快餐吃了个麻辣烫很满足

差不多就行开心最重要。",,3.81,3.2,public,1,2026/4/25 9:09,2026/5/5 4:31
,87,483,,一个人的翠湖国家城市湿地公园,"今天去了翠湖国家城市湿地公园。

下午有点晒。

味道有点大。

爬到山顶发现，这个地方还挺有意思的。

经过一个不起眼的入口，这个地方还挺有意思的。

买了瓶水景区价忍了

有一个能放松的地方真好。",,0,4.13,public,1,2026/4/24 16:01,2026/4/27 18:53
,88,1023,,慢逛御康公园,"今天去了御康公园。

多云转晴。

挺空旷的。

走累了抬头一看，地上的落叶踩上去软软的。

感觉今天心情好了很多。",,4.75,0,public,1,2026/2/14 14:48,2026/2/20 1:53
,88,1084,,关于半月公园,"今天去了半月公园。

环境不错。

走了一圈发现，健身器材区有几个大叔。

长椅不少基本每走一段就能歇脚

没在外面吃坐地铁回家自己做的

挺治愈的一个地方。",,0,4.19,public,1,2026/4/30 5:17,2026/5/8 5:24
,88,1044,,打卡丰台科技园生态主题公园,"今天去了丰台科技园生态主题公园。

雾霾有点重。

没网上说的那么好。

在湖边站了一会儿，每个角落都很用心。

一个人走走停停也挺好。",,0,0,public,1,2026/1/1 1:20,2026/1/3 0:11
,89,1066,,中国航天博物馆的回忆,"今天去了中国航天博物馆。

早上还下了点雨，到的时候停了。

比照片上好看。

溜达了一会儿后，走到尽头是死路。

走累了抬头一看，旁边是马路，有点吵。

站在桥上往下看，有些台阶对老人不太友好。

有片儿童游乐区小朋友很多

没在外面吃坐地铁回家自己做的

也就一般般吧。

光线穿过树叶洒下来很好看。",,4.83,4.54,public,1,2026/4/22 15:11,2026/4/25 17:03
,89,270,,民族文化宫博物馆的小记,"今天去了民族文化宫博物馆。

晴天，阳光很好。

挺空旷的。

爬到山顶发现，有好几个可以休息的地方。

无意间看到，站在高处风很大。

跟着一群游客走到，设施有点老旧了。

走了一圈没看到想吃的

有阳光有绿树有鸟叫还有什么不满足的。

地上的落叶踩上去软软的。",,3.42,4,public,1,2026/2/22 5:59,2026/2/24 12:13
,90,279,,中国国家话剧院的随手记,"今天去了中国国家话剧院。

风很大。

空气很好。

在亭子里坐了会儿，路标不太清楚。

拐过一个弯看到，围墙上爬满了藤蔓。

出来后在三十六味匠猪蹄(北京越都荟店)吃了甜品味道不错人均43

今天手机相册加了五十多张照片。",,4.4,3.55,public,1,2026/3/3 5:56,2026/3/9 6:21
,90,274,,慢逛中国国家话剧院小剧场,"今天去了中国国家话剧院小剧场。

秋高气爽。

比想象的小。

跟着音乐声过去，情侣挺多的。

绕到建筑后面，有些地方很滑。

饿了就随便找了家附近快餐甜品竟然还挺好吃

走的时候松了口气。",,0,0,public,1,2026/2/10 22:10,2026/2/15 13:41
,91,894,,慢逛奥林匹克公园曲棍球场,"今天去了奥林匹克公园曲棍球场。

很舒服的天气。

味道有点大。

走累了抬头一看，门票有点贵。

从主路拐进小路，围挡施工占了一半区域。

有片儿童游乐区小朋友很多

想去的店关门了就近吃了点

打个卡就够了不用二刷。",,0,0,public,1,2026/2/22 10:03,2026/3/4 5:15
,92,687,,去了趟九眼楼自然风景区,"今天去了九眼楼自然风景区。

光线好。

挺空旷的。

绕到建筑后面，假山堆得有模有样。

在花坛边站了一会儿，小桥流水还挺有意境。

坐在长椅上想，指示牌太少迷路了。

买了瓶水景区价忍了

没什么特别的。

路边的野花没人打理但开得挺好。",,0,4.93,public,1,2026/1/4 20:26,2026/1/9 21:22
,93,1059,,逛北京园博会的周末,"今天去了北京园博会。

早上还下了点雨，到的时候停了。

挺空旷的。

溜达了一会儿后，味道有点大。

回来的路上想今天到底是开心还是失望。",,0,0,public,1,2026/1/16 8:41,2026/1/18 8:52
,93,1196,,纳波湾月季园游记,"今天去了纳波湾月季园。

觉得还行吧。

绕到建筑后面，站在高处风很大。

在北京魏善庄炳珍商店歇了会儿脚

本来想吃快餐结果北平饭店(实景剧场)没有随便点了别的

周末这样过才有意义。",,0,3.95,private,1,2026/3/19 2:21,2026/3/20 9:22
,94,410,,关于京艳庆丰果树种植场,"今天去了京艳庆丰果树种植场。

比想象的大。

沿着围墙走着，光线穿过树叶洒下来很好看。

点了个火锅分量挺足的

走了两万步晚上可以多吃一碗饭。",,2.74,0,public,1,2026/4/1 17:16,2026/4/8 7:44
,94,173,,关于北京天坛温泉康乐城,"今天去了北京天坛温泉康乐城。

绿化很好。

绕到建筑后面，卫生间味道有点大。

挺治愈的一个地方。",,0,0,public,1,2026/2/20 10:47,2026/2/22 9:08
,95,1214,,康庄公园的流水账,"今天去了康庄公园。

很舒服的天气。

觉得还行吧。

沿着围墙走着，能听到鸟叫声。

今天手机相册加了五十多张照片。",,0,4.29,public,1,2026/3/26 21:03,2026/3/31 17:02
,95,1191,,慢逛国际企业文化园,"今天去了国际企业文化园。

风很大。

怎么这么小。

绕着湖走的时候，卫生间味道有点大。

人生嘛多走走多看看挺好的。",,0,3.98,public,1,2026/3/30 10:03,2026/4/6 22:58
,95,863,,关于姚家园公园,"今天去了姚家园公园。

有点闷热。

有点破旧。

走到最深处，走到尽头是死路。

洗手间还挺干净的

选了家旁边小店试了火锅还不错下次还可以来

挺失望的。",,0,0,public,1,2026/5/16 7:57,2026/5/25 23:28
,96,787,,关于翠城公园,"今天去了翠城公园。

刚下过雨。

出乎意料的好。

在小路上走着，轮椅也能走大部分路。

脱离了主路后，听到了不知名的鸟叫。

好地方要分享。",,0,3.95,public,1,2026/5/23 18:51,2026/5/24 23:13
,97,998,,去了趟精灵谷自然风景区,"今天去了精灵谷自然风景区。

多云转晴。

怎么这么小。

爬到山顶发现，味道有点大。

在湖边站了一会儿，有几个地方在施工。

饿了就随便找了家附近家常菜馆烧烤竟然还挺好吃

这种不赶时间的旅行最舒服。",,0,0,public,1,2026/4/24 12:53,2026/4/26 0:44
,98,465,,海淀博物馆游记,"今天去了海淀博物馆。

秋高气爽。

一般般。

站在桥上往下看，空气比市区好太多。

在亭子里坐了会儿，松树好高。

吃完家常菜觉得这趟更值了

一天好心情的来源。",,3.78,3.88,public,1,2026/3/3 12:06,2026/3/10 7:44
,98,889,,逛中国工艺美术馆的半天,"今天去了中国工艺美术馆。

气温刚好。

地方挺偏僻的。

在花坛边站了一会儿，远处能看到城市的天际线。

绕着湖走的时候，地上的落叶踩上去软软的。

周围连个买水的地方都没有

附近家常菜馆评分挺高试了家常菜确实不错

晒了一下午太阳满足了。",,0,4.08,public,1,2026/4/14 3:16,2026/4/16 1:26
,99,873,,去了趟民航博物馆,"今天去了民航博物馆。

微风。

地方挺偏僻的。

走累了抬头一看，看到了野鸭。

穿过那道门之后，围墙上爬满了藤蔓。

像捡到宝一样的感觉。",,0,0,public,1,2026/3/21 13:49,2026/3/29 9:30
,99,444,,中关村国家自主创新示范区展示中心游记,"今天去了中关村国家自主创新示范区展示中心。

雾霾有点重。

人真多。

在湖边站了一会儿，静谧得能听到风声。

脱离了主路后，湖面很平静。

在旁边的饺子馆吃了个中餐厅16块钱不算贵

打个卡就够了不用二刷。",,4.16,4.28,public,1,2026/5/8 8:00,2026/5/14 8:08
,100,562,,中国长城博物馆游记,"今天去了中国长城博物馆。

挺热闹的。

边走边看，亭子里有几个人在聊天。

评分的话四星吧。",,0,3.36,public,1,2026/4/13 4:13,2026/4/21 4:33
,100,249,,去了趟鼓楼,"今天去了鼓楼。

装修还挺新。

走到一处开阔地，地里种着蔬菜。

一个人走走停停也挺好。",,1.62,0,public,1,2026/3/3 4:43,2026/3/9 21:57
,101,977,,去了趟康顺达开心农场,"今天去了康顺达开心农场。

多云转晴。

空气很好。

往深处探了探，路边的野花没人打理但开得挺好。

走累了抬头一看，这个季节的叶子颜色真好。

在旁边的饺子馆吃了个粤菜84块钱不算贵

出地铁站的时候下起了小雨还好逛完了。",,1.07,0,public,1,2026/1/2 6:36,2026/1/5 23:05
,102,425,,慢逛高里掌文化休闲园,"今天去了高里掌文化休闲园。

秋高气爽。

人真多。

转了个弯就看到了，垃圾桶有点少。

爬到山顶发现，有些游客乱扔垃圾。

里面没有吃东西的地方

感觉今天心情好了很多。",,0,4.8,public,1,2026/3/5 1:10,2026/3/14 17:07
,102,930,,逛长阳公园的半天,"今天去了长阳公园。

多云，不晒。

感觉来对了。

溜达了一会儿后，有老人在练太极。

在亭子里坐了会儿，能听到鸟叫声。

餐饮区的东西有点贵

走的时候恋恋不舍。",,0,3.3,public,1,2026/3/1 4:23,2026/3/7 14:07
,102,844,,关于杜仲公园,"今天去了杜仲公园。

下着毛毛雨。

绿化很好。

无意间看到，没看到工作人员。

顺着路牌拐进去，有人在跳广场舞。

农夫山泉(金卫路店)里东西不多但挺有意思

没在外面吃坐地铁回家自己做的

就是奔这来的果然没失望。",,0,3.39,public,1,2026/4/19 14:30,2026/4/22 1:12
,103,140,,十三陵·石牌坊的流水账,"今天去了十三陵·石牌坊。

气温刚好。

觉得还行吧。

穿过那道门之后，离市中心还挺远的但值得。

溜达了一会儿后，有小孩在放风筝。

里面可以租轮椅

出来饿得不行在金淼轩川味家常菜吃了个火锅很满足

走了两万步晚上可以多吃一碗饭。",,0,0,public,1,2026/3/27 20:50,2026/4/4 11:21
,103,881,,元大都城垣遗址公园游记,"今天去了元大都城垣遗址公园。

秋高气爽。

觉得还行吧。

拐过一个弯看到，看到了野鸭。

穿过一片树林后，健身器材区有几个大叔。

台阶有点多膝盖不好慎来

好地方要分享。",,0,4.5,public,1,2026/5/24 16:42,2026/5/31 6:24
,104,345,,德胜门箭楼的流水账,"今天去了德胜门箭楼。

晴天，阳光很好。

挺大气的。

爬到山顶发现，光线穿过树叶洒下来很好看。

在湖边站了一会儿，就在市区里很方便。

沿着围墙走着，这个地方还挺有意思的。

看到好几处公共座椅挺贴心的

那家德成永顺清真兰州拉面(德胜门内大街店)的中餐厅比景区里卖的好吃多了

来了有点后悔。

闹中取静的感觉。",,2.42,3.18,public,1,2026/5/18 19:23,2026/5/20 1:24
,104,92,,逛石景山古建筑群的午后,"今天去了石景山古建筑群。

晴天，阳光很好。

比想象的小。

绕到建筑后面，这里的日落很美。

脱离了主路后，来这里的人大多是周边居民。

在亭子里坐了会儿，台阶上的青苔让人觉得有年头。

找了半天才找到厕所

晒了一下午太阳满足了。",,0,0,public,1,2026/4/18 18:12,2026/4/22 4:49
,105,58,,去了趟齐物潭公园,"今天去了齐物潭公园。

光线好。

很安静。

走到一处开阔地，有老人在练太极。

回头看过来时的路，老人家应该会喜欢这里。

从主路拐进小路，有些游客乱扔垃圾。

鲍李禾鸡公煲的服务态度挺好的

就是奔这来的果然没失望。",,0,3.37,public,1,2026/1/14 4:02,2026/1/20 23:22
,106,495,,北京上庄纳兰性德史迹陈列馆的流水账,"今天去了北京上庄纳兰性德史迹陈列馆。

很精致。

沿着围墙走着，路不太平，差点崴脚。

没有特别惊艳但也挑不出大毛病。",,3.06,3.46,private,1,2026/4/30 19:10,2026/5/4 1:54
,108,651,,逛小龙山公园的午后,"今天去了小龙山公园。

天空特别蓝。

环境不错。

在花坛边站了一会儿，看得出经常有人打理。

在湖边站了一会儿，有小孩在放风筝。

没在外面吃坐地铁回家自己做的

路边的银杏叶开始变黄了真好看。",,2.45,0,public,1,2026/2/4 9:14,2026/2/9 18:11
,108,626,,一个人的南口公园,"今天去了南口公园。

下着毛毛雨。

觉得还行吧。

跟着一群游客走到，停车场收费太贵。

往深处探了探，风景确实不错。

好吃不贵22块钱管饱

逛了两个小时出来感觉腿不是自己的了。",,0,4.93,public,1,2026/1/8 14:55,2026/1/15 10:22
,109,62,,关于梁启超墓,"今天去了梁启超墓。

光线好。

有点破旧。

绕到建筑后面，这个季节的叶子颜色真好。

没有特别惊艳但也挑不出大毛病。",,0,0,public,1,2026/3/22 7:19,2026/3/26 6:32
,110,1188,,关于念坛公园,"今天去了念坛公园。

刚下过雨。

挺热闹的。

穿过一片树林后，听到了不知名的鸟叫。

溜达了一会儿后，隐约闻到花香。

带了零食进去出来才找地方吃饭

也就这样吧。",,0,0,public,1,2026/4/17 20:47,2026/4/22 12:39
,110,1117,,关于三家店蒲草湿地公园,"今天去了三家店蒲草湿地公园。

秋高气爽。

环境不错。

顺着路牌拐进去，隐约闻到花香。

绕着湖走的时候，听到了不知名的鸟叫。

很满意的一次出行。",,0,3.48,public,1,2026/4/16 12:53,2026/4/26 9:05
,111,198,,逛北京正阳门的半天,"今天去了北京正阳门。

刚下过雨。

味道有点大。

站在桥上往下看，路边的野花没人打理但开得挺好。

从主路拐进小路，整体设计还是用了心的。

里面可以租轮椅

在潮舍(环球金融中心店)吃粤菜的时候外面突然下雨了

已经安利给朋友了。",,0,0,public,1,2026/1/10 12:30,2026/1/11 21:13
,112,1033,,逛法海寺森林公园的周末,"今天去了法海寺森林公园。

有点热。

感觉来对了。

走到一半突然觉得，能俯瞰整个区域。

回头看过来时的路，有几棵银杏树特别好看。

怎么说呢是一个会让你慢下来的地方。",,0,0,public,1,2026/5/15 21:09,2026/5/19 6:05
,112,1085,,石景山雕塑公园的随手记,"今天去了石景山雕塑公园。

早上还下了点雨，到的时候停了。

比想象的大。

绕着湖走的时候，远处的山影很漂亮。

爬到山顶发现，找到了一个适合看书的位置。

自动贩卖机的饮料比外面贵一倍

走的时候恋恋不舍。",,0,0,private,1,2026/2/15 4:33,2026/2/23 19:57
,113,794,,去了趟大屯黄草湾公园,"今天去了大屯黄草湾公园。

光线好。

很精致。

回头看过来时的路，指示牌很清晰。

走了一圈发现，有个小瀑布。

本来想找个地方坐坐小卖部没开门

点了个川菜分量挺足的

也许这就是生活在城市的乐趣吧。",,0,4.66,public,1,2026/3/18 21:43,2026/3/27 17:43
,114,30,,中和殿游记,"今天去了中和殿。

秋高气爽。

挺空旷的。

转了个弯就看到了，远处能看到城市的天际线。

回头看过来时的路，门票有点贵。

点了个甜品分量挺足的

不知道网上好评怎么来的。",,0,4.59,private,1,2026/4/23 2:52,2026/5/1 11:31
,114,950,,北京铁瓦寺游记,"今天去了北京铁瓦寺。

阴天，凉快。

挺大气的。

跟着一群游客走到，路标不太清楚。

沿着围墙走着，自动贩卖机是坏的。

搜了下附近的吃的文鑫饭店的甜品好评

大老远跑来不值。",,0,0,private,1,2026/4/12 23:08,2026/4/16 16:12
,114,318,,打卡中国民族博物馆,"今天去了中国民族博物馆。

晴天，阳光很好。

建筑很有特色。

听见水声找过去，自动贩卖机是坏的。

跟着音乐声过去，感觉没人维护的样子。

路修得平整推婴儿车没问题

在附近快餐吃甜品的时候外面突然下雨了

就是奔这来的果然没失望。",,0,3.23,public,1,2026/1/8 2:20,2026/1/13 17:08
,116,28,,关于坤宁宫,"今天去了坤宁宫。

多云，不晒。

人真多。

逛着逛着觉得，有块石头刻着字。

下次要带相机来。",,0,0,private,1,2026/5/11 7:39,2026/5/12 18:55
,116,20,,皇极殿的小记,"今天去了皇极殿。

空气很好。

往深处探了探，整体设计还是用了心的。

人生嘛多走走多看看挺好的。",,0,4.35,private,1,2026/3/28 3:32,2026/3/28 19:19
,116,457,,逛静明园的一天,"今天去了静明园。

微风。

不愧是名不虚传。

在亭子里坐了会儿，水景做得不错。

也许这就是生活在城市的乐趣吧。",,0,0,public,1,2026/5/16 15:42,2026/5/22 9:06
,117,59,,去了趟五棵松奥林匹克文化公园,"今天去了五棵松奥林匹克文化公园。

没什么人。

走累了抬头一看，有人在跳广场舞。

总的来说是个不错的去处。",,1.41,0,public,1,2026/4/3 22:40,2026/4/9 14:01
,117,65,,北京植物园樱桃沟的见闻,"今天去了北京植物园樱桃沟。

建筑很有特色。

穿过那道门之后，很适合拍照。

这种不赶时间的旅行最舒服。",,0,0,public,1,2026/1/31 21:05,2026/2/6 18:35
,118,252,,关于纪晓岚故居,"今天去了纪晓岚故居。

阴天，凉快。

出乎意料的好。

在小路上走着，亭子里有几个人在聊天。

听见水声找过去，每个角落都很用心。

跟着音乐声过去，有些角落特别有生活气息。

找吃的找了半天最后吃了碗咖啡

打了卡心愿单少了一项。",,0,0,public,1,2026/5/6 5:52,2026/5/14 7:09
,118,234,,逛毛主席纪念堂的一天,"今天去了毛主席纪念堂。

秋高气爽。

绿化很好。

跟着一群游客走到，这个季节的叶子颜色真好。

在湖边站了一会儿，远处的山影很漂亮。

穿过那道门之后，有老人在练太极。

回头看过来时的路，有老人在练太极。

里面可以租轮椅

出地铁站的时候下起了小雨还好逛完了。",,0,4.96,private,1,2026/3/13 16:42,2026/3/20 9:34
,119,693,,箭扣长城游记,"今天去了箭扣长城。

下着毛毛雨。

非常干净。

跟着一群游客走到，门票有点贵。

往深处探了探，有几棵大树很有年头。

在花坛边站了一会儿，小桥流水还挺有意境。

脱离了主路后，台阶上的青苔让人觉得有年头。

在国奥乡居餐厅吃粤菜的时候外面突然下雨了

就当是散了个步吧。

安静得能听到自己的脚步声。",,2.08,4.58,public,1,2026/1/17 10:33,2026/1/19 3:31
,120,936,,逛韩村河公园的一天,"今天去了韩村河公园。

光线好。

出乎意料的好。

跟着一群游客走到，蚊子有点多。

下了几级台阶后，有些游客乱扔垃圾。

下次应该不会再来了。",,0,0,public,1,2026/1/8 8:27,2026/1/15 6:56
,121,386,,中国数字图书馆的随手记,"今天去了中国数字图书馆。

气温刚好。

绿化很好。

绕到建筑后面，亭子里有几个人在聊天。

站在桥上往下看，走到尽头是死路。

边走边看，远处能看到城市的天际线。

在附近家常菜馆吃了个甜品79块钱不算贵

今天手机相册加了五十多张照片。",,0,4.6,public,1,2026/5/23 11:49,2026/5/27 13:23
,121,84,,去了趟北京国香馆,"今天去了北京国香馆。

气温刚好。

比想象的小。

穿过一片树林后，围墙上爬满了藤蔓。

沿着围墙走着，就在市区里很方便。

逛着逛着觉得，空气比市区好太多。

登上高处看到，有人在遛狗。

本来不饿闻到香味还是进去了食鼎轩烤鸭·私房菜(北京王府井台基厂大街店)

很满意的一次出行。

有几棵大树很有年头。",,1.18,0,public,1,2026/2/4 1:25,2026/2/7 6:30
,121,1091,,一个人的石景山洋庙会,"今天去了石景山洋庙会。

刚下过雨。

没什么人。

在花坛边站了一会儿，站在高处风很大。

跟着一群游客走到，隐约闻到花香。

穿过一片树林后，有一片开得很好的月季。

里面没有吃东西的地方

这趟没白走。",,0,3.78,public,1,2026/5/27 2:34,2026/5/30 9:07
,122,1182,,逛亦新郊野公园的周末,"今天去了亦新郊野公园。

下着毛毛雨。

装修还挺新。

绕到建筑后面，情侣挺多的。

认真逛下来发现，闹中取静的感觉。

长椅不少基本每走一段就能歇脚

晒了一下午太阳满足了。",,0,4.35,public,1,2026/2/19 13:59,2026/2/27 13:34
,122,134,,逛十三陵·裕陵的下午,"今天去了十三陵·裕陵。

微风。

维护得挺好。

走了一圈发现，来这里的人大多是周边居民。

走到一处开阔地，有些角落特别有生活气息。

路过康陵正德春饼宴25号院看到排长队下次再来吃

如果住在附近应该会常来。",,1.08,3.24,public,1,2026/4/26 8:53,2026/5/4 9:08
,123,145,,亮马河国际风情水岸游记,"今天去了亮马河国际风情水岸。

微风。

地方挺偏僻的。

在小路上走着，路修得很好走。

在潮有范儿&Double u coffee(燕莎友谊商城店)要了一份麻辣烫35元味道超出预期

晒了一下午太阳满足了。",,1.91,0,private,1,2026/1/15 8:51,2026/1/18 18:37
,124,984,,逛密云人间花海的下午,"今天去了密云人间花海。

很舒服的天气。

交通挺方便的。

脱离了主路后，这里的日落很美。

找充电口找了半天

走的时候恋恋不舍。",,0,4.55,private,1,2026/1/7 18:27,2026/1/8 16:42
,124,925,,关于芦子水天璇景区,"今天去了芦子水天璇景区。

交通挺方便的。

跟着一群游客走到，有人在跳广场舞。

也许这就是生活在城市的乐趣吧。",,0.35,0,public,1,2026/5/22 7:38,2026/5/31 20:06
,124,779,,走进立水桥公园,"今天去了立水桥公园。

交通挺方便的。

回头看过来时的路，廊下的风铃在响。

洗手间还挺干净的

性价比很高的一个下午。",,0,4.32,public,1,2026/2/9 10:36,2026/2/11 15:03
,125,1022,,逛和义郊野公园的半天,"今天去了和义郊野公园。

很舒服的天气。

比想象的大。

在湖边站了一会儿，水景做得不错。

逛着逛着觉得，有些游客乱扔垃圾。

看到有人在做保洁收拾得很勤快

随便吃了点重点是逛不是吃

走的时候松了口气。",,0,3.81,public,1,2026/3/7 21:10,2026/3/8 14:30
,126,1132,,逛聚灵峡景区的上午,"今天去了聚灵峡景区。

秋高气爽。

感觉来对了。

边走边看，整体设计还是用了心的。

听见水声找过去，没什么遮阳的地方。

走到一半突然觉得，老人家应该会喜欢这里。

文创区里东西不多但挺有意思

没有特别惊艳但也挑不出大毛病。",,0,3.13,public,1,2026/1/23 4:06,2026/1/29 5:55
,126,931,,长沟湿地公园游记,"今天去了长沟湿地公园。

阴天，凉快。

人真多。

穿过那道门之后，鸽子在地上走来走去。

从主路拐进小路，离市中心还挺远的但值得。

在小路上走着，挺适合带小朋友来的。

健身器材有人在用

出来饿得不行在附近家常菜馆吃了个咖啡很满足

好地方要分享。

老人家应该会喜欢这里。",,0,0,public,1,2026/1/4 0:50,2026/1/9 23:40
,127,55,,慢逛中国农业大学昆虫标本馆,"今天去了中国农业大学昆虫标本馆。

很舒服的天气。

不愧是名不虚传。

从主路拐进小路，有几个角度特别适合拍照。

经过一个不起眼的入口，有一片区域在翻新。

这趟没白走。",,0,3.38,public,1,2026/2/28 11:41,2026/3/4 18:00
,127,744,,打卡观复博物馆,"今天去了观复博物馆。

多云转晴。

怎么这么小。

转了个弯就看到了，围墙上爬满了藤蔓。

从主路拐进小路，有些台阶对老人不太友好。

休息区有长椅还不错

回家洗个热水澡今天完美。",,1.43,0,public,1,2026/1/9 8:55,2026/1/10 1:40
,128,887,,关于蟹岛绿色生态农庄,"今天去了蟹岛绿色生态农庄。

多云转晴。

环境不错。

逛着逛着觉得，路标不太清楚。

溜达了一会儿后，草地可以坐很多人铺了垫子。

跟着音乐声过去，假山堆得有模有样。

路修得平整推婴儿车没问题

饿了就随便找了家附近面馆韩餐竟然还挺好吃

打了卡心愿单少了一项。

有些台阶对老人不太友好。",,0,0,public,1,2026/4/24 14:43,2026/4/30 12:49
,128,406,,逛苏家坨镇台头村采摘园的半天,"今天去了苏家坨镇台头村采摘园。

天空特别蓝。

没什么人。

在湖边站了一会儿，路边的野花没人打理但开得挺好。

从主路拐进小路，风景确实不错。

坐在长椅上想，挺适合带小朋友来的。

听见水声找过去，蚊子有点多。

走了一圈没看到想吃的

可能期待值太高了。",,0,4.18,public,1,2026/3/21 22:38,2026/3/28 7:37
,128,1301,,瑞正园农庄游记,"今天去了瑞正园农庄。

风很大。

很安静。

走到一处开阔地，周围的居民过来下象棋。

登上高处看到，周围的居民过来下象棋。

走了一圈发现，有几个地方在施工。

坐在长椅上想，草地可以坐很多人铺了垫子。

点了个韩餐分量挺足的

也就这样吧。",,3.47,0,public,1,2026/1/17 3:14,2026/1/23 22:54
,129,826,,走进白鹿郊野公园,"今天去了白鹿郊野公园。

很舒服的天气。

装修还挺新。

穿过一片树林后，有人在遛狗。

逛着逛着觉得，这个季节的叶子颜色真好。

登上高处看到，廊下的风铃在响。

无意间看到，台阶上的青苔让人觉得有年头。

路过里面的纪念品处进去转了转

有阳光有绿树有鸟叫还有什么不满足的。",,0,0,public,1,2026/4/29 22:27,2026/5/6 13:27
,130,1125,,京门铁路遗址公园游记,"今天去了京门铁路遗址公园。

怎么这么小。

坐在长椅上想，草坪维护得很整齐。

出来饿得不行在老年驿站餐厅吃了个韩餐很满足

一天好心情的来源。",,0,4.47,public,1,2026/3/7 0:53,2026/3/9 23:23
,130,357,,关于梅兰芳纪念馆,"今天去了梅兰芳纪念馆。

气温刚好。

怎么这么小。

走进小巷子后，草坪维护得很整齐。

没有特别惊艳但也挑不出大毛病。",,4.73,4.88,private,1,2026/5/1 13:50,2026/5/6 2:04
,131,643,,关于沟崖自然风景区,"今天去了沟崖自然风景区。

有点破旧。

认真逛下来发现，挺适合带小朋友来的。

回来路上买了瓶水一口气喝完渴坏了。",,2.37,0,public,1,2026/5/13 12:13,2026/5/20 2:56
,131,783,,关于北京南湖公园,"今天去了北京南湖公园。

晴天，阳光很好。

没网上说的那么好。

绕到建筑后面，门票有点贵。

回家洗个热水澡今天完美。",,0,3.34,public,1,2026/3/1 1:07,2026/3/7 23:21
,131,1038,,绿堤公园游记,"今天去了绿堤公园。

比想象的小。

在亭子里坐了会儿，看得出经常有人打理。

随便吃了点重点是逛不是吃

这趟没白走。",,2.87,0,public,1,2026/1/23 16:52,2026/1/24 5:51
,132,1006,,古北口文化文物旅游区游记,"今天去了古北口文化文物旅游区。

天空特别蓝。

没什么人。

下了几级台阶后，蚊子有点多。

出来后在古镇南街小吃店吃了烧烤味道不错人均28

走的时候松了口气。",,0,4.29,public,1,2026/1/1 20:00,2026/1/10 20:06
,133,27,,去了趟御花园,"今天去了御花园。

有点热。

维护得挺好。

跟着音乐声过去，安静得能听到自己的脚步声。

拐过一个弯看到，有人在下棋。

出来饿得不行在旁边的饺子馆吃了个粤菜很满足

下次准备带朋友来。",,0,4.35,public,1,2026/2/8 0:06,2026/2/8 7:40
,133,20,,皇极殿的小记,"今天去了皇极殿。

雾霾有点重。

挺空旷的。

听见水声找过去，有老人在练太极。

走累了抬头一看，指示牌太少迷路了。

出来饿得不行在渔蓝海鲜火锅(首都宾馆店)吃了个粤菜很满足

有一个能放松的地方真好。",,2.22,4.61,public,1,2026/1/18 0:14,2026/1/20 16:03
,133,328,,北京鸦儿胡同游记,"今天去了北京鸦儿胡同。

秋高气爽。

布局有点乱。

登上高处看到，路边有卖糖葫芦的。

经过一个不起眼的入口，亭子里有几个人在聊天。

找吃的找了半天最后吃了碗粤菜

这种不赶时间的旅行最舒服。",,3.78,0,public,1,2026/4/18 22:16,2026/4/24 13:52
,134,994,,黄峪口风景区的见闻,"今天去了黄峪口风景区。

下午有点晒。

挺空旷的。

无意间看到，这个地方还挺有意思的。

登上高处看到，路边有卖糖葫芦的。

拐过一个弯看到，周围的居民过来下象棋。

回头看过来时的路，没什么遮阳的地方。

出来后在路边小吃店吃了日料味道不错人均86

很满意的一次出行。",,0,0,public,1,2026/4/4 7:13,2026/4/11 4:57
,135,523,,去了趟长城铁花景区,"今天去了长城铁花景区。

晴天，阳光很好。

没网上说的那么好。

穿过一片树林后，垃圾桶有点少。

回头看过来时的路，指示牌太少迷路了。

找到一个很舒服的角落坐了很久

出来饿得不行在旁边小店吃了个咖啡很满足

回来路上越想越不值。",,2.57,3.37,private,1,2026/4/13 20:10,2026/4/21 15:16
,135,707,,壹梵画廊的流水账,"今天去了壹梵画廊。

下午有点晒。

挺热闹的。

认真逛下来发现，售票处效率很低。

穿过一片树林后，人少的时候应该体验更好。

蚊子很多建议带驱蚊水

想去的店关门了就近吃了点

值得再来。",,2.63,4.1,public,1,2026/4/30 2:47,2026/5/8 12:39
,135,323,,打卡厂甸庙会,"今天去了厂甸庙会。

有点热。

交通挺方便的。

拐过一个弯看到，有老人在练太极。

逛着逛着觉得，味道有点大。

在椿萱食堂要了一份咖啡21元味道超出预期

出地铁站的时候下起了小雨还好逛完了。",,0.59,0,public,1,2026/3/1 3:55,2026/3/1 13:18
,136,310,,走进顺城公园,"今天去了顺城公园。

刚下过雨。

很精致。

边走边看，路边有卖糖葫芦的。

下了几级台阶后，有些角落特别有生活气息。

有几处饮水点

选了家旁边的饺子馆试了烧烤还不错下次还可以来

很满意的一次出行。",,0,0,public,1,2026/1/2 23:52,2026/1/12 4:39
,136,925,,芦子水天璇景区的见闻,"今天去了芦子水天璇景区。

天空特别蓝。

比照片上好看。

登上高处看到，路边的野花没人打理但开得挺好。

走累了抬头一看，感觉没人维护的样子。

怎么说呢是一个会让你慢下来的地方。",,0,0,public,1,2026/2/12 3:17,2026/2/20 20:46
,137,1100,,马致远故居的随手记,"今天去了马致远故居。

没网上说的那么好。

走累了抬头一看，蚊子有点多。

门票不值这个价。",,0,3.25,private,1,2026/2/14 4:28,2026/2/19 4:11
,137,338,,去了趟文津街,"今天去了文津街。

比想象的小。

穿过那道门之后，停车场收费太贵。

幸好没抱什么期望。",,4.47,4.88,public,1,2026/3/25 2:26,2026/3/27 10:26
,139,384,,去了趟清华大学艺术博物馆,"今天去了清华大学艺术博物馆。

有点热。

怎么这么小。

拐过一个弯看到，有人在下棋。

认真逛下来发现，周围的居民过来下象棋。

在湖边站了一会儿，水景做得不错。

有片儿童游乐区小朋友很多

好吃不贵24块钱管饱

走的时候松了口气。

离市中心还挺远的但值得。",,2.02,3.56,public,1,2026/4/3 9:30,2026/4/11 12:41
,139,888,,去了趟观复古典艺术博物馆,"今天去了观复古典艺术博物馆。

很舒服的天气。

很安静。

逛着逛着觉得，适合发呆。

溜达了一会儿后，设施有点老旧了。

从主路拐进小路，有些地方很滑。

停车场还挺大的

饿了就随便找了家路边小吃店快餐竟然还挺好吃

一个人走走停停也挺好。",,0,0,public,1,2026/5/9 13:34,2026/5/15 15:36
,140,973,,关于北京奥仪凯源蔬菜种植采摘园,"今天去了北京奥仪凯源蔬菜种植采摘园。

有点闷热。

挺大气的。

穿过那道门之后，这个季节的叶子颜色真好。

跟着音乐声过去，有几棵大树很有年头。

沿着围墙走着，地里种着蔬菜。

经过一个不起眼的入口，味道有点大。

饿了就随便找了家附近面馆中餐厅竟然还挺好吃

走的时候松了口气。",,0,0,public,1,2026/4/20 4:18,2026/4/22 2:49
,140,1254,,北京天地和农庄的流水账,"今天去了北京天地和农庄。

天空特别蓝。

觉得还行吧。

穿过那道门之后，倒影比实景好看。

走到一半突然觉得，草坪维护得很整齐。

跟着一群游客走到，离市中心还挺远的但值得。

逛着逛着觉得，闹中取静的感觉。

里面有充电宝可以借

出来饿得不行在松鹤楼(台基厂店)吃了个中餐厅很满足

跟网上宣传的差太多了。",,0,0,public,1,2026/1/17 11:51,2026/1/25 21:14
,140,814,,摩力圣汇温泉会馆的小记,"今天去了摩力圣汇温泉会馆。

有点热。

装修还挺新。

听见水声找过去，路边的野花没人打理但开得挺好。

逛着逛着觉得，有些游客乱扔垃圾。

走到一半突然觉得，廊下的风铃在响。

顺着路牌拐进去，路标不太清楚。

那家路边小吃店的中餐厅比景区里卖的好吃多了

走的时候松了口气。",,1.01,4.95,private,1,2026/2/28 3:52,2026/3/4 14:41
,141,775,,关于仰山公园,"今天去了仰山公园。

下午有点晒。

有点失望。

无意间看到，亭子里有几个人在聊天。

认真逛下来发现，路边的野花没人打理但开得挺好。

边走边看，湖面很平静。

绕到建筑后面，售票处效率很低。

走了一圈没看到想吃的

今天路费加门票加吃饭一共不到一百块。",,2.27,3.36,private,1,2026/3/20 2:51,2026/3/23 5:02
,141,829,,去了趟金田郊野公园,"今天去了金田郊野公园。

雾霾有点重。

装修还挺新。

走进小巷子后，远处能看到城市的天际线。

下了几级台阶后，草地可以坐很多人铺了垫子。

坐在长椅上想，台阶上的青苔让人觉得有年头。

听见水声找过去，整体设计还是用了心的。

下次挑个晴天再来看看。

亭子里有几个人在聊天。",,0,3.47,public,1,2026/2/25 17:43,2026/3/5 14:53
,141,974,,北京首云铁矿公园的回忆,"今天去了北京首云铁矿公园。

晴天，阳光很好。

很安静。

转了个弯就看到了，门票有点贵。

走到一处开阔地，情侣挺多的。

在湖边站了一会儿，老人家应该会喜欢这里。

逛着逛着觉得，有几个角度特别适合拍照。

周围连个买水的地方都没有

在奥华餐厅老张记(台基厂店)吃了个韩餐62块钱不算贵

回家洗个热水澡今天完美。",,2.04,0,public,1,2026/2/27 20:41,2026/2/28 16:12
,142,933,,房山燕怡园游记,"今天去了房山燕怡园。

有点闷热。

有点失望。

绕到建筑后面，离市中心还挺远的但值得。

经过一个不起眼的入口，空气比市区好太多。

站在桥上往下看，松树好高。

街角有家怡园生态餐厅看起来不错进去试了麻辣烫

可能期待值太高了。",,0,0,public,1,2026/1/21 17:47,2026/1/23 21:48
,143,38,,逛齐白石故居的一天,"今天去了齐白石故居。

人真多。

经过一个不起眼的入口，洗手间维护得很好。

记下这次经历怕以后忘了。",,0,4.6,private,1,2026/5/6 7:46,2026/5/13 17:13
,143,1243,,盘龙瀑自然风景区游记,"今天去了盘龙瀑自然风景区。

有点破旧。

拐过一个弯看到，洗手间维护得很好。

逛完腿软但心情好。",,0.8,0,public,1,2026/2/27 18:05,2026/3/2 8:22
,143,418,,去了趟曙光防灾教育公园,"今天去了曙光防灾教育公园。

挺空旷的。

顺着路牌拐进去，假山堆得有模有样。

在门口又回头看了一眼。",,2.74,0,public,1,2026/3/23 17:23,2026/3/31 1:46
,144,1142,,去了趟爨底下村,"今天去了爨底下村。

秋高气爽。

比照片上好看。

在湖边站了一会儿，假山堆得有模有样。

溜达了一会儿后，洗手间维护得很好。

也许这就是生活在城市的乐趣吧。",,0.67,0,public,1,2026/3/29 16:05,2026/4/4 12:25
,144,405,,走进苏家坨镇管家岭村采摘园,"今天去了苏家坨镇管家岭村采摘园。

雾霾有点重。

比想象的大。

走累了抬头一看，有几棵银杏树特别好看。

无意间看到，其实比外面看起来大多了。

怎么说呢是一个会让你慢下来的地方。",,0,0,public,1,2026/2/2 18:27,2026/2/3 9:57
,145,35,,去了趟明皇城东安门遗址,"今天去了明皇城东安门遗址。

有点闷热。

比照片上好看。

转了个弯就看到了，地上的落叶踩上去软软的。

拐过一个弯看到，指示牌很清晰。

看到好几处公共座椅挺贴心的

选了家第六季自助餐厅(王府世纪店)试了韩餐还不错下次还可以来

这种不赶时间的旅行最舒服。",,0,0,public,1,2026/5/22 2:42,2026/5/30 8:57
,147,785,,关于垡头科普文化公园,"今天去了垡头科普文化公园。

有点热。

交通挺方便的。

走累了抬头一看，闹中取静的感觉。

跟着音乐声过去，路边有卖糖葫芦的。

走到最深处，有个小瀑布。

买了瓶水景区价忍了

带了零食进去出来才找地方吃饭

打个卡就够了不用二刷。

适合发呆。",,4.84,4.5,private,1,2026/3/10 19:09,2026/3/18 4:47
,147,182,,关于北京乾鼎老酒博物馆,"今天去了北京乾鼎老酒博物馆。

下着毛毛雨。

有点破旧。

走累了抬头一看，小桥流水还挺有意境。

走到一半突然觉得，路边的野花没人打理但开得挺好。

在小路上走着，有老人在练太极。

跟着一群游客走到，安静得能听到自己的脚步声。

wifi信号不好

没在外面吃坐地铁回家自己做的

下次准备带朋友来。",,3.81,0,public,1,2026/2/24 22:31,2026/2/28 4:11
,147,627,,关于居庸关长城博物馆,"今天去了居庸关长城博物馆。

很舒服的天气。

觉得还行吧。

往深处探了探，围墙上爬满了藤蔓。

下了几级台阶后，整体设计还是用了心的。

坐在长椅上想，风景确实不错。

找到一个很舒服的角落坐了很久

路边北京乡味乐居餐馆的粤菜是本地的味道

像捡到宝一样的感觉。

指示牌太少迷路了。",,0.62,0,public,1,2026/1/22 20:14,2026/1/31 14:53
,148,793,,逛来广营清河营公园的下午,"今天去了来广营清河营公园。

早上还下了点雨，到的时候停了。

布局有点乱。

从主路拐进小路，来这里的人大多是周边居民。

经过一个不起眼的入口，地里种着蔬菜。

走到一处开阔地，看到了野鸭。

绕到建筑后面，周围的居民过来下象棋。

指示牌不够清楚转了好几圈

那家这边包子铺(北苑店)的粤菜比景区里卖的好吃多了

有一个能放松的地方真好。",,3.3,4.91,public,1,2026/1/16 17:46,2026/1/22 8:50
,150,142,,白河湾薰衣草庄园游记,"今天去了白河湾薰衣草庄园。

秋高气爽。

空气很好。

绕着湖走的时候，适合发呆。

边走边看，每个角落都很用心。

有片儿童游乐区小朋友很多

本来想吃日料结果白河山川民俗餐厅没有随便点了别的

下次来的时候换个角度逛。",,1.42,4.31,public,1,2026/2/1 15:21,2026/2/6 9:31
,150,767,,关于朝阳区绿风碧野农庄,"今天去了朝阳区绿风碧野农庄。

下午有点晒。

地方挺偏僻的。

在亭子里坐了会儿，售票处效率很低。

绕到建筑后面，隐约闻到花香。

街角有家姚师傅正宗固始鹅块看起来不错进去试了日料

来了有点后悔。",,0,4.95,public,1,2026/5/3 11:12,2026/5/8 16:17
,150,621,,逛天星种植园草莓采摘园的半天,"今天去了天星种植园草莓采摘园。

早上还下了点雨，到的时候停了。

比想象的大。

转了个弯就看到了，路边有卖糖葫芦的。

沿着围墙走着，老人家应该会喜欢这里。

本来想吃日料结果旁边小店没有随便点了别的

下次要带相机来。",,0,0,public,1,2026/4/10 16:41,2026/4/12 1:02
,151,141,,十三陵·献陵的随手记,"今天去了十三陵·献陵。

刚下过雨。

觉得还行吧。

拐过一个弯看到，这个季节的叶子颜色真好。

在湖边站了一会儿，健身器材区有几个大叔。

洗手间还挺干净的

带了零食进去出来才找地方吃饭

已经安利给朋友了。",,4.36,0,public,1,2026/2/21 11:20,2026/2/25 15:45
,151,89,,走进番字石刻,"今天去了番字石刻。

晴天，阳光很好。

比照片上好看。

拐过一个弯看到，路边有卖糖葫芦的。

跟着音乐声过去，有人在遛狗。

今天路费加门票加吃饭一共不到一百块。",,4.02,0,public,1,2026/5/11 20:09,2026/5/20 6:12
,152,451,,逛中国地质大学博物馆的一天,"今天去了中国地质大学博物馆。

秋高气爽。

非常干净。

走到一处开阔地，有人在遛狗。

走了一圈没看到想吃的

就当是散了个步吧。",,2.23,3.04,public,1,2026/2/2 6:06,2026/2/4 3:30
,153,449,,七王坟民俗旅游村的回忆,"今天去了七王坟民俗旅游村。

下着毛毛雨。

比想象的小。

走了一圈发现，能听到鸟叫声。

走到一处开阔地，草地可以坐很多人铺了垫子。

沿着围墙走着，有人在下棋。

经过一个不起眼的入口，找到了一个适合看书的位置。

路边的银杏叶开始变黄了真好看。",,0,3.83,public,1,2026/3/3 7:58,2026/3/10 2:06
,154,159,,蜂巢剧场游记,"今天去了蜂巢剧场。

光线好。

比照片上好看。

绕着湖走的时候，地上的落叶踩上去软软的。

走累了抬头一看，感觉没人维护的样子。

无意间看到，围墙上爬满了藤蔓。

走廊里有遮阳不怕晒

走了一圈没看到想吃的

逛完腿软但心情好。",,0,4.33,public,1,2026/5/1 17:59,2026/5/4 7:20
,154,282,,去了趟广茗阁茶楼,"今天去了广茗阁茶楼。

很舒服的天气。

人真多。

在花坛边站了一会儿，指示牌很清晰。

坐在长椅上想，台阶上的青苔让人觉得有年头。

走进小巷子后，蚊子有点多。

在湖边站了一会儿，周围的居民过来下象棋。

本来想找个地方坐坐海边小馆(鼓楼西大街店)没开门

饿了就随便找了家探花烧烤·专注烧烤十五年(鼓楼店)川菜竟然还挺好吃

没有特别惊艳但也挑不出大毛病。",,2.79,4.71,public,1,2026/5/30 9:32,2026/5/30 13:56
,155,1199,,打卡北京南海子公园,"今天去了北京南海子公园。

布局有点乱。

认真逛下来发现，就在市区里很方便。

今天是对自己好的一天。",,0.79,0,public,1,2026/1/23 22:11,2026/1/26 11:01
,155,1085,,逛石景山雕塑公园的周末,"今天去了石景山雕塑公园。

天空特别蓝。

维护得挺好。

拐过一个弯看到，这个季节的叶子颜色真好。

像捡到宝一样的感觉。",,2.08,3.49,public,1,2026/2/21 15:43,2026/2/26 5:12
,156,829,,一个人的金田郊野公园,"今天去了金田郊野公园。

光线好。

地方挺偏僻的。

绕到建筑后面，台阶上的青苔让人觉得有年头。

逛着逛着觉得，这个地方还挺有意思的。

往深处探了探，亭子里有几个人在聊天。

在亭子里坐了会儿，看得出经常有人打理。

有片儿童游乐区小朋友很多

没什么特别的。

人少的时候应该体验更好。",,3.61,0,public,1,2026/5/17 1:55,2026/5/23 20:10
,156,990,,东极仙谷风景区游记,"今天去了东极仙谷风景区。

下着毛毛雨。

绿化很好。

经过一个不起眼的入口，导游喇叭声很大。

下了几级台阶后，没看到工作人员。

脱离了主路后，周围的居民过来下象棋。

看到有个芯芯便利店刚好渴了进去买了瓶水

找吃的找了半天最后吃了碗麻辣烫

不知道网上好评怎么来的。",,0,4.51,public,1,2026/1/19 0:34,2026/1/25 6:36
,158,255,,去了趟东南角楼,"今天去了东南角楼。

光线好。

怎么这么小。

坐在长椅上想，路边的野花没人打理但开得挺好。

绕到建筑后面，有几个地方在施工。

打个卡就够了不用二刷。",,2.91,4.88,public,1,2026/2/15 20:17,2026/2/25 15:52
,158,370,,逛观音院过街楼的一天,"今天去了观音院过街楼。

下午有点晒。

装修还挺新。

跟着一群游客走到，看到了野鸭。

认真逛下来发现，倒影比实景好看。

有好几个分类垃圾桶

特意去了路边小吃店结果要排队换了一家吃的

在门口又回头看了一眼。",,0,0,public,1,2026/3/24 12:06,2026/3/26 2:59
,158,23,,一个人的午门,"今天去了午门。

多云转晴。

怎么这么小。

爬到山顶发现，闹中取静的感觉。

下了几级台阶后，有个小瀑布。

路边松鹤楼(台基厂店)的西餐是本地的味道

就当是散了个步吧。",,2.57,4.39,public,1,2026/3/30 21:05,2026/4/1 11:46
,160,615,,关于十三陵·神路,"今天去了十三陵·神路。

人真多。

拐过一个弯看到，静谧得能听到风声。

下次要带相机来。",,0,3.84,public,1,2026/1/6 10:23,2026/1/16 1:50
,161,924,,凯悦莱温泉游记,"今天去了凯悦莱温泉。

多云转晴。

一般般。

走到一半突然觉得，有些游客乱扔垃圾。

挺失望的。",,0,0,public,1,2026/4/9 0:22,2026/4/16 18:45
,162,391,,打卡海淀区文化小剧场,"今天去了海淀区文化小剧场。

装修还挺新。

跟着一群游客走到，有人在下棋。

那家瑞幸咖啡(自营-北京实验店)的小吃比景区里卖的好吃多了

周末这样过才有意义。",,3.86,0,public,1,2026/1/5 19:35,2026/1/12 19:12
,162,153,,北京中山公园音乐堂游记,"今天去了北京中山公园音乐堂。

出乎意料的好。

绕到建筑后面，路边有卖糖葫芦的。

那家后河快餐店的小吃比景区里卖的好吃多了

人生嘛多走走多看看挺好的。",,0,4.21,public,1,2026/5/18 0:25,2026/5/25 2:13
,162,377,,去了趟国家大剧院,"今天去了国家大剧院。

比照片上好看。

走到一处开阔地，其实比外面看起来大多了。

打了卡心愿单少了一项。",,0,0,public,1,2026/1/28 23:14,2026/1/31 5:27
,163,994,,逛黄峪口风景区的上午,"今天去了黄峪口风景区。

微风。

比照片上好看。

沿着围墙走着，远处的山影很漂亮。

登上高处看到，远处的山影很漂亮。

餐饮区的东西有点贵

本来想吃粤菜结果旁边小店没有随便点了别的

出来的时候正好看到夕阳。",,0,3.13,private,1,2026/2/22 6:58,2026/2/23 1:37
,164,560,,逛白河湾自然风景区（白河峡谷）的半天,"今天去了白河湾自然风景区（白河峡谷）。

有点闷热。

很安静。

沿着围墙走着，这个季节的叶子颜色真好。

溜达了一会儿后，湖面很平静。

无意间看到，安静得能听到自己的脚步声。

找到一个很舒服的角落坐了很久

下次挑个晴天再来看看。",,0,3,public,1,2026/4/1 5:26,2026/4/8 19:14
,164,1247,,走进平谷飞龙谷,"今天去了平谷飞龙谷。

气温刚好。

布局有点乱。

在亭子里坐了会儿，有鱼塘可以垂钓。

绕到建筑后面，看得出经常有人打理。

边走边看，有人在下棋。

走到最深处，草地可以坐很多人铺了垫子。

看到好几处公共座椅挺贴心的

就是奔这来的果然没失望。",,0,3.68,public,1,2026/3/29 21:49,2026/4/2 6:20
,165,364,,关于北京图书大厦,"今天去了北京图书大厦。

秋高气爽。

非常干净。

跟着音乐声过去，这个地方还挺有意思的。

在小路上走着，指示牌太少迷路了。

绕到建筑后面，远处能看到城市的天际线。

本来想找个地方坐坐努努餐厅没开门

好吃不贵30块钱管饱

一个人逛其实挺好。",,4.92,0,public,1,2026/2/4 9:44,2026/2/13 18:26
,165,675,,国家中影数字制作基地游记,"今天去了国家中影数字制作基地。

晴天，阳光很好。

觉得还行吧。

在亭子里坐了会儿，找到了一个适合看书的位置。

沿着围墙走着，看到了野鸭。

无意间看到，台阶上的青苔让人觉得有年头。

走到一半突然觉得，每个角落都很用心。

休息区的服务态度挺好的

没有特别惊艳但也挑不出大毛病。",,2.83,4.13,private,1,2026/4/18 3:30,2026/4/20 12:56
,166,825,,关于东风公园,"今天去了东风公园。

风很大。

地方挺偏僻的。

在湖边站了一会儿，来这里的人大多是周边居民。

往深处探了探，有些地方很滑。

路边路边小吃店的火锅是本地的味道

没什么特别的。",,2.33,0,public,1,2026/2/23 5:05,2026/2/24 17:33
,167,205,,龙潭庙会游记,"今天去了龙潭庙会。

气温刚好。

交通挺方便的。

经过一个不起眼的入口，这个地方还挺有意思的。

脱离了主路后，空气比市区好太多。

路边的银杏叶开始变黄了真好看。",,0,0,public,1,2026/2/8 5:30,2026/2/10 6:25
,167,1297,,逛北京运河瓷画艺术馆的下午,"今天去了北京运河瓷画艺术馆。

光线好。

建筑很有特色。

回头看过来时的路，看到了野鸭。

认真逛下来发现，有人在跳广场舞。

评分的话四星吧。",,0,0,private,1,2026/5/2 10:20,2026/5/7 21:22
,167,25,,正阳美术馆游记,"今天去了正阳美术馆。

阴天，凉快。

地方挺偏僻的。

走到最深处，隐约闻到花香。

坐在长椅上想，能听到鸟叫声。

朝阳烟草里东西不多但挺有意思

走了一圈没看到想吃的

逛完腿软但心情好。",,0.05,0,public,1,2026/4/27 10:13,2026/5/7 0:35
,168,238,,黄寺游记,"今天去了黄寺。

晴天，阳光很好。

绿化很好。

在湖边站了一会儿，这个地方还挺有意思的。

边走边看，健身器材区有几个大叔。

自动贩卖机的饮料比外面贵一倍

这种不赶时间的旅行最舒服。",,0.3,0,public,1,2026/2/17 5:10,2026/2/18 22:16
,168,745,,关于中国民航博物馆,"今天去了中国民航博物馆。

多云转晴。

觉得还行吧。

登上高处看到，导游喇叭声很大。

在亭子里坐了会儿，这个地方还挺有意思的。

评分的话四星吧。",,3.2,0,private,1,2026/3/8 18:17,2026/3/11 4:12
,168,498,,关于北京大学赛克勒考古与艺术博物馆,"今天去了北京大学赛克勒考古与艺术博物馆。

有点热。

味道有点大。

回头看过来时的路，站在高处风很大。

在亭子里坐了会儿，路修得很好走。

回来路上越想越不值。",,0,4.91,public,1,2026/5/2 3:40,2026/5/4 18:45
,169,315,,逛中国佛教图书文物馆的上午,"今天去了中国佛教图书文物馆。

天空特别蓝。

比照片上好看。

在亭子里坐了会儿，挺适合带小朋友来的。

登上高处看到，水景做得不错。

脱离了主路后，其实比外面看起来大多了。

指示牌不够清楚转了好几圈

没在外面吃坐地铁回家自己做的

门票不值这个价。",,0.1,3.76,public,1,2026/2/4 4:34,2026/2/7 9:49
,169,300,,广福观游记,"今天去了广福观。

有点热。

很安静。

走累了抬头一看，感觉没人维护的样子。

下了几级台阶后，亭子里有几个人在聊天。

拐过一个弯看到，老人家应该会喜欢这里。

从主路拐进小路，有几棵银杏树特别好看。

路修得平整推婴儿车没问题

吃完火锅觉得这趟更值了

下次准备带朋友来。",,0,4.75,public,1,2026/3/5 15:06,2026/3/8 16:05
,170,732,,去了趟北京中医药大学中医药博物馆,"今天去了北京中医药大学中医药博物馆。

雾霾有点重。

感觉来对了。

跟着音乐声过去，就在市区里很方便。

边走边看，停车场收费太贵。

走的时候松了口气。",,0,4.91,public,1,2026/5/19 8:25,2026/5/23 22:19
,170,518,,去了趟李大钊烈士陵园,"今天去了李大钊烈士陵园。

多云，不晒。

空气很好。

在湖边站了一会儿，有一片区域在翻新。

顺着路牌拐进去，门票有点贵。

好吃不贵29块钱管饱

也就一般般吧。",,0,3.93,public,1,2026/3/28 7:32,2026/4/3 15:39
,170,107,,去了趟斋堂城遗址,"今天去了斋堂城遗址。

有点热。

很精致。

走累了抬头一看，假山堆得有模有样。

走进小巷子后，蚊子有点多。

里面没有吃东西的地方

来了有点后悔。",,0,0,public,1,2026/2/14 5:21,2026/2/15 11:00
,171,788,,关于北辰绿色中央公园,"今天去了北辰绿色中央公园。

气温刚好。

空气很好。

经过一个不起眼的入口，来这里的人大多是周边居民。

沿着围墙走着，有一片开得很好的月季。

顺着路牌拐进去，健身器材区有几个大叔。

路过里面的卷叶汇进去转了转

点了个烧烤分量挺足的

就当是散了个步吧。",,0,3.94,public,1,2026/2/15 9:13,2026/2/21 16:28
,172,60,,佛香阁游记,"今天去了佛香阁。

不愧是名不虚传。

从主路拐进小路，卫生间味道有点大。

自动贩卖机的饮料比外面贵一倍

总的来说是个不错的去处。",,2.02,4.08,public,1,2026/3/23 9:22,2026/3/28 14:22
,174,215,,北京市规划展览馆游记,"今天去了北京市规划展览馆。

维护得挺好。

跟着一群游客走到，有人在下棋。

看到有人在做保洁收拾得很勤快

饿了就随便找了家福越楼·老北京铜锅涮肉(前门店)烧烤竟然还挺好吃

好地方要分享。",,0,0,public,1,2026/1/21 6:08,2026/1/29 11:42
,174,719,,关于北京市方志馆,"今天去了北京市方志馆。

刚下过雨。

交通挺方便的。

绕着湖走的时候，光线穿过树叶洒下来很好看。

在德润轩大排档吃了个烧烤93块钱不算贵

跟网上宣传的差太多了。",,0,0,public,1,2026/1/31 11:50,2026/2/1 21:05
,174,194,,逛中国医史博物馆的一天,"今天去了中国医史博物馆。

雾霾有点重。

有点破旧。

跟着音乐声过去，静谧得能听到风声。

一个人走走停停也挺好。",,0,0,public,1,2026/1/28 16:59,2026/2/3 3:49
,175,150,,关于北京人文艺术中心,"今天去了北京人文艺术中心。

有点热。

绿化很好。

溜达了一会儿后，路修得很好走。

走累了抬头一看，有个小瀑布。

穿过那道门之后，没看到工作人员。

想去的店关门了就近吃了点

周末这样过才有意义。",,0,3.55,public,1,2026/5/16 15:55,2026/5/17 5:38
,175,737,,逛芳草地画廊798的上午,"今天去了芳草地画廊798。

雾霾有点重。

交通挺方便的。

顺着路牌拐进去，远处能看到城市的天际线。

拐过一个弯看到，亭子里有几个人在聊天。

认真逛下来发现，松树好高。

在亭子里坐了会儿，蚊子有点多。

有几处饮水点

出来后在江宁府·生煎(SOHO尚都西塔店)吃了粤菜味道不错人均22

好地方要分享。

有人在遛狗。",,0.68,3.93,public,1,2026/2/18 15:54,2026/2/20 2:18
,176,34,,关于乾清宫,"今天去了乾清宫。

很舒服的天气。

布局有点乱。

穿过一片树林后，设施有点老旧了。

认真逛下来发现，路标不太清楚。

搜了下附近的吃的附近快餐的日料好评

跟网上宣传的差太多了。",,0,0,public,1,2026/3/11 12:48,2026/3/13 17:38
,177,725,,逛北京晋商博物馆的周末,"今天去了北京晋商博物馆。

非常干净。

跟着一群游客走到，里面卖的东西太贵了。

路过里面的Rokid乐其AR眼镜(SKP店)进去转了转

找吃的找了半天最后吃了碗中餐厅

路边的银杏叶开始变黄了真好看。",,0,0,public,1,2026/1/4 2:44,2026/1/9 6:34
,178,446,,佟麟阁将军纪念馆游记,"今天去了佟麟阁将军纪念馆。

有点闷热。

建筑很有特色。

穿过一片树林后，花季的时候应该更美。

认真逛下来发现，假山堆得有模有样。

在山众缘饭店(买卖街店)吃了碗麻辣烫真香

逛完腿软但心情好。",,0,0,public,1,2026/1/21 13:27,2026/1/25 22:19
,178,40,,逛北海白塔的半天,"今天去了北海白塔。

雾霾有点重。

绿化很好。

边走边看，旁边是马路，有点吵。

跟着一群游客走到，指示牌很清晰。

蚊子很多建议带驱蚊水

一天好心情的来源。",,3.48,4.94,public,1,2026/4/27 11:35,2026/5/1 11:03
,179,426,,丹青圃公园游记,"今天去了丹青圃公园。

阴天，凉快。

比照片上好看。

跟着一群游客走到，有好几个可以休息的地方。

绕到建筑后面，这个地方还挺有意思的。

餐饮区的东西有点贵

路过鑫源串吧铁锅炖看到排长队下次再来吃

评分的话四星吧。",,0,0,public,1,2026/3/14 17:24,2026/3/20 19:40
,181,19,,法国邮政局旧址的流水账,"今天去了法国邮政局旧址。

秋高气爽。

挺热闹的。

走到一半突然觉得，站在高处风很大。

沿着围墙走着，看到了野鸭。

本来想吃家常菜结果壹条龙涮肉(台基厂店)没有随便点了别的

下次准备带朋友来。",,0,0,private,1,2026/3/16 1:51,2026/3/22 10:44
,181,615,,去了趟十三陵·神路,"今天去了十三陵·神路。

雾霾有点重。

比想象的小。

从主路拐进小路，有几棵大树很有年头。

无意间看到，空气比市区好太多。

走廊里有遮阳不怕晒

路过春归灶台鱼·铁锅炖·农家菜看到排长队下次再来吃

这种不赶时间的旅行最舒服。",,0,3.54,public,1,2026/2/25 9:50,2026/3/4 10:44
,181,227,,北京文博交流馆（北京市智化寺管理处）的小记,"今天去了北京文博交流馆（北京市智化寺管理处）。

下着毛毛雨。

挺大气的。

跟着音乐声过去，感觉没人维护的样子。

走到一处开阔地，健身器材区有几个大叔。

景区里有卖小吃的随便买了点

幸好没抱什么期望。",,0,3.91,public,1,2026/5/22 2:25,2026/5/24 6:36
