id,diary_id,user_id,parent_comment_id,content_text,media_url,like_count,reply_count,status,created_at,updated_at
1,1,27,1,梧桐岭的现场感出来了，路滑和藤蔓那几段挺像亲身走过。,,2,0,1,2026/5/18 16:33,2026/5/18 16:33
2,2,162,1,悦美术馆的踩点记录挺实在，小场馆确实容易和预期有落差。,,1,0,1,2026/6/4 20:46,2026/6/4 20:46
3,3,59,3,北京金台艺术馆那段配着地图看更好，方位一下就明白了。,,0,0,1,2026/5/19 9:19,2026/5/19 9:19
4,4,102,3,阳平会馆戏楼这种地方就该写细节，比单纯打卡有用。,,1,0,1,2026/5/11 12:32,2026/5/11 12:32
5,5,163,5,广济寺半天行程听起来刚好，出发前看这种记录很省心。,,18,0,1,2026/4/11 19:44,2026/4/11 19:44
6,6,123,5,兰花文化休闲公园的提醒挺实际，不是只写好看的部分。,,2,0,1,2026/5/24 10:44,2026/5/24 10:44
7,7,53,7,中国传媒博物馆要是再补几张照片就更好参考了。,,1,0,1,2026/2/1 21:14,2026/2/1 21:14
8,8,181,7,朝阳剧场写得不长，但能看出作者没有强行夸。,,2,0,1,2026/6/2 13:54,2026/6/2 14:49
9,9,80,9,和敬公主府这类点容易被忽略，游记里写出来挺有价值。,,1,3,1,2026/5/21 3:21,2026/5/21 3:21
10,10,140,9,绮望楼如果再补一下入口位置，新手会更容易跟上。,,0,0,1,2026/2/22 20:08,2026/2/22 20:08
11,11,162,11,去北京孔庙前快速看一遍就够，能帮忙调整期待。,,0,2,1,2026/2/6 15:28,2026/2/6 15:28
12,12,11,11,国际露营公园评分高是有原因的，节奏安排看起来舒服。,,0,0,1,2026/5/3 19:34,2026/5/3 19:34
13,13,27,13,运河苑温泉水世界这种点很看季节，作者写午后体验挺有参考性。,,5,0,1,2026/4/8 20:26,2026/4/8 20:26
14,14,67,13,梨园剧场这条能帮第一次看演出的人建立心理预期。,,1,0,1,2026/3/24 12:26,2026/3/24 12:26
15,15,137,15,繁星戏剧村要是加上看完演出后的交通情况会更完整。,,1,0,1,2026/4/24 12:48,2026/4/24 12:48
16,16,37,15,大韵堂美术馆虽然写得不长，但能看出作者实际去过。,,6,0,1,2026/5/10 1:40,2026/5/14 17:54
17,17,76,17,东方梅地亚中心M剧场最好写清楚楼层和入口，现在信息还差一点。,,1,0,1,2026/2/5 2:07,2026/2/5 2:07
18,18,50,17,三羊古火山景区这篇让我想看看实景图，文字已经有画面感了。,,2,1,1,2026/5/23 16:20,2026/5/23 16:20
19,19,47,19,海豚湾婴幼儿水育馆这种目的地人群很明确，评论写得挺接地气。,,1,0,1,2026/4/1 12:28,2026/4/1 12:28
20,20,129,19,聚灵峡景区这篇对体力安排提醒到位，山路类地点不能只看距离。,,0,0,1,2026/4/10 10:23,2026/4/10 10:23
21,21,141,21,白浮泉湿地公园如果再写一下哪段拍照最好会更完整。,,1,0,1,2026/4/19 21:20,2026/4/19 21:20
22,22,152,21,斋堂城遗址这种地方看点分散，作者能记下细节已经很有帮助。,,1,0,1,2026/6/10 21:31,2026/6/10 21:45
23,23,24,23,养心殿评分高，说明体验确实不错，和故宫整体游线一起看更顺。,,2,0,1,2026/3/3 22:31,2026/3/3 22:31
24,24,33,23,松榆里公园像附近居民的反馈，不是旅游号那种口吻。,,3,0,1,2026/1/3 14:08,2026/1/3 14:08
25,25,164,25,昊天公园如果补上推荐入口，会对第一次去的人更友好。,,8,0,1,2026/1/16 14:58,2026/1/16 14:58
26,26,79,25,槐新公园评分高但内容不夸张，看起来反而可信。,,2,0,1,2026/5/7 21:33,2026/5/7 21:33
27,27,101,27,北京国际汽车露营公园对亲子或露营行程有参考价值。,,79,0,1,2026/5/16 11:20,2026/5/16 11:20
28,28,13,27,朝来农艺园可以放进周末采摘行程，目的性很明确。,,0,0,1,2026/1/20 11:46,2026/1/20 11:46
29,29,131,29,总理衙门写得挺稳，历史类地点就需要这种不浮夸的记录。,,3,0,1,2026/5/12 13:33,2026/5/12 14:30
30,30,137,29,轩辕台下午出发前看一眼就行，能判断要不要专门绕过去。,,9,0,1,2026/5/11 10:51,2026/5/11 11:24
31,31,170,31,四季青果林所如果再补季节信息，对真正去采摘的人更有帮助。,,3,0,1,2026/1/14 22:56,2026/1/15 12:52
32,32,100,31,东润鑫艺园这个点不算大众，能看到真实体验挺难得。,,1,0,1,2026/4/2 19:54,2026/4/2 19:54
33,33,149,33,朝来农艺园另一条更像散步记录，可以和前一条一起看。,,2,0,1,2026/4/2 18:59,2026/4/2 18:59
34,34,123,33,十三陵定陵能提前了解参观节奏，历史类景点不能太赶。,,0,0,1,2026/3/21 14:57,2026/3/21 14:57
35,35,117,35,泾县会馆旧址这种小众点最需要这种短游记，不然很难判断值不值得去。,,2,0,1,2026/2/9 18:19,2026/2/9 18:19
36,36,74,35,漪澜堂如果能补一张入口照片，会更方便第一次去的人。,,0,0,1,2026/2/25 13:17,2026/2/25 13:17
37,37,12,37,总理衙门两条角度不同，放在一起看信息更全。,,0,0,1,2026/2/10 0:30,2026/2/10 0:30
38,38,15,37,国子监街的记录对步行安排有帮助，街区类地点需要慢慢走。,,1,0,1,2026/5/30 14:48,2026/5/30 14:48
39,39,25,39,卧佛寺评分不算高，但文字里反而有不少实用提醒。,,2,0,1,2026/3/1 17:10,2026/3/1 17:10
40,40,101,39,太扬公园写得轻松，像附近居民的反馈。,,0,0,1,2026/4/21 18:31,2026/4/21 18:31
41,41,68,41,行程节奏写清楚了，看完大概知道怎么安排时间。,,1,0,1,2026/6/1 13:28,2026/6/1 13:28
42,42,177,41,作者没有只写优点，这种游记看起来更可信。,,2,0,1,2026/5/7 17:14,2026/5/7 17:14
43,43,175,43,后面能加上行程截图的话，参考价值会更高。,,7,0,1,2026/6/7 20:42,2026/6/7 20:42
44,44,118,43,出发前快速扫一眼这条记录，基本能决定要不要专门过去。,,0,0,1,2026/5/13 13:45,2026/5/13 13:45
45,45,49,45,文字不长但信息密度还可以，比空泛夸景点有用。,,1,0,1,2026/4/29 19:54,2026/4/29 19:54
46,46,82,45,这段记录和目的地评论互相补充，一个看整体，一个看个人感受。,,1,0,1,2026/5/7 9:20,2026/5/7 9:20
47,47,80,47,作者提到的细节很生活化，说明不是从介绍里复制来的。,,0,0,1,2026/6/12 21:02,2026/6/12 21:02
48,48,73,47,这样的日记可以多一点，对比官方简介更容易判断实际体验。,,0,0,1,2026/1/17 21:17,2026/1/17 21:17
49,49,58,49,底下如果有人问排队和交通，作者应该能补得上。,,0,0,1,2026/2/28 12:40,2026/2/28 12:40
50,50,137,49,标题和正文都挺明确，点进去之前就知道大概讲什么。,,5,0,1,2026/1/17 17:02,2026/1/17 17:02
51,51,93,51,看完能大概知道这个点适不适合自己，不需要再查很多资料。,,3,0,1,2026/6/6 12:12,2026/6/6 12:12
52,52,129,51,作者写得克制，但对安排行程反而有帮助。,,0,0,1,2026/4/3 19:39,2026/4/3 19:39
53,53,75,53,看完正文再看评论，能把当天实际走法拼得更完整。,,3,2,1,2026/5/24 20:08,2026/5/24 20:13
54,54,157,53,更像一次出行后的随手记录，不像专门写出来的攻略。,,1,0,1,2026/3/15 17:09,2026/3/15 17:09
55,55,52,55,评论区可以继续补充交通信息，正文已经把体验部分写到了。,,7,0,1,2026/3/22 17:39,2026/3/22 17:39
56,56,55,55,短日记不一定信息少，对判断景点是否顺路挺有用。,,1,0,1,2026/5/4 12:32,2026/5/4 12:32
57,57,108,57,这种分享比单纯五星更有说服力，至少知道好在哪里。,,10,0,1,2026/4/6 11:19,2026/4/6 11:19
58,58,45,57,表达比较自然，像朋友发来的出行建议。,,1,0,1,2026/5/2 18:19,2026/5/2 20:19
59,59,37,59,建议作者下次补一下花费和停留时长，会更方便别人参考。,,0,0,1,2026/4/26 18:12,2026/4/26 18:12
60,60,33,59,看完大概知道怎么走、不该期待什么，这就够了。,,7,1,1,2026/6/8 20:13,2026/6/8 20:13
61,61,64,61,看完会想继续问两句，比如花费和具体入口。,,0,0,1,2026/4/24 20:49,2026/4/24 20:49
62,62,130,61,作者写得像出行后的回忆，不像景点宣传。,,2,0,1,2026/6/10 13:55,2026/6/10 13:55
63,63,120,63,如果能加上当时的人流情况，参考价值会更高。,,2,0,1,2026/4/17 19:11,2026/4/17 19:11
64,64,146,63,下面多几个追问和补充，就有点社区聊天的感觉了。,,2,0,1,2026/5/24 18:13,2026/5/24 18:13
65,65,67,65,作者提到的体验细节挺具体，拿来参考比看简介管用。,,0,0,1,2026/6/10 21:55,2026/6/10 21:55
66,66,58,65,如果配上地图轨迹，会比单独读文字更容易理解。,,2,0,1,2026/6/10 12:21,2026/6/10 12:21
67,67,29,67,看完能大概判断这个地方合不合自己，后面可以继续补避坑点。,,0,0,1,2026/3/5 7:58,2026/3/5 7:58
68,68,111,67,标题和正文对应得比较好，搜到的时候不容易误点。,,3,0,1,2026/1/17 19:10,2026/1/17 19:10
69,69,70,69,这种补充多几条，后面的人就不容易只看评分下判断。,,2,0,1,2026/4/2 9:18,2026/4/2 9:18
70,70,81,69,作者没有把行程写得太满，普通人照着看也不会有压力。,,0,0,1,2026/5/28 20:40,2026/5/28 20:40
71,71,175,71,短日记也能有价值，重点信息够了。,,2,0,1,2026/6/12 11:38,2026/6/12 11:38
72,72,132,71,评论区如果有人补充交通方式，会让记录更完整。,,0,0,1,2026/3/23 12:21,2026/3/23 12:21
73,73,92,73,读起来像一次真实踩点，和同目的地其他日记一起看更全面。,,2,0,1,2026/6/6 20:18,2026/6/6 20:18
74,74,72,73,优点是没有堆形容词，实际信息比较清楚。,,4,0,1,2026/4/10 9:08,2026/4/10 9:08
75,75,124,75,下面如果有人追问时间和花费，内容会更完整。,,1,0,1,2026/6/9 19:52,2026/6/9 19:52
76,76,24,75,像朋友随手写的游记，不端着，读起来舒服。,,1,0,1,2026/6/3 14:36,2026/6/3 14:36
77,77,31,77,建议后面补一下同行人数，因为不同人群体验差别会挺大。,,3,0,1,2026/5/22 12:28,2026/5/22 12:28
78,78,164,77,作者写的提醒不是很长，但正好能帮助别人减少试错。,,1,0,1,2026/2/8 11:55,2026/2/8 11:55
79,79,10,79,比普通评分更有信息量，能看出作者为什么会这样评价。,,1,0,1,2026/3/4 5:07,2026/3/4 5:07
80,80,171,79,如果结合图片和轨迹，游记读起来应该会更完整。,,1,0,1,2026/6/9 8:05,2026/6/9 8:05
81,81,146,81,鹿世界这种地方还是亲子更合适，成年人单独去可能会觉得内容少。,,5,0,1,2026/4/3 10:48,2026/4/3 10:48
82,82,101,81,姚家园公园写得像附近居民散步记录，不像硬凑出来的景点攻略。,,1,0,1,2026/5/28 16:50,2026/5/28 16:50
83,83,61,83,京浪岛公园这种点最好补交通方式，不然别人很难照着去。,,2,0,1,2026/5/28 18:52,2026/5/28 18:52
84,84,116,83,鹰山森林公园如果写上爬升和路况，会比单纯说上午去过更有用。,,0,0,1,2026/4/18 15:31,2026/4/18 15:31
85,85,153,85,拉斐特城堡公园适合拍照，但读完还是想知道门票和开放情况。,,8,0,1,2026/3/10 18:34,2026/3/10 18:34
86,86,21,85,燕墩公园的小记很轻，适合判断是不是顺路散步点。,,1,0,1,2026/3/7 12:59,2026/3/7 12:59
87,87,110,87,第四次世界妇女大会纪念公园这个名字就有背景，正文可以再多写一点。,,2,0,1,2026/6/9 19:01,2026/6/9 19:01
88,88,34,87,爱情海玫瑰文化博览园更看季节，评论里如果有人补花期就好了。,,29,0,1,2026/3/14 12:45,2026/3/14 12:45
89,89,44,89,顺成公园这种小记适合附近生活参考，别当远途攻略看。,,1,0,1,2026/4/14 21:03,2026/4/14 21:03
90,90,71,89,十三陵献陵如果不讲背景会显得冷清，作者可以多写点历史感受。,,6,0,1,2026/5/15 9:27,2026/5/15 9:27
91,91,68,91,卢沟桥那篇要是补上博物馆和桥一起看的顺序就更完整。,,1,0,1,2026/5/21 13:40,2026/5/21 13:40
92,92,27,91,德胜门箭楼适合配讲解看，随手记里提到的方位信息挺实用。,,0,1,1,2026/5/19 18:47,2026/5/19 18:47
93,93,67,93,柳沟民俗旅游度假区更适合周末慢慢玩，午后那段写得有生活气。,,1,0,1,2026/4/24 14:11,2026/4/24 14:11
94,94,113,93,保和殿流水账反而挺真实，故宫里很多人就是一路走到这儿才开始累。,,0,0,1,2026/5/1 3:44,2026/5/1 3:44
95,95,167,95,京东大溶洞如果能补一下洞内温度和鞋子建议，会更适合出发前看。,,0,0,1,2026/5/24 17:21,2026/5/24 17:21
96,96,10,95,垡头科普文化公园听起来更像社区科普点，别按大型公园期待。,,4,0,1,2026/6/12 13:37,2026/6/12 13:37
97,97,26,97,碧水风荷公园这种下午游记最好加季节，荷花类景观差别很大。,,2,0,1,2026/3/2 21:46,2026/3/2 21:46
98,98,25,97,梁启超墓那篇适合历史爱好者看，普通游客可能需要更多背景。,,6,0,1,2026/4/4 21:21,2026/4/4 22:41
99,99,93,99,北京温泉公园如果写清是散步还是泡温泉相关，读者会少误会。,,11,0,1,2026/3/9 1:13,2026/3/9 1:13
100,100,158,99,民族文化宫这类点很看展览内容，作者如果补展名就更好了。,,3,0,1,2026/1/22 20:19,2026/1/22 20:19
101,101,83,101,桥舍画廊的上午听着很安静，适合喜欢小展的人参考。,,0,0,1,2026/2/24 8:02,2026/2/24 8:02
102,102,165,101,大兴古桑国家森林公园应该很看季节，文里如果有花果时间会更有用。,,1,0,1,2026/4/25 8:38,2026/4/25 8:38
103,103,141,103,棺材山这个名字太特别了，评论区肯定会有人问路况和安全。,,1,0,1,2026/1/21 9:38,2026/1/21 9:38
104,104,137,103,盘龙瀑这种自然景区最好写清有没有水，季节差异会很大。,,3,0,1,2026/5/17 19:59,2026/5/17 19:59
105,105,38,105,北京射击馆更像体验型目的地，预约和开放信息比风景重要。,,4,0,1,2026/4/18 11:27,2026/4/18 11:27
106,106,54,105,首都体育馆那篇如果补上活动信息，会比单纯说去了更有参考性。,,2,0,1,2026/2/10 7:20,2026/2/10 7:20
107,107,72,107,康心体育乐园适合亲子或运动安排，游记可以多写适合年龄。,,0,0,1,2026/4/23 10:52,2026/4/23 10:52
108,108,16,107,琦峰山国家森林公园的回忆听起来挺完整，最想知道的是步道难度。,,0,0,1,2026/4/29 5:54,2026/4/29 5:54
109,109,153,109,鳞龙山这种自然风景区要是补几张图，判断值不值得去会容易很多。,,2,0,1,2026/6/10 6:09,2026/6/10 6:09
110,110,7,109,国家图书馆游记不一定要写景，写借阅和展览体验也挺有用。,,1,0,1,2026/5/23 11:27,2026/5/23 11:27
111,111,98,111,Art Once自助画室这种点要看同行人，自己去和朋友去体验差很多。,,4,0,1,2026/5/2 16:45,2026/5/2 16:45
112,112,23,111,传奇小剧场最好写清看的是哪场演出，不同剧目差别太大。,,0,0,1,2026/5/24 21:12,2026/5/24 21:12
113,113,43,113,墙子路长城游记如果路况写得再细一点，就能直接当出行提醒。,,2,0,1,2026/2/7 7:04,2026/2/7 7:04
114,114,150,113,东岳娘娘庙那段读起来安静，适合喜欢小众庙宇的人。,,0,0,1,2026/6/6 13:00,2026/6/6 13:00
115,115,3,115,富国海底世界这条适合带娃前看，最好再补一下排队情况。,,1,0,1,2026/2/5 13:07,2026/2/5 15:28
116,116,39,115,中国评剧大剧院得看具体剧目，游记里如果提票价就更实用。,,1,0,1,2026/5/13 23:34,2026/5/13 23:34
117,117,119,117,梅兰芳大剧院这种地方更适合写观演体验，不只是场馆外观。,,2,0,1,2026/6/10 13:27,2026/6/10 13:27
118,118,91,117,福海文博园听着偏小众，读者最需要知道的是开放和交通。,,2,0,1,2026/5/6 13:36,2026/5/6 13:36
119,119,174,119,蓝天牧场如果是亲子向，最好写清能不能近距离接触动物。,,2,0,1,2026/3/19 22:51,2026/3/19 22:51
120,120,51,119,中华小吃博物馆这个题材很有意思，游记可以多写展品而不是只写到此一游。,,2,0,1,2026/3/15 19:59,2026/3/15 19:59
121,121,113,121,延庆迎宾公园适合顺路散步，远途专门去可能不太值。,,0,0,1,2026/4/26 2:03,2026/4/26 2:03
122,122,42,121,贡院这种点最好补科举背景，不然读者看完容易没概念。,,1,0,1,2026/6/8 17:07,2026/6/8 17:07
123,123,116,123,德胜公园那条像附近居民散步记录，轻松但信息不多。,,0,0,1,2026/2/19 10:34,2026/2/20 17:44
124,124,137,123,姚家园公园这条和前一条角度不同，能看出它更偏日常休闲。,,1,0,1,2026/1/23 21:25,2026/1/23 21:25
125,125,55,125,北京国际核桃庄园要看采摘季，平时去可能会有落差。,,40,0,1,2026/5/3 14:43,2026/5/3 14:43
126,126,93,125,百川山庄如果是住宿和吃饭为主，游记最好别只写风景。,,3,0,1,2026/5/19 18:39,2026/5/19 18:39
127,127,25,127,金地庄园适合周末轻度出行，具体活动比地点本身重要。,,2,0,1,2026/6/12 17:58,2026/6/12 17:58
128,128,112,127,林白水故居这种近代人物点，写一点人物背景会让游记耐看很多。,,0,0,1,2026/5/10 11:57,2026/5/10 11:57
129,129,152,129,齐白石故居半天其实够了，喜欢胡同院落的人会更有感觉。,,1,0,1,2026/3/3 21:07,2026/3/3 21:07
130,130,16,129,英雄大道这条如果写清纪念主题，读者会更容易判断要不要去。,,3,0,1,2026/6/5 13:08,2026/6/5 13:08
131,131,142,131,奇域梦相4D艺术馆听起来适合拍照，评论区应该会有人问出片程度。,,0,0,1,2026/3/14 1:08,2026/3/14 1:08
132,132,8,131,金源娱乐园这种点更适合临时娱乐，不像传统景点需要认真逛。,,8,0,1,2026/6/2 18:27,2026/6/2 18:27
133,133,78,133,环球那篇如果补一下项目排队和餐饮花费，参考价值会更高。,,5,0,1,2026/3/12 7:09,2026/3/12 7:09
134,134,84,133,北京孔庙适合慢慢看碑刻和院落，作者这个角度可以再展开。,,0,0,1,2026/5/21 17:14,2026/5/21 17:14
135,135,122,135,永定楼如果天气好应该很出片，游记最好补一下视野和交通。,,4,0,1,2026/4/2 21:18,2026/4/2 21:18
136,136,158,135,昆明湖写得越具体越好，颐和园太大了，光说去了没法复用。,,1,0,1,2026/4/14 18:47,2026/4/14 18:47
137,137,76,137,朝宗桥公园这种流水账适合附近居民参考，远途游客用处有限。,,19,0,1,2026/5/11 12:10,2026/5/11 12:10
138,138,144,137,珍珠湖景区很看天气和水量，评论里最好有人补近期状态。,,3,0,1,2026/5/19 11:17,2026/5/19 11:19
139,139,57,139,独秀峰这条如果加上爬山耗时，会比单纯描述风景更实用。,,2,0,1,2026/6/10 18:48,2026/6/10 18:48
140,140,25,139,北京孔庙流水账也挺好，至少能看出真实参观节奏。,,3,0,1,2026/4/27 22:50,2026/4/27 22:50
141,141,127,141,昆明湖这条适合提醒大家别贪心，湖边走多了真的耗体力。,,2,0,1,2026/4/19 20:23,2026/4/19 20:23
142,142,115,141,昊天公园游记如果多写儿童设施和停车，会更适合家庭参考。,,3,0,1,2026/3/9 13:02,2026/3/9 13:57
143,143,38,143,妙峰山樱桃沟这个题材很看花期，日期信息比形容词重要。,,5,0,1,2026/6/2 11:40,2026/6/2 11:40
144,144,83,143,老张头葡萄园要看采摘季，作者如果补价格会更实在。,,3,0,1,2026/4/10 21:14,2026/4/10 21:14
145,145,82,145,京香绿谷采摘园这条适合出发前看，最好再补停车和采摘品种。,,3,0,1,2026/5/18 22:06,2026/5/18 22:06
146,146,35,145,北京市方志馆这种地方信息量大，写得太短会有点可惜。,,0,0,1,2026/4/15 19:00,2026/4/15 19:00
147,147,104,147,和敬公主府适合喜欢公主府和清代故事的人，普通人可能看得快。,,1,0,1,2026/3/15 3:36,2026/3/15 3:36
148,148,170,147,北顶娘娘庙这条如果补上周边奥森路线，会更好安排。,,1,0,1,2026/3/2 19:34,2026/3/2 19:34
149,150,129,149,皇城根遗址公园适合走路串联，作者写流水账反而符合体验。,,2,0,1,2026/4/13 5:56,2026/4/13 5:56
150,151,117,149,自来水博物馆很适合科普向游记，最好写一下展厅亮点。,,0,0,1,2026/3/20 18:21,2026/3/20 18:21
151,152,48,151,万寿西宫公园这条适合附近散步参考，目的地属性不用写太重。,,3,0,1,2026/5/16 19:59,2026/5/16 19:59
152,153,119,151,亢山公园如果爬坡不多，适合轻松走；希望作者下次补路况。,,0,0,1,2026/6/3 16:07,2026/6/3 16:07
153,154,126,153,翠湖国家城市湿地公园很看季节和鸟况，日期最好保留。,,5,0,1,2026/6/12 14:35,2026/6/12 14:43
154,155,14,153,御康公园听起来偏社区日常，短评比长攻略更适合。,,1,0,1,2026/6/1 18:21,2026/6/1 18:21
155,156,107,155,半月公园如果写清入口和环线，会方便第一次去的人。,,0,0,1,2026/4/6 20:07,2026/4/8 1:41
156,157,119,155,丰台科技园生态主题公园适合周边上班族散步，别当远途景点。,,18,0,1,2026/3/22 9:14,2026/3/22 9:14
157,158,134,157,中国航天博物馆这个题材很硬核，作者可以多写展品印象。,,1,0,1,2026/4/28 11:18,2026/4/28 12:59
158,159,111,157,民族文化宫博物馆适合慢慢看展，游记里如果补展览名就更清楚。,,0,0,1,2026/4/24 17:40,2026/4/24 18:53
159,160,96,159,国家话剧院要看具体演出，场馆随手记只能解决一半问题。,,4,0,1,2026/5/6 5:11,2026/5/6 5:11
160,161,136,159,国家话剧院小剧场那条最好补具体剧名，不然别人没法判断值不值。,,1,0,1,2026/6/6 17:27,2026/6/6 17:27
161,162,147,161,曲棍球场这种点很看活动安排，平时去可能只是路过。,,2,0,1,2026/1/12 18:13,2026/1/12 18:13
162,163,1,161,九眼楼自然风景区看起来体力要求不低，建议作者补一下耗时。,,0,0,1,2026/4/2 21:43,2026/4/2 21:43
163,164,106,163,园博会那篇如果能写清哪个门进，会比单纯说周末去过更有用。,,0,0,1,2026/5/9 12:45,2026/5/9 12:45
164,165,180,163,纳波湾月季园最看花期，标题里带上月份会更直观。,,3,0,1,2026/6/11 22:37,2026/6/11 22:37
165,166,125,165,京艳庆丰果树种植场这种地方最好写采摘品种，不然很难参考。,,3,0,1,2026/3/31 13:58,2026/3/31 13:58
166,167,174,165,天坛温泉康乐城的体验最好写清是泡汤还是住宿，不然信息有点散。,,0,2,1,2026/5/19 2:03,2026/5/19 2:03
167,168,135,167,康庄公园流水账适合附近居民看，远一点的人可能需要交通信息。,,1,0,1,2026/5/31 19:50,2026/5/31 19:54
168,169,30,167,国际企业文化园听起来更像园区散步，游记最好补开放范围。,,10,0,1,2026/6/1 15:10,2026/6/1 15:10
169,170,142,169,姚家园公园又出现一次，说明它更像日常散步点而不是热门景点。,,13,0,1,2026/1/26 21:37,2026/1/26 21:37
170,171,180,169,翠城公园这条如果补儿童设施和树荫情况，会更适合家庭参考。,,2,0,1,2026/4/20 22:44,2026/4/20 22:44
171,172,75,171,精灵谷自然风景区最好写清路况，名字听着轻松但山路未必轻松。,,2,0,1,2026/4/10 18:37,2026/4/10 18:37
172,173,46,171,海淀博物馆游记适合补展品亮点，单纯说去了有点可惜。,,2,0,1,2026/4/5 9:45,2026/4/5 9:45
173,174,53,173,工艺美术馆半天应该能看不少东西，最好写一下最喜欢的展区。,,2,0,1,2026/1/26 5:46,2026/1/26 5:46
174,175,25,173,民航博物馆题材很明确，飞机迷会比普通游客更喜欢。,,1,0,1,2026/4/25 1:50,2026/4/25 1:50
175,176,1,175,中关村创新展示中心这条适合科技爱好者，普通游记可以再生活化一点。,,0,0,1,2026/4/5 19:12,2026/4/5 19:12
176,177,26,175,中国长城博物馆最好和长城行程一起看，单独看馆会少点现场感。,,17,0,1,2026/4/7 18:56,2026/4/7 18:56
177,178,148,177,鼓楼那条如果加上登楼排队和视野，会很适合出发前参考。,,1,0,1,2026/5/7 18:19,2026/5/7 18:19
178,179,59,177,开心农场这种点最需要季节和活动信息，评论区可以继续补。,,1,0,1,2026/4/9 11:52,2026/4/9 11:52
179,180,47,179,高里掌文化休闲园适合周边短途，游记别写得太像远途攻略。,,0,0,1,2026/4/24 6:40,2026/4/24 6:40
180,181,109,179,长阳公园半天游看起来挺轻松，适合不想太累的周末。,,3,0,1,2026/3/12 13:38,2026/3/12 13:38
181,182,4,181,杜仲公园这种点最好写清季节和植物状态，单看名字不够。,,1,0,1,2026/5/26 14:11,2026/5/26 14:11
182,183,133,181,十三陵石牌坊可以作为明陵路线开头，这条流水账方向是对的。,,0,0,1,2026/4/1 16:00,2026/4/1 16:00
183,184,147,183,元大都遗址公园游记如果写花期，会比普通散步记录更有用。,,2,0,1,2026/2/21 9:13,2026/2/21 9:42
184,185,19,183,德胜门箭楼这种点配讲解会好很多，作者可以多补历史背景。,,1,0,1,2026/2/23 11:56,2026/2/23 11:56
185,186,69,185,石景山古建筑群听起来小众，游记里写清入口会更友好。,,3,0,1,2026/5/15 19:47,2026/5/15 19:47
186,187,104,185,齐物潭公园适合附近散步，这种日常小记不用写得太用力。,,9,0,1,2026/4/1 22:06,2026/4/1 22:06
187,188,173,187,纳兰性德史迹陈列馆如果补一些人物故事，读起来会更有味道。,,1,0,1,2026/2/22 6:02,2026/2/22 6:02
188,189,13,187,小龙山公园午后去应该不累，最想知道的是树荫多不多。,,2,0,1,2026/5/10 20:34,2026/5/10 20:34
189,190,121,189,南口公园这种一个人的记录挺真实，适合判断周边休闲。,,3,0,1,2026/3/27 18:19,2026/3/27 18:19
190,191,148,189,梁启超墓值得配背景看，短评里最好少一点泛泛感受。,,1,0,1,2026/6/4 9:27,2026/6/4 9:27
191,192,173,191,念坛公园如果写水面和步道情况，读者会更容易安排行程。,,0,0,1,2026/2/18 5:56,2026/2/18 5:56
192,193,50,191,三家店蒲草湿地公园这个名字很有画面，最好补季节和蚊虫情况。,,1,0,1,2026/1/9 0:41,2026/1/9 0:41
193,194,162,193,正阳门半天游很适合和前门放一起，单独写也不会太散。,,48,0,1,2026/6/7 12:08,2026/6/7 12:08
194,195,12,193,法海寺森林公园周末游最好写清爬坡和停车，不然信息差一点。,,1,0,1,2026/5/25 15:59,2026/5/25 15:59
195,196,57,195,石景山雕塑公园更像散步加拍照，随手记挺符合这个地方。,,3,0,1,2026/6/5 19:39,2026/6/5 19:39
196,197,108,195,大屯黄草湾公园如果是社区公园，别按景区游记的标准写。,,1,0,1,2026/2/23 13:05,2026/2/23 13:05
197,198,129,197,中和殿写得再细一点就好了，故宫这种点背景信息很重要。,,0,0,1,2026/4/7 10:32,2026/4/7 10:32
198,199,48,197,铁瓦寺这种小众寺庙如果补开放时间，会避免别人白跑。,,0,0,1,2026/6/1 11:14,2026/6/1 11:14
199,200,180,199,中国民族博物馆适合认真看展，打卡式写法会浪费题材。,,0,0,1,2026/5/14 19:44,2026/5/14 20:39
200,201,43,199,坤宁宫最好结合故宫后半段一起看，作者可以写得更有顺序。,,1,1,1,2026/5/24 19:35,2026/5/24 19:35
201,202,9,201,皇极殿小记适合补宁寿宫区的动线，不然容易和其他殿混。,,1,0,1,2026/2/16 18:09,2026/2/16 18:09
202,203,18,201,静明园这种点对历史感兴趣的人会更喜欢，普通游客需要背景。,,3,0,1,2026/2/8 19:38,2026/2/9 5:08
203,204,101,203,五棵松奥林匹克文化公园适合演出前后散步，不用专门写成大景点。,,0,0,1,2026/3/5 19:45,2026/3/5 19:45
204,205,104,203,樱桃沟那篇最好写清是不是水杉林和栈道，植物园里容易走岔。,,0,0,1,2026/3/27 4:31,2026/3/27 4:34
205,206,174,205,纪晓岚故居适合喜欢清代文人故事的人，评论可以补参观时长。,,3,0,1,2026/5/22 18:31,2026/5/22 18:31
206,207,61,205,毛主席纪念堂需要注意预约和安检，游记如果写流程会很有用。,,0,0,1,2026/5/31 12:59,2026/5/31 12:59
207,208,80,207,箭扣长城不是轻松路线，作者最好把危险路段和装备写清楚。,,19,0,1,2026/3/10 11:24,2026/3/10 15:17
208,209,51,207,韩村河公园这种周末游记挺生活化，适合附近家庭参考。,,7,0,1,2026/4/15 12:48,2026/4/15 12:48
209,210,86,209,中国数字图书馆这条如果写使用体验，会比普通参观更特别。,,6,0,1,2026/4/23 17:28,2026/4/23 17:28
210,211,7,209,北京国香馆最好慢慢看，香文化这种题材不适合赶场。,,1,0,1,2026/5/31 14:23,2026/5/31 14:23
211,212,104,211,石景山洋庙会如果写摊位和人流，会更像实用游记。,,9,0,1,2026/3/23 6:00,2026/3/23 6:00
212,213,44,211,亦新郊野公园适合周末散步，内容不用拔高成景区攻略。,,2,0,1,2026/4/18 23:17,2026/4/18 23:17
213,214,103,213,十三陵裕陵那条最好加交通信息，陵区之间移动很关键。,,0,0,1,2026/3/21 18:59,2026/3/21 18:59
214,215,133,213,亮马河水岸晚上更有气氛，游记如果是白天去会少点感觉。,,1,0,1,2026/4/16 21:50,2026/4/16 21:50
215,216,133,215,密云人间花海很看花期，评论里最好补月份。,,0,0,1,2026/6/5 23:26,2026/6/5 23:26
216,217,31,215,芦子水天璇景区听起来偏自然，路况和补给比照片更重要。,,0,3,1,2026/1/28 0:40,2026/1/28 0:40
217,218,2,217,立水桥公园这种点适合附近居民，写得轻一点反而自然。,,6,0,1,2026/4/26 12:13,2026/4/26 12:13
218,219,23,217,和义郊野公园半天足够，最好写清哪一段树荫多。,,2,0,1,2026/6/1 10:24,2026/6/1 10:38
219,220,40,219,聚灵峡上午游如果补爬升和水量，会比单纯评分更有帮助。,,1,0,1,2026/2/9 3:05,2026/2/9 3:05
220,221,179,219,长沟湿地公园适合慢慢走，最需要补的是季节和蚊虫。,,10,0,1,2026/6/6 13:34,2026/6/6 14:22
221,222,5,221,农大昆虫标本馆适合亲子和科普，慢逛比打卡更合适。,,6,0,1,2026/4/12 4:37,2026/4/12 4:37
222,223,154,221,观复博物馆藏品很有意思，作者如果写几件展品会更吸引人。,,4,0,1,2026/5/13 18:48,2026/5/13 18:48
223,224,89,223,蟹岛绿色生态农庄更适合亲子和周末活动，别只按景色评价。,,3,0,1,2026/2/26 17:36,2026/2/26 17:36
224,225,6,223,台头村采摘园最好写清采了什么，不然别人不好判断季节。,,8,0,1,2026/3/6 22:04,2026/3/6 22:04
225,226,114,225,瑞正园农庄这种地方适合聚餐和采摘结合，单独看风景会普通。,,14,0,1,2026/6/7 18:08,2026/6/8 2:33
226,227,137,225,白鹿郊野公园适合轻松走走，作者可以补一下停车情况。,,1,0,1,2026/6/4 19:04,2026/6/4 19:04
227,228,106,227,京门铁路遗址公园题材很好，游记里写铁轨和历史会更有味道。,,1,0,1,2026/5/24 8:02,2026/5/24 8:02
228,229,90,227,梅兰芳纪念馆适合京剧爱好者，最好写清展陈重点。,,2,0,1,2026/5/13 19:59,2026/5/13 19:59
229,230,35,229,沟崖自然风景区如果路况复杂，评论区应该重点补安全提醒。,,0,0,1,2026/6/12 19:49,2026/6/12 19:49
230,231,67,229,北京南湖公园这种日常公园写得生活化一点就够了。,,1,0,1,2026/4/1 12:27,2026/4/1 12:27
231,232,116,231,绿堤公园适合附近散步，游记不用写得太满。,,2,0,1,2026/5/17 12:15,2026/5/17 12:15
232,233,52,231,古北口文化文物旅游区要配合长城背景看，单独写会有点散。,,1,0,1,2026/6/9 21:41,2026/6/9 21:55
233,234,133,233,御花园那条如果补人流时间，会比单纯说去了更实用。,,2,0,1,2026/6/10 20:54,2026/6/10 20:54
234,235,79,233,皇极殿小记可以和宁寿宫其他点连起来看，单点信息有点少。,,1,0,1,2026/3/11 18:38,2026/3/12 1:56
235,236,143,235,鸦儿胡同适合慢慢走，胡同类游记最好写沿途店和门牌。,,0,0,1,2026/5/2 20:50,2026/5/2 20:50
236,237,126,235,黄峪口风景区听起来更偏自然路线，天气和体力都要写清。,,1,0,1,2026/5/6 17:16,2026/5/7 15:13
237,238,164,237,长城铁花景区如果有夜间演出，时间安排会比白天游更关键。,,0,0,1,2026/4/3 21:35,2026/4/3 21:35
238,239,50,237,壹梵画廊流水账如果补当前展览名，读者会更好判断兴趣。,,2,0,1,2026/1/17 21:46,2026/1/17 21:46
239,240,138,239,厂甸庙会看人流和年份活动，随手记最好保留具体日期。,,0,0,1,2026/6/9 11:39,2026/6/9 11:39
240,241,3,239,顺城公园这种地方写得越日常越好，散步感能出来。,,18,0,1,2026/3/4 15:58,2026/3/4 15:58
241,242,122,241,芦子水天璇景区名字很少见，要是配几张山水照片就更直观。,,1,0,1,2026/5/30 19:31,2026/5/30 19:31
242,243,127,241,马致远故居适合慢慢看，文字里提到院落细节会更有味道。,,1,0,1,2025/12/28 11:26,2025/12/28 12:41
243,244,137,243,文津街这篇可以多写树荫和建筑，那里本来就适合边走边看。,,0,0,1,2026/5/28 20:08,2026/5/28 20:08
244,245,66,243,清华艺术博物馆展览更换挺快，记录展名会比单写打卡有用。,,0,0,1,2026/5/30 17:52,2026/5/30 17:52
245,246,178,245,观复古典艺术博物馆适合写器物和陈设，不用追求行程很满。,,2,0,1,2026/5/7 15:21,2026/5/7 15:30
246,247,99,245,采摘园日记如果写清楚季节和品种，参考价值会高很多。,,1,0,1,2026/5/2 10:19,2026/5/2 10:19
247,248,99,247,农庄流水账挺适合保留吃饭和休息的细节，像周末短逃离。,,1,0,1,2026/5/17 4:59,2026/5/17 4:59
248,249,139,247,温泉会馆这类体验最好写清楚人多不多，读起来才有判断。,,3,0,1,2026/5/2 22:31,2026/5/2 22:31
249,250,58,249,仰山公园的视野和坡度都值得写，带老人孩子会很关心这些。,,2,0,1,2026/6/6 12:13,2026/6/6 12:15
250,251,87,249,金田郊野公园这种轻松路线很适合下午去，文字节奏也别太赶。,,0,0,1,2026/5/19 7:50,2026/5/19 7:50
251,252,107,251,铁矿公园题材挺特别，如果补一点矿业遗迹会更有记忆点。,,3,0,1,2026/4/2 22:13,2026/4/2 22:13
252,253,178,251,燕怡园听起来很适合散心，日记里可以多写水边和树影。,,0,0,1,2026/5/8 18:28,2026/5/8 18:28
253,254,130,253,齐白石故居不大，适合把参观时的安静感写出来。,,2,0,1,2026/3/28 20:40,2026/3/28 20:40
254,255,41,253,盘龙瀑如果水量大应该很出片，建议补一下去的月份。,,2,0,1,2026/1/23 7:31,2026/1/23 7:31
255,256,174,255,防灾教育公园适合亲子和学生，日记里写互动项目会更好看。,,6,0,1,2026/6/7 13:57,2026/6/7 13:57
256,257,22,255,爨底下村写得有烟火气会很好，老宅和山路都值得慢慢说。,,2,0,1,2026/6/10 8:00,2026/6/10 8:00
257,258,18,257,管家岭采摘园这种地方最看天气，晴天和阴天体验差很多。,,0,0,1,2026/1/31 12:54,2026/1/31 12:54
258,259,138,257,东安门遗址容易走过头，能把位置感写清楚就很实用。,,4,0,1,2026/2/26 23:19,2026/2/26 23:19
259,260,4,259,垡头科普文化公园适合附近居民散步，日记写生活气会更自然。,,0,0,1,2026/4/30 11:57,2026/4/30 11:57
260,261,104,259,老酒博物馆题材挺有趣，最好写一下展品和试饮有没有。,,2,0,1,2026/3/23 16:37,2026/3/23 16:37
261,262,110,261,居庸关长城博物馆可以和爬长城放在一起写，历史线会更完整。,,8,0,1,2026/5/15 20:42,2026/5/15 20:42
262,263,93,261,清河营公园这篇如果多写附近社区氛围，会比单纯打卡好看。,,6,0,1,2026/6/2 10:50,2026/6/2 10:50
263,264,143,263,薰衣草庄园要看花期，读者最想知道的就是去的时候开没开。,,2,3,1,2026/4/30 19:17,2026/4/30 19:17
264,265,32,263,绿风碧野农庄这种名字很北京郊游，适合写吃饭和活动安排。,,0,0,1,2026/4/23 16:29,2026/4/23 16:29
265,266,94,265,草莓采摘园最好写价格和甜度，半天行程就靠这些细节撑住。,,2,0,1,2026/4/19 13:32,2026/4/19 18:09
266,267,69,265,献陵比长陵安静很多，日记里这种冷清感反而是特点。,,0,0,1,2026/4/9 15:39,2026/4/9 15:39
267,268,36,267,番字石刻题材比较小众，看完会想知道现场保护情况。,,1,0,1,2026/3/29 12:30,2026/3/29 12:30
268,269,153,267,地大博物馆适合喜欢矿物和化石的人，写展柜细节会很加分。,,0,0,1,2026/5/23 14:49,2026/5/23 14:53
269,270,77,269,七王坟民俗旅游村要是多写村里的路和人，会更像真正到过。,,5,0,1,2026/5/1 13:45,2026/5/1 13:47
270,271,56,269,蜂巢剧场日记最好写演出名字，剧场氛围和剧情感受都重要。,,2,0,1,2026/6/8 19:46,2026/6/8 19:46
271,272,133,271,茶楼体验写得慢一点会更好，茶点和说书感都能带出来。,,0,0,1,2026/4/21 17:28,2026/4/21 17:28
272,273,148,271,南海子公园很大，建议写清是走湖边还是看麋鹿那一片。,,0,0,1,2026/5/16 20:26,2026/5/16 20:26
273,274,131,273,石景山雕塑公园适合拍照，雕塑名字要是能记下来就更好。,,1,0,1,2026/5/2 22:47,2026/5/2 22:47
274,275,19,273,一个人逛郊野公园挺舒服，文字里有点独处感就很真实。,,4,0,1,2026/4/12 19:40,2026/4/12 19:40
275,276,136,275,东极仙谷听起来路程不短，交通和返程时间最好多写几句。,,1,0,1,2026/2/8 0:39,2026/2/8 0:39
276,277,114,275,东南角楼适合和城墙遗存一起看，照片角度会很影响观感。,,4,0,1,2026/1/10 23:59,2026/1/11 9:37
277,278,14,277,观音院过街楼这种老建筑适合写细节，不需要把行程铺太大。,,2,0,1,2026/2/19 18:21,2026/2/19 18:21
278,279,161,277,午门这篇应该很好写，站在城台前那种尺度感很难忽略。,,0,0,1,2026/6/1 16:53,2026/6/1 16:53
279,280,6,279,神路的石像生很有辨识度，阴天去反而会有历史感。,,3,0,1,2026/5/27 14:52,2026/5/27 14:52
280,281,117,279,凯悦莱温泉如果写清水温和换衣区体验，会比只说舒服更可信。,,1,0,1,2026/1/7 6:01,2026/1/7 10:40
281,282,155,281,文化小剧场这种地方很看当天节目，评论里带上演出信息最好。,,1,0,1,2026/6/9 18:19,2026/6/9 18:19
282,283,85,281,中山公园音乐堂看演出很有氛围，傍晚进园那段也值得写。,,0,0,1,2026/6/7 9:28,2026/6/7 9:28
283,284,104,283,国家大剧院本身就很出片，日记里写进场和散场感受会很完整。,,1,0,1,2026/6/12 14:38,2026/6/12 15:03
284,285,49,283,黄峪口风景区如果山路较多，鞋和补水提醒很有必要。,,0,0,1,2026/3/17 7:09,2026/3/17 7:09
285,286,12,285,白河峡谷这种地方最适合写水声和风，照片之外文字也能很美。,,2,0,1,2026/5/30 18:17,2026/5/30 18:39
286,287,104,285,平谷飞龙谷如果不是旺季去，安静可能就是最大的优点。,,2,0,1,2026/5/31 9:57,2026/5/31 9:57
287,288,139,287,北京图书大厦这种老牌书店，写选书过程会比只写楼层更亲切。,,2,2,1,2026/3/31 12:27,2026/3/31 12:39
288,289,97,287,中影数字制作基地听起来很专业，普通游客能看到什么要写清楚。,,5,0,1,2026/4/15 13:27,2026/4/15 13:27
289,290,87,289,东风公园如果是附近居民常去，日记就适合写松弛的下午。,,1,0,1,2026/5/1 22:09,2026/5/1 22:09
290,291,172,289,龙潭庙会一定要写人流和小吃，年味就在这些细节里。,,9,0,1,2026/5/20 13:45,2026/5/20 13:45
291,292,79,291,运河瓷画艺术馆题材很特别，作品细节可以多描述一点。,,1,0,1,2026/4/19 19:43,2026/4/19 19:43
292,293,172,291,正阳美术馆位置很好，展览规模和参观时长最好补一下。,,1,0,1,2026/3/13 20:48,2026/3/13 20:48
293,294,135,293,黄寺这篇如果能写到周边街巷，会比单看建筑更有层次。,,0,0,1,2026/4/23 14:07,2026/4/23 14:07
294,295,78,293,民航博物馆适合飞机爱好者，真机展品写出来会很吸引人。,,2,0,1,2026/6/2 18:02,2026/6/2 20:18
295,296,137,295,赛克勒博物馆不大但内容扎实，考古展品适合慢慢看。,,1,2,1,2026/1/19 0:03,2026/1/19 0:03
296,297,31,295,佛教图书文物馆这种地方适合安静参观，文字不用太热闹。,,0,0,1,2026/6/10 18:14,2026/6/10 18:14
297,298,119,297,广福观如果开放区域有限，写清楚能看到什么就很有用。,,1,0,1,2026/1/22 19:05,2026/1/22 19:05
298,299,65,297,中医药博物馆可以写药柜和标本，味道记忆也很适合放进日记。,,2,0,1,2026/2/1 12:32,2026/2/1 12:32
299,300,72,299,李大钊烈士陵园适合郑重一点写，安静和肃穆都不要漏掉。,,0,0,1,2026/3/15 13:27,2026/3/15 13:27
300,301,145,299,斋堂城遗址比较偏，交通和现场遗存状态都值得单独说。,,3,0,1,2026/5/30 18:27,2026/5/30 18:27
301,302,63,301,北辰绿色中央公园适合饭后散步，日记里可以写城市绿地的感觉。,,3,0,1,2026/6/8 20:45,2026/6/8 20:45
302,303,61,301,佛香阁要爬一段，登上去之后看昆明湖的视野确实值。,,0,0,1,2026/5/3 2:56,2026/5/3 2:56
303,304,159,303,规划展览馆适合对城市变化感兴趣的人，模型和沙盘都好写。,,1,0,1,2026/5/25 10:38,2026/5/25 10:38
304,305,165,303,方志馆如果写得太概括会闷，多放几个具体展项更好读。,,1,0,1,2026/3/8 19:07,2026/3/9 3:31
305,306,174,305,医史博物馆题材很小众，能把展品背后的故事写出来就很加分。,,0,0,1,2026/6/3 19:09,2026/6/3 19:09
306,307,83,305,人文艺术中心日记最好带上展览或活动名称，不然读者不好想象。,,0,0,1,2026/4/21 23:34,2026/4/21 23:34
307,308,100,307,798的画廊上午去人少些，芳草地画廊如果有展签细节会更好。,,0,0,1,2026/5/13 20:22,2026/5/13 20:22
308,309,128,307,乾清宫人多是常态，能写出排队和进入后的反差就很真实。,,2,0,1,2026/5/26 20:06,2026/5/26 20:06
309,310,174,309,晋商博物馆适合写院落和票号故事，周末去节奏可以慢一点。,,0,0,1,2026/4/3 19:57,2026/4/3 19:57
310,311,133,309,佟麟阁将军纪念馆适合带着历史背景看，文字可以更沉一点。,,5,0,1,2026/2/4 16:49,2026/2/4 16:49
311,312,21,311,北海白塔从不同角度看都好看，半天行程安排得刚好。,,2,0,1,2026/3/5 14:20,2026/3/5 14:20
312,313,178,311,丹青圃公园听起来很安静，适合写一点花木和附近生活。,,3,0,1,2026/4/10 17:15,2026/4/10 17:15
313,314,60,313,法国邮政局旧址这种建筑适合拍外立面，也适合补一点历史。,,6,0,1,2026/4/13 12:08,2026/4/13 12:08
314,315,70,313,神路值得再写一次，不同天气下石像生的气氛会完全不一样。,,0,0,1,2026/2/17 14:53,2026/2/17 14:53
315,1,30,315,梧桐岭这种地方如果把路况写细一点，后来的人会少踩很多坑。,,0,0,1,2026/6/4 7:02,2026/6/4 7:02
316,2,134,315,悦美术馆的日记可以再多一点展厅感，光线和作品距离都挺关键。,,0,2,1,2026/5/9 20:17,2026/5/9 20:17
317,3,59,317,金台艺术馆如果人不多，慢慢看会比赶场式打卡舒服。,,0,0,1,2026/5/31 6:11,2026/5/31 6:11
318,4,17,317,一个人去戏楼反而挺适合，能把看戏前后的安静写出来。,,0,0,1,2026/4/28 18:56,2026/4/28 18:56
319,5,74,319,广济寺那篇读起来很清净，最好补一下进出路线和开放时间。,,1,1,1,2026/2/27 16:18,2026/2/27 16:18
320,6,168,319,兰花公园这种地方不一定惊艳，但写花期就会很有参考。,,1,0,1,2026/6/10 9:34,2026/6/10 9:34
321,7,8,321,传媒博物馆如果能写几件印象深的展品，会比单说上午逛完更好。,,4,0,1,2026/4/26 18:29,2026/4/26 18:29
322,8,151,321,朝阳剧场的体验很看演出内容，票价和座位视野也值得写。,,1,0,1,2026/2/25 20:39,2026/2/25 20:39
323,9,59,323,和敬公主府这种点位适合带一点历史背景，不然容易只看个院子。,,1,0,1,2026/4/23 8:06,2026/4/23 8:06
324,10,137,323,绮望楼这个名字就很有画面感，日记里可以多写登高后的视野。,,33,0,1,2026/6/10 21:55,2026/6/10 21:55
325,11,65,325,孔庙和国子监一带很适合慢逛，别把它写成纯拍照行程。,,1,0,1,2026/5/9 12:32,2026/5/9 15:27
326,12,149,325,露营公园要是写清楚营位和洗漱条件，实用性会高很多。,,0,0,1,2026/6/11 16:30,2026/6/11 16:30
327,13,77,327,温泉水世界最怕只写开心，排队和水温这些小事也很重要。,,4,0,1,2026/6/3 20:56,2026/6/3 20:56
328,14,115,327,梨园剧场适合给外地朋友看，日记里写观众反应会很生动。,,7,0,1,2026/3/13 12:13,2026/3/13 12:14
329,15,127,329,繁星戏剧村如果赶上小剧场演出，散场后的胡同感也值得记。,,2,0,1,2026/3/7 21:12,2026/3/7 21:12
330,16,20,329,大韵堂美术馆听起来很适合安静看展，展名可以补在开头。,,3,0,1,2026/6/2 11:22,2026/6/2 11:22
331,17,110,331,M剧场如果空间不大，坐在后排和前排的感受差别会很明显。,,0,0,1,2026/3/30 22:54,2026/3/30 22:54
332,18,90,331,古火山景区这种自然点最好写清爬升和遮阴，读者会很需要。,,2,0,1,2026/6/2 0:26,2026/6/2 0:26
333,19,154,333,水育馆日记适合写亲子体验，环境干不干净比景色更重要。,,0,0,1,2026/6/7 7:36,2026/6/7 7:36
334,20,39,333,聚灵峡如果山路湿滑，鞋子和返程时间都该写进去。,,1,2,1,2026/6/3 19:43,2026/6/3 19:43
335,21,167,335,白浮泉湿地公园这篇要是多一点鸟鸣和水面细节，会更像在现场。,,1,0,1,2026/3/16 18:59,2026/3/16 18:59
336,22,150,335,斋堂城遗址不一定好找，位置描述清楚就已经很有帮助。,,1,0,1,2026/2/9 12:05,2026/2/9 12:05
337,23,126,337,养心殿上午人应该不少，能写出排队和参观节奏就很真实。,,3,0,1,2026/5/28 8:06,2026/5/28 8:06
338,24,36,337,松榆里公园这种日常小公园，写附近人的状态会比写景更好。,,0,0,1,2026/5/5 21:34,2026/5/5 21:34
339,25,28,339,昊天公园如果是顺路去还挺合适，专程去就要看个人兴趣了。,,6,0,1,2026/6/8 18:58,2026/6/8 18:58
340,26,95,339,一个人逛槐新公园听着挺松弛，日记里这种空白感可以保留。,,3,0,1,2026/6/4 20:10,2026/6/4 20:10
341,27,20,341,汽车露营公园最好写设施和停车，风景反而不是唯一重点。,,0,0,1,2026/5/27 8:03,2026/5/27 8:03
342,28,160,341,朝来农艺园如果能写到采摘品种和价格，会更像真正攻略。,,10,0,1,2026/6/8 21:09,2026/6/8 21:09
343,29,120,343,总理衙门这类地点很吃历史背景，配一点说明读者会更容易进入。,,5,0,1,2026/6/4 9:21,2026/6/4 9:21
344,30,128,343,轩辕台名字很有古意，现场如果不大就更要写细节。,,0,0,1,2026/6/9 22:09,2026/6/9 22:09
345,31,42,345,四季青采摘园这种地方最看季节，什么时候去比怎么去还重要。,,2,0,1,2026/4/29 13:35,2026/4/29 13:35
346,32,19,345,东润鑫艺园听起来偏小众，如果写清门票和开放状态会很好。,,0,0,1,2026/5/27 22:25,2026/5/28 15:36
347,33,88,347,同样是朝来农艺园，半天行程可以把吃饭和休息也写进去。,,2,0,1,2026/6/2 0:36,2026/6/2 0:36
348,34,101,347,定陵写流水账也挺合适，地宫那段感受通常最深。,,0,0,1,2025/12/21 16:28,2025/12/21 16:28
349,35,104,349,泾县会馆旧址如果只有外观可看，提前说清楚反而不误导。,,0,0,1,2026/4/11 15:50,2026/4/11 15:50
350,36,84,349,漪澜堂适合和北海行程连在一起，单独去可能有点碎。,,1,0,1,2026/4/1 14:48,2026/4/1 14:48
351,37,105,351,总理衙门下午去应该光线好一些，胡同和门楼都适合慢拍。,,0,0,1,2026/3/31 12:19,2026/3/31 12:19
352,38,41,351,国子监街本身就很好逛，街树和牌坊比很多店更有意思。,,0,0,1,2026/3/15 19:35,2026/3/15 19:35
353,39,97,353,卧佛寺适合秋天去，银杏季之外也有一种安静的老寺感。,,2,0,1,2026/2/22 11:50,2026/2/22 11:50
354,40,40,353,太扬公园看名字不熟，日记要是写周边地铁公交会更实用。,,1,0,1,2026/5/19 19:33,2026/5/19 19:33
355,41,34,355,将军石这种自然点最好别只写到此一游，路上风景也很重要。,,5,0,1,2026/5/17 8:12,2026/5/17 8:12
356,42,113,355,昊天公园如果二刷，可以比较一下不同入口和路线。,,0,2,1,2026/5/13 13:07,2026/5/13 13:07
357,43,66,357,保和殿人流一直不少，能写出停留在哪些细节前会更有意思。,,3,0,1,2026/2/13 19:42,2026/2/13 19:42
358,44,62,357,古北水镇夜景确实适合写，住宿和返程也很值得单独说。,,0,0,1,2026/3/27 20:26,2026/3/27 20:26
359,45,102,359,大公主府如果不是开放参观状态，路过式记录也可以写得很有味。,,0,0,1,2026/4/21 18:42,2026/4/21 18:42
360,46,176,359,自助图书馆这个点很生活化，写借书或路过体验会很真实。,,2,0,1,2026/5/15 15:58,2026/5/15 15:58
361,47,40,361,正阳美术馆适合和前门一带连起来逛，展览内容是重点。,,0,0,1,2026/4/29 19:27,2026/4/29 19:27
362,48,166,361,北京剧院上午去应该不算拥挤，最好写清有没有看演出。,,6,0,1,2026/6/10 20:22,2026/6/10 20:22
363,49,85,363,田义墓这种地方不大众，但对明代历史感兴趣会觉得值得。,,2,0,1,2026/4/22 18:06,2026/4/22 18:06
364,50,43,363,将军坨风景区要看体力，爬山路线和补给点都别省略。,,3,0,1,2026/3/31 20:37,2026/3/31 20:37
365,51,118,365,大樱桃采摘最怕季节不对，日记里写果子甜不甜很关键。,,0,1,1,2026/5/7 21:28,2026/5/7 21:28
366,52,89,365,京香绿谷采摘园如果是亲子出行，休息区和卫生间也得写。,,0,0,1,2026/5/27 14:08,2026/5/27 14:08
367,53,36,367,景陵不像热门陵区那么热闹，这种冷清感其实很适合写。,,3,0,1,2026/1/18 0:58,2026/1/18 0:58
368,54,27,367,密檐塔这种古迹适合拍细节，文字里也可以说说保存状态。,,3,0,1,2026/3/9 14:48,2026/3/9 14:48
369,55,156,369,乾清门人很多，但站在那里还是能感觉到宫城轴线的气势。,,0,0,1,2026/4/28 19:12,2026/4/28 19:12
370,56,137,369,仪亲王府这种地方适合慢慢走，别只写门口拍照。,,1,0,1,2026/2/8 12:58,2026/2/8 12:58
371,57,156,371,郑王府如果开放范围有限，写清能看到的部分就很好。,,1,0,1,2026/3/11 19:35,2026/3/11 19:35
372,58,46,371,东南城角角楼这篇如果配城墙照片，记忆点会很强。,,1,0,1,2026/4/8 20:34,2026/4/8 20:34
373,59,71,373,正乙祠看戏和看建筑是两种体验，最好把当天有没有演出写清。,,0,0,1,2026/6/7 17:17,2026/6/7 17:17
374,60,89,373,蟹岛生态农庄适合亲子活动，交通和餐饮安排比景色更重要。,,0,3,1,2026/3/7 19:25,2026/3/7 19:25
375,9,139,375,mark，学习了。,,0,0,1,2026/5/21 3:51,2026/5/21 3:51
376,9,170,375,一个人去按你这个节奏走应该也挺合适。,,0,0,1,2026/5/23 2:37,2026/5/23 2:37
377,11,29,377,避雷的部分特别有用，谢谢真诚分享。,,3,0,1,2026/2/6 16:03,2026/2/6 16:03
378,11,111,377,时间安排的参考性很强，谢谢分享出来。,,2,0,1,2026/2/6 17:02,2026/2/6 17:02
379,18,24,379,收藏了，下次去之前再看一遍。,,0,0,1,2026/5/23 19:14,2026/5/23 19:14
380,53,40,379,再多说一句，节假日去停车位很难找。,,0,0,1,2026/5/24 21:38,2026/5/24 21:38
381,53,110,381,把这个转给朋友了，一起去就省事了。,,0,0,1,2026/5/24 21:21,2026/5/24 21:21
382,60,11,381,完全同意！,,0,0,1,2026/6/8 22:33,2026/6/8 22:33
383,92,107,383,说得太对了。,,0,0,1,2026/5/19 21:19,2026/5/19 21:19
384,167,42,383,mark，学习了。,,1,0,1,2026/5/20 11:47,2026/5/20 11:47
385,167,39,385,完全同意！,,2,0,1,2026/5/19 3:56,2026/5/19 3:56
386,201,158,385,写得真棒！,,0,0,1,2026/5/25 7:25,2026/5/25 7:25
387,217,36,387,深有同感。,,0,0,1,2026/1/28 1:57,2026/1/28 1:57
388,217,117,387,顶一个！,,2,0,1,2026/1/31 19:39,2026/1/31 19:39
389,217,69,389,把这个转给朋友了，一起去就省事了。,,2,0,1,2026/2/18 8:44,2026/2/18 8:44
390,264,21,389,再多说一句，节假日去停车位很难找。,,0,0,1,2026/5/1 2:02,2026/5/1 2:02
391,264,163,391,说得太对了。,,0,0,1,2026/4/30 19:52,2026/4/30 19:52
392,264,96,391,这种细节写出来才是有价值的游记。,,3,0,1,2026/5/3 12:15,2026/5/3 12:15
393,288,162,393,很有参考价值，感谢！,,0,0,1,2026/3/31 13:14,2026/3/31 13:14
394,288,148,393,把这个转给朋友了，一起去就省事了。,,0,0,1,2026/3/31 14:00,2026/3/31 14:00
395,296,32,395,加油写！这种长篇记录比短评有价值多了。,,0,0,1,2026/1/26 14:02,2026/1/26 14:02
396,296,54,395,写得很真实，不是那种只放精修图的帖子。,,0,0,1,2026/2/8 19:51,2026/2/8 19:51
397,2,47,397,顶一个！,,3,0,1,2026/5/11 12:36,2026/5/11 12:36
398,2,118,397,收藏了，下次去之前再看一遍。,,0,0,1,2026/5/10 18:01,2026/5/10 18:01
399,5,142,399,被你说的心动了，打算按照这个思路排一下。,,1,0,1,2026/2/27 18:33,2026/2/27 18:33
400,20,147,399,mark，学习了。,,1,0,1,2026/6/4 2:50,2026/6/4 2:50
401,20,66,401,写的太好了，已收藏方便之后看。,,0,0,1,2026/6/5 0:43,2026/6/5 0:43
402,42,175,401,把这个转给朋友了，一起去就省事了。,,0,0,1,2026/5/15 3:42,2026/5/15 3:42
403,42,93,403,说得太对了。,,0,0,1,2026/5/14 19:07,2026/5/14 19:07
404,51,110,403,文风很舒服，不像营销号那么夸张。,,0,0,1,2026/5/8 0:09,2026/5/8 0:09
405,60,136,405,再补充一点：门票提前在公众号预约会便宜些。,,0,0,1,2026/3/7 21:32,2026/3/7 21:32
406,60,122,405,写得真棒！,,0,0,1,2026/3/7 21:11,2026/3/7 21:11
407,60,65,407,写得真棒！,,0,0,1,2026/3/8 0:48,2026/3/8 0:48
