id,diary_id,user_id,score,created_at,updated_at
,144,95,5,2026/1/3 10:09,2026/1/3 10:09
,52,62,4,2026/1/9 19:42,2026/1/9 19:42
,216,15,5,2026/1/9 20:14,2026/1/9 20:14
,233,115,4,2026/1/10 12:02,2026/1/10 12:02
,190,144,5,2026/1/11 11:24,2026/1/11 11:24
,190,17,5,2026/1/11 18:58,2026/1/11 18:58
,163,136,5,2026/1/12 10:46,2026/1/12 10:46
,140,44,4,2026/1/13 1:36,2026/1/13 1:36
,200,145,3,2026/1/13 2:32,2026/1/13 2:32
,216,80,4,2026/1/13 19:25,2026/1/13 19:25
,104,79,5,2026/1/14 1:11,2026/1/14 1:11
,163,91,5,2026/1/15 1:34,2026/1/15 1:34
,56,153,3,2026/1/15 8:14,2026/1/15 8:14
,163,82,5,2026/1/16 8:16,2026/1/16 8:16
,190,55,5,2026/1/16 11:28,2026/1/16 11:28
,52,37,5,2026/1/16 14:43,2026/1/16 14:43
,52,85,5,2026/1/16 20:18,2026/1/16 20:18
,233,138,4,2026/1/16 23:18,2026/1/16 23:18
,263,167,5,2026/1/18 4:07,2026/1/18 4:07
,263,128,4,2026/1/18 6:36,2026/1/18 6:36
,140,158,4,2026/1/18 9:30,2026/1/18 9:30
,216,41,4,2026/1/18 11:08,2026/1/18 11:08
,59,45,4,2026/1/18 12:45,2026/1/18 12:45
,280,25,4,2026/1/18 14:25,2026/1/18 14:25
,18,85,4,2026/1/18 16:11,2026/1/18 16:11
,30,167,4,2026/1/18 18:52,2026/1/18 18:52
,190,115,5,2026/1/18 18:55,2026/1/18 18:55
,263,30,5,2026/1/19 21:13,2026/1/19 21:13
,263,84,5,2026/1/20 7:48,2026/1/20 7:48
,56,168,4,2026/1/20 17:52,2026/1/20 17:52
,235,118,5,2026/1/22 15:07,2026/1/22 15:07
,263,132,5,2026/1/22 17:04,2026/1/22 17:04
,216,174,5,2026/1/22 17:42,2026/1/22 17:42
,280,178,4,2026/1/23 1:13,2026/1/23 1:13
,140,94,4,2026/1/23 15:54,2026/1/23 15:54
,144,65,5,2026/1/24 1:24,2026/1/24 1:24
,235,36,4,2026/1/24 4:57,2026/1/24 4:57
,134,163,5,2026/1/24 8:28,2026/1/24 8:28
,144,122,5,2026/1/25 8:39,2026/1/25 8:39
,276,179,4,2026/1/25 19:27,2026/1/25 19:27
,190,150,5,2026/1/26 13:57,2026/1/26 13:57
,85,145,4,2026/1/26 14:08,2026/1/26 14:08
,233,45,4,2026/1/26 18:48,2026/1/26 18:48
,112,103,4,2026/1/27 2:36,2026/1/27 2:36
,56,87,3,2026/1/27 14:07,2026/1/27 14:07
,56,137,4,2026/1/27 15:01,2026/1/27 15:01
,18,3,4,2026/1/27 15:42,2026/1/27 15:42
,48,173,4,2026/1/27 20:44,2026/1/27 20:44
,35,53,4,2026/1/28 8:35,2026/1/28 8:35
,220,177,3,2026/1/28 10:17,2026/1/28 10:17
,144,56,4,2026/1/28 13:21,2026/1/28 13:21
,112,27,4,2026/1/28 16:41,2026/1/28 16:41
,35,18,4,2026/1/29 20:15,2026/1/29 20:15
,18,127,4,2026/1/30 7:30,2026/1/30 7:30
,208,15,5,2026/1/30 14:15,2026/1/30 14:15
,50,55,4,2026/1/30 18:21,2026/1/30 18:21
,233,159,5,2026/1/31 23:40,2026/1/31 23:40
,35,87,4,2026/2/1 3:38,2026/2/1 3:38
,30,13,4,2026/2/2 4:44,2026/2/2 4:44
,39,145,3,2026/2/2 9:07,2026/2/2 9:07
,18,64,4,2026/2/2 20:21,2026/2/2 20:21
,30,120,3,2026/2/3 10:59,2026/2/3 10:59
,52,50,5,2026/2/3 15:55,2026/2/3 15:55
,269,9,2,2026/2/3 21:01,2026/2/3 21:01
,163,131,5,2026/2/3 21:49,2026/2/3 21:49
,39,85,3,2026/2/4 0:22,2026/2/4 0:22
,2,173,5,2026/2/4 7:44,2026/2/4 7:44
,104,70,4,2026/2/5 5:49,2026/2/5 5:49
,112,38,3,2026/2/5 21:11,2026/2/5 21:11
,297,56,4,2026/2/6 14:14,2026/2/6 14:14
,144,2,5,2026/2/6 14:49,2026/2/6 14:49
,56,133,3,2026/2/7 9:26,2026/2/7 9:26
,187,180,3,2026/2/7 23:49,2026/2/7 23:49
,208,58,4,2026/2/8 0:23,2026/2/8 0:23
,276,47,4,2026/2/8 10:52,2026/2/8 10:52
,200,61,3,2026/2/8 14:06,2026/2/8 14:06
,264,59,4,2026/2/8 21:11,2026/2/8 21:11
,48,171,3,2026/2/8 22:08,2026/2/8 22:08
,234,156,4,2026/2/9 10:19,2026/2/9 10:19
,70,73,4,2026/2/9 10:21,2026/2/9 10:21
,276,2,5,2026/2/9 16:47,2026/2/9 16:47
,233,90,4,2026/2/10 1:04,2026/2/10 1:04
,104,135,5,2026/2/10 8:58,2026/2/10 8:58
,276,165,4,2026/2/10 21:52,2026/2/10 21:52
,2,164,4,2026/2/11 0:19,2026/2/11 0:19
,200,48,4,2026/2/11 1:28,2026/2/11 1:28
,59,131,5,2026/2/11 10:05,2026/2/11 10:05
,70,66,4,2026/2/11 12:34,2026/2/11 12:34
,151,70,3,2026/2/11 17:25,2026/2/11 17:25
,85,149,3,2026/2/11 19:38,2026/2/11 19:38
,235,47,5,2026/2/12 3:36,2026/2/12 3:36
,104,31,4,2026/2/12 8:37,2026/2/12 8:37
,297,66,4,2026/2/12 10:40,2026/2/12 10:40
,130,23,3,2026/2/12 14:08,2026/2/12 14:08
,269,154,3,2026/2/12 17:53,2026/2/12 17:53
,269,84,3,2026/2/13 5:32,2026/2/13 5:32
,220,100,3,2026/2/13 14:20,2026/2/13 14:20
,104,24,5,2026/2/13 21:07,2026/2/13 21:07
,140,18,4,2026/2/14 2:08,2026/2/14 2:08
,59,12,4,2026/2/14 6:06,2026/2/14 6:06
,208,89,5,2026/2/14 11:44,2026/2/14 11:44
,264,15,4,2026/2/14 19:53,2026/2/14 19:53
,28,24,3,2026/2/15 12:01,2026/2/15 12:01
,263,93,5,2026/2/16 0:59,2026/2/16 0:59
,243,50,3,2026/2/16 18:47,2026/2/16 18:47
,70,8,4,2026/2/16 21:19,2026/2/16 21:19
,208,128,4,2026/2/17 1:23,2026/2/17 1:23
,93,148,4,2026/2/17 9:10,2026/2/17 9:10
,163,111,5,2026/2/17 14:26,2026/2/17 14:26
,35,36,5,2026/2/17 21:07,2026/2/17 21:07
,134,12,4,2026/2/17 22:51,2026/2/17 22:51
,243,69,4,2026/2/18 7:11,2026/2/18 7:11
,23,177,5,2026/2/18 7:22,2026/2/18 7:22
,85,166,3,2026/2/18 12:31,2026/2/18 12:31
,56,27,3,2026/2/19 4:59,2026/2/19 4:59
,302,5,4,2026/2/20 3:56,2026/2/20 3:56
,220,159,4,2026/2/20 6:57,2026/2/20 6:57
,234,101,5,2026/2/20 8:27,2026/2/20 8:27
,187,102,4,2026/2/20 16:09,2026/2/20 16:09
,52,77,4,2026/2/20 19:31,2026/2/20 19:31
,190,92,5,2026/2/20 22:18,2026/2/20 22:18
,134,85,4,2026/2/21 2:12,2026/2/21 2:12
,59,145,4,2026/2/21 3:34,2026/2/21 3:34
,30,10,4,2026/2/21 8:20,2026/2/21 8:20
,264,176,5,2026/2/21 13:42,2026/2/21 13:42
,48,99,4,2026/2/21 15:38,2026/2/21 15:38
,18,115,4,2026/2/22 1:00,2026/2/22 1:00
,112,85,4,2026/2/22 1:51,2026/2/22 1:51
,139,9,5,2026/2/22 10:24,2026/2/22 10:24
,276,176,5,2026/2/22 11:41,2026/2/22 11:41
,85,138,3,2026/2/22 19:45,2026/2/22 19:45
,134,83,5,2026/2/22 23:47,2026/2/22 23:47
,59,130,5,2026/2/23 3:01,2026/2/23 3:01
,208,12,5,2026/2/23 7:49,2026/2/23 7:49
,130,36,4,2026/2/23 10:55,2026/2/23 10:55
,308,51,4,2026/2/23 11:09,2026/2/23 11:09
,30,158,4,2026/2/23 23:29,2026/2/23 23:29
,93,36,3,2026/2/24 1:06,2026/2/24 1:06
,85,105,4,2026/2/24 4:13,2026/2/24 4:13
,140,64,4,2026/2/24 5:31,2026/2/24 5:31
,12,10,5,2026/2/24 6:43,2026/2/24 6:43
,276,80,5,2026/2/24 15:28,2026/2/24 15:28
,208,139,4,2026/2/24 19:34,2026/2/24 19:34
,208,17,5,2026/2/25 19:50,2026/2/25 19:50
,218,61,4,2026/2/26 15:30,2026/2/26 15:30
,115,101,4,2026/2/27 9:30,2026/2/27 9:30
,115,42,4,2026/2/27 13:08,2026/2/27 13:08
,23,38,5,2026/2/27 18:25,2026/2/27 18:25
,269,159,3,2026/2/27 20:36,2026/2/27 20:36
,134,9,4,2026/2/28 5:33,2026/2/28 5:33
,48,92,4,2026/2/28 10:37,2026/2/28 10:37
,269,14,3,2026/2/28 13:27,2026/2/28 13:27
,263,11,5,2026/2/28 21:56,2026/2/28 21:56
,39,65,4,2026/2/28 22:09,2026/2/28 22:09
,151,4,3,2026/3/1 5:28,2026/3/1 5:28
,14,33,4,2026/3/1 6:47,2026/3/1 6:47
,235,100,4,2026/3/1 22:44,2026/3/1 22:44
,139,150,5,2026/3/2 18:24,2026/3/2 18:24
,218,86,5,2026/3/2 22:07,2026/3/2 22:07
,115,171,4,2026/3/3 5:26,2026/3/3 5:26
,115,118,4,2026/3/3 16:53,2026/3/3 16:53
,4,86,4,2026/3/3 22:54,2026/3/3 22:54
,277,115,5,2026/3/4 0:38,2026/3/4 0:38
,251,152,4,2026/3/4 8:41,2026/3/4 8:41
,308,9,4,2026/3/4 11:09,2026/3/4 11:09
,285,108,3,2026/3/4 18:10,2026/3/4 18:10
,173,116,4,2026/3/4 18:25,2026/3/4 18:25
,124,44,4,2026/3/4 18:53,2026/3/4 18:53
,315,179,4,2026/3/4 23:00,2026/3/4 23:00
,23,151,5,2026/3/5 2:40,2026/3/5 2:40
,115,93,3,2026/3/5 4:22,2026/3/5 4:22
,218,87,4,2026/3/5 5:17,2026/3/5 5:17
,270,76,4,2026/3/5 7:32,2026/3/5 7:32
,234,13,4,2026/3/5 13:30,2026/3/5 13:30
,218,8,4,2026/3/5 14:38,2026/3/5 14:38
,274,154,3,2026/3/5 15:00,2026/3/5 15:00
,48,25,4,2026/3/5 19:57,2026/3/5 19:57
,159,18,4,2026/3/6 4:52,2026/3/6 4:52
,101,2,4,2026/3/6 8:28,2026/3/6 8:28
,220,154,3,2026/3/6 9:14,2026/3/6 9:14
,274,123,3,2026/3/6 17:00,2026/3/6 17:00
,302,8,4,2026/3/7 1:56,2026/3/7 1:56
,93,153,3,2026/3/7 8:45,2026/3/7 8:45
,12,35,5,2026/3/7 17:22,2026/3/7 17:22
,308,42,4,2026/3/7 18:45,2026/3/7 18:45
,2,15,4,2026/3/8 3:50,2026/3/8 3:50
,285,107,2,2026/3/8 6:03,2026/3/8 6:03
,107,47,4,2026/3/8 15:15,2026/3/8 15:15
,160,119,4,2026/3/9 1:38,2026/3/9 1:38
,124,74,4,2026/3/9 3:53,2026/3/9 3:53
,274,36,4,2026/3/9 11:58,2026/3/9 11:58
,308,38,4,2026/3/9 18:10,2026/3/9 18:10
,4,60,3,2026/3/10 6:28,2026/3/10 6:28
,50,115,3,2026/3/10 6:49,2026/3/10 6:49
,5,112,4,2026/3/10 16:54,2026/3/10 16:54
,160,38,3,2026/3/10 20:04,2026/3/10 20:04
,297,72,3,2026/3/10 22:14,2026/3/10 22:14
,139,61,4,2026/3/11 8:50,2026/3/11 8:50
,4,120,3,2026/3/11 10:10,2026/3/11 10:10
,58,57,4,2026/3/11 17:29,2026/3/11 17:29
,12,43,5,2026/3/11 19:18,2026/3/11 19:18
,228,151,4,2026/3/11 21:48,2026/3/11 21:48
,28,40,3,2026/3/11 22:02,2026/3/11 22:02
,70,4,4,2026/3/11 23:09,2026/3/11 23:09
,107,158,3,2026/3/12 4:05,2026/3/12 4:05
,249,84,5,2026/3/12 4:08,2026/3/12 4:08
,114,169,4,2026/3/12 22:11,2026/3/12 22:11
,234,35,4,2026/3/13 7:30,2026/3/13 7:30
,228,119,5,2026/3/13 21:18,2026/3/13 21:18
,105,74,3,2026/3/14 0:32,2026/3/14 0:32
,207,51,5,2026/3/14 2:39,2026/3/14 2:39
,231,58,3,2026/3/14 15:41,2026/3/14 15:41
,159,105,4,2026/3/14 17:24,2026/3/14 17:24
,139,128,5,2026/3/14 19:48,2026/3/14 19:48
,23,43,5,2026/3/14 23:03,2026/3/14 23:03
,277,73,5,2026/3/15 2:47,2026/3/15 2:47
,159,39,4,2026/3/15 6:03,2026/3/15 6:03
,297,135,4,2026/3/15 22:38,2026/3/15 22:38
,151,56,3,2026/3/16 0:51,2026/3/16 0:51
,251,119,3,2026/3/16 6:36,2026/3/16 6:36
,14,22,4,2026/3/16 9:51,2026/3/16 9:51
,93,27,3,2026/3/16 11:45,2026/3/16 11:45
,70,111,4,2026/3/16 16:31,2026/3/16 16:31
,4,96,4,2026/3/17 7:43,2026/3/17 7:43
,302,163,4,2026/3/17 10:59,2026/3/17 10:59
,285,150,3,2026/3/17 11:45,2026/3/17 11:45
,160,53,3,2026/3/17 13:05,2026/3/17 13:05
,159,88,4,2026/3/18 0:54,2026/3/18 0:54
,173,125,4,2026/3/18 5:00,2026/3/18 5:00
,71,145,4,2026/3/18 9:22,2026/3/18 9:22
,228,59,5,2026/3/18 11:48,2026/3/18 11:48
,298,125,5,2026/3/18 15:46,2026/3/18 15:46
,69,65,3,2026/3/18 18:40,2026/3/18 18:40
,207,63,5,2026/3/19 5:49,2026/3/19 5:49
,159,167,4,2026/3/19 8:28,2026/3/19 8:28
,207,105,5,2026/3/19 10:14,2026/3/19 10:14
,197,142,5,2026/3/19 13:51,2026/3/19 13:51
,180,136,5,2026/3/19 23:17,2026/3/19 23:17
,105,17,3,2026/3/20 9:33,2026/3/20 9:33
,5,106,4,2026/3/20 14:26,2026/3/20 14:26
,100,59,5,2026/3/20 15:31,2026/3/20 15:31
,151,107,3,2026/3/20 17:13,2026/3/20 17:13
,197,15,4,2026/3/21 3:43,2026/3/21 3:43
,222,23,4,2026/3/21 12:49,2026/3/21 12:49
,139,89,4,2026/3/21 15:29,2026/3/21 15:29
,26,74,5,2026/3/22 10:37,2026/3/22 10:37
,139,174,5,2026/3/22 14:50,2026/3/22 14:50
,249,117,5,2026/3/22 15:15,2026/3/22 15:15
,222,132,3,2026/3/22 19:34,2026/3/22 19:34
,207,26,5,2026/3/23 4:22,2026/3/23 4:22
,243,12,3,2026/3/23 6:43,2026/3/23 6:43
,58,99,4,2026/3/23 10:17,2026/3/23 10:17
,285,181,3,2026/3/23 15:48,2026/3/23 15:48
,251,155,4,2026/3/23 16:27,2026/3/23 16:27
,303,61,4,2026/3/23 19:36,2026/3/23 19:36
,23,138,5,2026/3/23 20:13,2026/3/23 20:13
,243,136,3,2026/3/23 21:53,2026/3/23 21:53
,100,80,4,2026/3/24 3:53,2026/3/24 3:53
,303,6,4,2026/3/24 10:05,2026/3/24 10:05
,160,131,4,2026/3/24 11:32,2026/3/24 11:32
,197,67,5,2026/3/24 12:51,2026/3/24 12:51
,69,71,3,2026/3/24 19:52,2026/3/24 19:52
,34,50,4,2026/3/25 10:05,2026/3/25 10:05
,69,47,3,2026/3/25 11:08,2026/3/25 11:08
,277,4,5,2026/3/25 14:19,2026/3/25 14:19
,285,109,3,2026/3/26 6:20,2026/3/26 6:20
,12,166,5,2026/3/26 12:10,2026/3/26 12:10
,225,125,5,2026/3/27 11:26,2026/3/27 11:26
,23,160,5,2026/3/27 12:53,2026/3/27 12:53
,116,79,4,2026/3/27 14:40,2026/3/27 14:40
,29,62,4,2026/3/27 15:08,2026/3/27 15:08
,34,36,4,2026/3/27 23:06,2026/3/27 23:06
,315,72,4,2026/3/28 4:02,2026/3/28 4:02
,302,104,4,2026/3/28 11:40,2026/3/28 11:40
,274,159,3,2026/3/28 12:04,2026/3/28 12:04
,277,57,4,2026/3/28 15:41,2026/3/28 15:41
,249,6,5,2026/3/28 19:37,2026/3/28 19:37
,5,42,4,2026/3/29 0:39,2026/3/29 0:39
,315,88,3,2026/3/29 1:09,2026/3/29 1:09
,101,84,4,2026/3/29 15:38,2026/3/29 15:38
,5,157,4,2026/3/30 11:46,2026/3/30 11:46
,308,158,4,2026/3/31 6:51,2026/3/31 6:51
,277,111,5,2026/3/31 11:35,2026/3/31 11:35
,251,146,3,2026/3/31 13:34,2026/3/31 13:34
,274,100,4,2026/3/31 16:48,2026/3/31 16:48
,181,77,3,2026/3/31 19:41,2026/3/31 19:41
,298,132,4,2026/3/31 21:03,2026/3/31 21:03
,228,91,4,2026/4/1 8:12,2026/4/1 8:12
,213,112,4,2026/4/1 14:24,2026/4/1 14:24
,5,142,3,2026/4/1 22:58,2026/4/1 22:58
,219,26,4,2026/4/1 23:51,2026/4/1 23:51
,231,125,4,2026/4/2 1:26,2026/4/2 1:26
,300,31,4,2026/4/2 7:36,2026/4/2 7:36
,244,61,5,2026/4/2 11:33,2026/4/2 11:33
,69,130,3,2026/4/2 12:16,2026/4/2 12:16
,260,88,4,2026/4/2 23:31,2026/4/2 23:31
,26,50,5,2026/4/3 0:12,2026/4/3 0:12
,260,44,4,2026/4/3 0:28,2026/4/3 0:28
,160,161,4,2026/4/3 1:06,2026/4/3 1:06
,5,12,4,2026/4/3 10:31,2026/4/3 10:31
,249,180,5,2026/4/3 12:23,2026/4/3 12:23
,139,56,5,2026/4/3 15:19,2026/4/3 15:19
,298,138,5,2026/4/3 19:34,2026/4/3 19:34
,99,157,4,2026/4/4 2:49,2026/4/4 2:49
,231,52,3,2026/4/4 4:34,2026/4/4 4:34
,250,131,3,2026/4/4 4:56,2026/4/4 4:56
,286,84,3,2026/4/4 9:30,2026/4/4 9:30
,173,26,4,2026/4/4 11:01,2026/4/4 11:01
,219,106,3,2026/4/4 14:45,2026/4/4 14:45
,32,173,4,2026/4/4 15:06,2026/4/4 15:06
,279,10,4,2026/4/4 16:04,2026/4/4 16:04
,213,148,4,2026/4/5 1:43,2026/4/5 1:43
,160,140,3,2026/4/5 5:53,2026/4/5 5:53
,168,158,4,2026/4/5 8:12,2026/4/5 8:12
,173,99,4,2026/4/5 8:42,2026/4/5 8:42
,213,55,5,2026/4/5 12:59,2026/4/5 12:59
,298,158,4,2026/4/5 13:50,2026/4/5 13:50
,100,168,5,2026/4/6 5:47,2026/4/6 5:47
,260,100,5,2026/4/6 6:23,2026/4/6 6:23
,160,116,4,2026/4/6 10:40,2026/4/6 10:40
,99,12,4,2026/4/6 16:10,2026/4/6 16:10
,225,87,4,2026/4/6 20:12,2026/4/6 20:12
,287,173,4,2026/4/7 5:59,2026/4/7 5:59
,34,89,5,2026/4/7 10:02,2026/4/7 10:02
,250,25,4,2026/4/7 11:22,2026/4/7 11:22
,168,20,5,2026/4/7 16:49,2026/4/7 16:49
,286,120,3,2026/4/7 21:03,2026/4/7 21:03
,286,39,3,2026/4/7 21:41,2026/4/7 21:41
,5,126,4,2026/4/7 23:04,2026/4/7 23:04
,165,135,4,2026/4/8 5:33,2026/4/8 5:33
,71,77,5,2026/4/8 7:59,2026/4/8 7:59
,169,75,4,2026/4/8 8:31,2026/4/8 8:31
,181,139,4,2026/4/8 12:15,2026/4/8 12:15
,81,129,5,2026/4/8 14:03,2026/4/8 14:03
,287,167,4,2026/4/8 15:18,2026/4/8 15:18
,32,32,3,2026/4/8 19:06,2026/4/8 19:06
,116,120,4,2026/4/9 0:16,2026/4/9 0:16
,26,178,5,2026/4/9 7:53,2026/4/9 7:53
,202,136,4,2026/4/9 9:11,2026/4/9 9:11
,181,68,3,2026/4/9 9:18,2026/4/9 9:18
,26,38,5,2026/4/9 12:37,2026/4/9 12:37
,160,67,3,2026/4/10 6:30,2026/4/10 6:30
,114,11,4,2026/4/10 12:25,2026/4/10 12:25
,202,122,4,2026/4/10 13:04,2026/4/10 13:04
,315,35,3,2026/4/10 22:06,2026/4/10 22:06
,26,177,5,2026/4/11 9:34,2026/4/11 9:34
,270,65,4,2026/4/11 16:09,2026/4/11 16:09
,117,38,4,2026/4/12 6:42,2026/4/12 6:42
,298,46,5,2026/4/12 12:40,2026/4/12 12:40
,180,80,5,2026/4/12 23:19,2026/4/12 23:19
,100,88,4,2026/4/13 2:53,2026/4/13 2:53
,249,143,5,2026/4/13 19:54,2026/4/13 19:54
,149,3,3,2026/4/14 0:01,2026/4/14 0:01
,87,31,5,2026/4/14 0:30,2026/4/14 0:30
,180,99,5,2026/4/14 5:21,2026/4/14 5:21
,219,80,4,2026/4/14 10:15,2026/4/14 10:15
,49,108,4,2026/4/14 13:16,2026/4/14 13:16
,26,75,4,2026/4/14 14:50,2026/4/14 14:50
,207,164,5,2026/4/14 17:52,2026/4/14 17:52
,300,114,4,2026/4/14 23:14,2026/4/14 23:14
,165,86,4,2026/4/14 23:14,2026/4/14 23:14
,286,167,3,2026/4/15 0:59,2026/4/15 0:59
,225,66,4,2026/4/15 4:25,2026/4/15 4:25
,29,90,4,2026/4/15 11:15,2026/4/15 11:15
,168,25,4,2026/4/15 16:33,2026/4/15 16:33
,49,78,4,2026/4/15 18:56,2026/4/15 18:56
,260,4,4,2026/4/15 19:43,2026/4/15 19:43
,260,26,5,2026/4/15 20:42,2026/4/15 20:42
,76,79,5,2026/4/16 2:19,2026/4/16 2:19
,244,32,4,2026/4/16 6:48,2026/4/16 6:48
,32,36,4,2026/4/16 9:00,2026/4/16 9:00
,298,9,5,2026/4/16 15:38,2026/4/16 15:38
,149,162,3,2026/4/16 18:33,2026/4/16 18:33
,119,179,4,2026/4/16 19:02,2026/4/16 19:02
,5,141,4,2026/4/16 21:05,2026/4/16 21:05
,238,22,4,2026/4/17 4:24,2026/4/17 4:24
,193,154,4,2026/4/17 13:31,2026/4/17 13:31
,95,59,5,2026/4/17 14:30,2026/4/17 14:30
,73,24,3,2026/4/18 1:51,2026/4/18 1:51
,279,123,4,2026/4/18 3:14,2026/4/18 3:14
,49,91,4,2026/4/18 13:23,2026/4/18 13:23
,279,70,5,2026/4/18 14:05,2026/4/18 14:05
,169,172,4,2026/4/18 17:13,2026/4/18 17:13
,95,33,5,2026/4/18 17:30,2026/4/18 17:30
,76,100,4,2026/4/18 20:52,2026/4/18 20:52
,81,29,5,2026/4/19 5:32,2026/4/19 5:32
,149,70,3,2026/4/20 4:50,2026/4/20 4:50
,100,69,5,2026/4/20 15:43,2026/4/20 15:43
,5,32,4,2026/4/20 18:45,2026/4/20 18:45
,193,98,3,2026/4/21 1:52,2026/4/21 1:52
,87,134,4,2026/4/21 11:58,2026/4/21 11:58
,260,91,5,2026/4/21 16:12,2026/4/21 16:12
,119,103,4,2026/4/22 7:30,2026/4/22 7:30
,158,163,4,2026/4/22 22:36,2026/4/22 22:36
,245,128,4,2026/4/23 0:04,2026/4/23 0:04
,197,66,4,2026/4/23 2:01,2026/4/23 2:01
,117,133,4,2026/4/23 7:17,2026/4/23 7:17
,225,75,4,2026/4/23 11:49,2026/4/23 11:49
,117,46,3,2026/4/23 15:13,2026/4/23 15:13
,76,42,5,2026/4/23 15:36,2026/4/23 15:36
,289,172,4,2026/4/23 17:49,2026/4/23 17:49
,87,60,5,2026/4/23 23:21,2026/4/23 23:21
,137,77,4,2026/4/24 5:39,2026/4/24 5:39
,158,10,5,2026/4/24 6:28,2026/4/24 6:28
,149,72,4,2026/4/24 6:34,2026/4/24 6:34
,287,91,4,2026/4/24 7:08,2026/4/24 7:08
,177,12,4,2026/4/24 10:57,2026/4/24 10:57
,207,108,5,2026/4/24 18:35,2026/4/24 18:35
,182,2,3,2026/4/25 7:53,2026/4/25 7:53
,197,124,5,2026/4/25 8:36,2026/4/25 8:36
,19,39,4,2026/4/25 15:03,2026/4/25 15:03
,87,45,5,2026/4/25 15:11,2026/4/25 15:11
,99,126,4,2026/4/26 3:22,2026/4/26 3:22
,225,12,4,2026/4/26 18:52,2026/4/26 18:52
,100,157,4,2026/4/26 21:10,2026/4/26 21:10
,74,3,4,2026/4/27 0:08,2026/4/27 0:08
,202,118,5,2026/4/27 2:19,2026/4/27 2:19
,81,10,5,2026/4/27 8:56,2026/4/27 8:56
,116,69,5,2026/4/27 11:02,2026/4/27 11:02
,168,117,4,2026/4/27 11:06,2026/4/27 11:06
,279,135,5,2026/4/27 12:48,2026/4/27 12:48
,49,116,4,2026/4/27 13:05,2026/4/27 13:05
,154,91,4,2026/4/27 13:28,2026/4/27 13:28
,312,59,5,2026/4/27 14:20,2026/4/27 14:20
,95,104,5,2026/4/28 3:28,2026/4/28 3:28
,116,49,5,2026/4/28 3:58,2026/4/28 3:58
,95,4,5,2026/4/28 13:47,2026/4/28 13:47
,177,103,3,2026/4/28 17:05,2026/4/28 17:05
,174,141,4,2026/4/28 23:00,2026/4/28 23:00
,238,54,3,2026/4/29 14:18,2026/4/29 14:18
,119,100,4,2026/4/29 14:53,2026/4/29 14:53
,244,167,5,2026/4/29 19:19,2026/4/29 19:19
,95,51,5,2026/4/29 20:02,2026/4/29 20:02
,202,177,5,2026/4/29 22:00,2026/4/29 22:00
,244,92,5,2026/4/29 23:19,2026/4/29 23:19
,154,129,4,2026/4/30 0:04,2026/4/30 0:04
,245,109,4,2026/4/30 1:28,2026/4/30 1:28
,126,177,3,2026/4/30 8:19,2026/4/30 8:19
,29,148,4,2026/5/1 3:16,2026/5/1 3:16
,250,23,3,2026/5/1 9:07,2026/5/1 9:07
,177,92,3,2026/5/1 21:01,2026/5/1 21:01
,76,19,4,2026/5/2 6:11,2026/5/2 6:11
,87,157,4,2026/5/2 6:41,2026/5/2 6:41
,296,102,5,2026/5/2 14:38,2026/5/2 14:38
,74,160,5,2026/5/2 21:35,2026/5/2 21:35
,202,117,4,2026/5/2 22:21,2026/5/2 22:21
,106,31,4,2026/5/2 23:39,2026/5/2 23:39
,81,57,4,2026/5/3 1:27,2026/5/3 1:27
,198,51,5,2026/5/3 3:47,2026/5/3 3:47
,244,181,5,2026/5/3 6:58,2026/5/3 6:58
,119,158,4,2026/5/3 8:11,2026/5/3 8:11
,32,128,4,2026/5/4 4:11,2026/5/4 4:11
,19,118,4,2026/5/4 6:06,2026/5/4 6:06
,21,114,4,2026/5/4 8:47,2026/5/4 8:47
,239,59,4,2026/5/4 11:08,2026/5/4 11:08
,271,171,5,2026/5/4 11:48,2026/5/4 11:48
,303,97,4,2026/5/4 19:52,2026/5/4 19:52
,265,85,5,2026/5/4 22:17,2026/5/4 22:17
,65,35,3,2026/5/5 5:32,2026/5/5 5:32
,123,80,4,2026/5/5 11:38,2026/5/5 11:38
,245,83,3,2026/5/5 11:47,2026/5/5 11:47
,137,38,4,2026/5/5 16:55,2026/5/5 16:55
,62,10,3,2026/5/6 10:45,2026/5/6 10:45
,198,181,5,2026/5/6 12:45,2026/5/6 12:45
,137,139,4,2026/5/6 17:26,2026/5/6 17:26
,158,101,5,2026/5/7 3:24,2026/5/7 3:24
,254,60,4,2026/5/7 6:23,2026/5/7 6:23
,198,105,5,2026/5/7 7:14,2026/5/7 7:14
,74,153,5,2026/5/7 8:39,2026/5/7 8:39
,62,47,3,2026/5/8 9:00,2026/5/8 9:00
,62,64,3,2026/5/8 15:36,2026/5/8 15:36
,81,3,5,2026/5/8 16:52,2026/5/8 16:52
,137,168,4,2026/5/8 20:03,2026/5/8 20:03
,271,75,5,2026/5/9 0:20,2026/5/9 0:20
,81,109,5,2026/5/9 0:32,2026/5/9 0:32
,19,171,4,2026/5/9 0:54,2026/5/9 0:54
,126,103,3,2026/5/9 5:47,2026/5/9 5:47
,287,84,3,2026/5/9 6:54,2026/5/9 6:54
,312,104,5,2026/5/9 10:46,2026/5/9 10:46
,254,54,5,2026/5/9 16:09,2026/5/9 16:09
,81,172,4,2026/5/9 19:27,2026/5/9 19:27
,289,114,4,2026/5/9 19:47,2026/5/9 19:47
,312,26,5,2026/5/9 22:28,2026/5/9 22:28
,239,131,4,2026/5/10 16:06,2026/5/10 16:06
,169,10,4,2026/5/10 21:00,2026/5/10 21:00
,271,81,4,2026/5/10 23:54,2026/5/10 23:54
,245,112,3,2026/5/11 3:34,2026/5/11 3:34
,135,171,4,2026/5/11 6:42,2026/5/11 6:42
,126,111,4,2026/5/11 8:31,2026/5/11 8:31
,153,87,3,2026/5/11 12:20,2026/5/11 12:20
,254,42,4,2026/5/11 13:35,2026/5/11 13:35
,47,3,4,2026/5/11 14:18,2026/5/11 14:18
,182,156,4,2026/5/11 15:40,2026/5/11 15:40
,82,134,3,2026/5/11 19:12,2026/5/11 19:12
,123,116,5,2026/5/11 23:23,2026/5/11 23:23
,119,161,4,2026/5/12 5:23,2026/5/12 5:23
,123,16,4,2026/5/12 6:06,2026/5/12 6:06
,19,160,3,2026/5/12 12:16,2026/5/12 12:16
,156,172,4,2026/5/12 19:23,2026/5/12 19:23
,287,21,3,2026/5/12 21:46,2026/5/12 21:46
,143,4,4,2026/5/13 1:02,2026/5/13 1:02
,95,102,5,2026/5/13 8:07,2026/5/13 8:07
,21,58,4,2026/5/13 10:14,2026/5/13 10:14
,126,13,4,2026/5/13 11:36,2026/5/13 11:36
,245,141,4,2026/5/13 13:31,2026/5/13 13:31
,229,6,5,2026/5/13 13:44,2026/5/13 13:44
,74,90,5,2026/5/13 16:38,2026/5/13 16:38
,156,48,4,2026/5/13 17:20,2026/5/13 17:20
,92,123,4,2026/5/13 23:24,2026/5/13 23:24
,154,158,4,2026/5/14 0:54,2026/5/14 0:54
,176,31,5,2026/5/14 5:49,2026/5/14 5:49
,229,122,5,2026/5/14 8:52,2026/5/14 8:52
,145,105,4,2026/5/14 9:05,2026/5/14 9:05
,158,40,4,2026/5/14 23:00,2026/5/14 23:00
,20,47,3,2026/5/15 2:09,2026/5/15 2:09
,61,107,4,2026/5/15 2:24,2026/5/15 2:24
,214,62,3,2026/5/15 6:43,2026/5/15 6:43
,65,76,4,2026/5/15 11:25,2026/5/15 11:25
,198,70,4,2026/5/15 14:53,2026/5/15 14:53
,135,129,4,2026/5/15 15:11,2026/5/15 15:11
,22,71,3,2026/5/15 16:47,2026/5/15 16:47
,21,152,4,2026/5/15 22:23,2026/5/15 22:23
,92,11,4,2026/5/16 16:41,2026/5/16 16:41
,135,178,4,2026/5/16 22:09,2026/5/16 22:09
,64,144,4,2026/5/17 2:31,2026/5/17 2:31
,92,174,5,2026/5/17 6:01,2026/5/17 6:01
,92,128,4,2026/5/17 13:14,2026/5/17 13:14
,73,120,3,2026/5/17 13:50,2026/5/17 13:50
,74,176,4,2026/5/17 17:56,2026/5/17 17:56
,15,120,5,2026/5/17 19:47,2026/5/17 19:47
,6,22,4,2026/5/17 22:32,2026/5/17 22:32
,238,46,3,2026/5/18 15:47,2026/5/18 15:47
,6,162,3,2026/5/18 23:08,2026/5/18 23:08
,188,100,4,2026/5/19 7:16,2026/5/19 7:16
,158,85,5,2026/5/19 14:32,2026/5/19 14:32
,143,6,5,2026/5/19 16:29,2026/5/19 16:29
,174,77,4,2026/5/19 22:56,2026/5/19 22:56
,128,76,4,2026/5/20 11:09,2026/5/20 11:09
,62,141,4,2026/5/20 17:17,2026/5/20 17:17
,135,61,4,2026/5/20 21:55,2026/5/20 21:55
,229,140,4,2026/5/20 23:40,2026/5/20 23:40
,143,159,4,2026/5/21 2:15,2026/5/21 2:15
,176,51,4,2026/5/21 5:26,2026/5/21 5:26
,74,174,5,2026/5/21 8:01,2026/5/21 8:01
,40,29,5,2026/5/21 12:23,2026/5/21 12:23
,40,152,4,2026/5/22 9:13,2026/5/22 9:13
,312,172,5,2026/5/22 19:39,2026/5/22 19:39
,239,121,4,2026/5/22 20:23,2026/5/22 20:23
,299,128,5,2026/5/22 21:05,2026/5/22 21:05
,128,136,3,2026/5/22 22:03,2026/5/22 22:03
,3,169,5,2026/5/22 22:42,2026/5/22 22:42
,72,174,3,2026/5/23 2:57,2026/5/23 2:57
,229,38,5,2026/5/23 8:48,2026/5/23 8:48
,40,169,5,2026/5/23 9:32,2026/5/23 9:32
,156,67,5,2026/5/23 20:40,2026/5/23 20:40
,182,41,4,2026/5/24 5:03,2026/5/24 5:03
,158,146,4,2026/5/24 6:14,2026/5/24 6:14
,296,26,5,2026/5/24 9:21,2026/5/24 9:21
,254,142,5,2026/5/24 12:17,2026/5/24 12:17
,15,41,4,2026/5/24 12:50,2026/5/24 12:50
,177,32,3,2026/5/24 15:20,2026/5/24 15:20
,123,174,5,2026/5/25 4:37,2026/5/25 4:37
,143,12,4,2026/5/25 8:37,2026/5/25 8:37
,82,17,3,2026/5/25 10:49,2026/5/25 10:49
,210,55,4,2026/5/25 15:01,2026/5/25 15:01
,182,89,3,2026/5/25 15:30,2026/5/25 15:30
,214,146,3,2026/5/25 18:44,2026/5/25 18:44
,72,55,4,2026/5/25 20:35,2026/5/25 20:35
,143,177,4,2026/5/25 20:37,2026/5/25 20:37
,312,153,5,2026/5/26 0:24,2026/5/26 0:24
,299,171,5,2026/5/26 0:41,2026/5/26 0:41
,64,31,4,2026/5/26 10:35,2026/5/26 10:35
,198,85,4,2026/5/26 19:44,2026/5/26 19:44
,138,155,3,2026/5/26 21:33,2026/5/26 21:33
,21,108,4,2026/5/26 22:23,2026/5/26 22:23
,47,172,4,2026/5/27 19:32,2026/5/27 19:32
,214,23,4,2026/5/27 23:16,2026/5/27 23:16
,6,88,3,2026/5/28 4:34,2026/5/28 4:34
,82,14,3,2026/5/28 7:53,2026/5/28 7:53
,21,40,4,2026/5/28 22:43,2026/5/28 22:43
,307,26,3,2026/5/29 5:45,2026/5/29 5:45
,40,131,4,2026/5/29 20:21,2026/5/29 20:21
,54,129,4,2026/5/29 20:42,2026/5/29 20:42
,271,80,4,2026/5/29 22:44,2026/5/29 22:44
,299,4,5,2026/5/30 0:50,2026/5/30 0:50
,312,25,5,2026/5/30 10:21,2026/5/30 10:21
,188,113,3,2026/5/30 15:27,2026/5/30 15:27
,145,46,3,2026/5/30 18:53,2026/5/30 18:53
,141,12,4,2026/5/30 20:37,2026/5/30 20:37
,176,32,4,2026/5/30 20:38,2026/5/30 20:38
,229,44,5,2026/5/30 23:55,2026/5/30 23:55
,106,157,4,2026/5/31 1:01,2026/5/31 1:01
,182,122,3,2026/5/31 3:33,2026/5/31 3:33
,47,19,4,2026/5/31 5:52,2026/5/31 5:52
,312,132,5,2026/5/31 9:24,2026/5/31 9:24
,296,111,5,2026/5/31 11:08,2026/5/31 11:08
,22,128,3,2026/5/31 11:14,2026/5/31 11:14
,188,85,3,2026/5/31 11:51,2026/5/31 11:51
,184,140,5,2026/5/31 13:10,2026/5/31 13:10
,20,176,3,2026/5/31 14:26,2026/5/31 14:26
,54,148,4,2026/5/31 23:13,2026/5/31 23:13
,108,63,5,2026/6/1 3:30,2026/6/1 3:30
,53,45,3,2026/6/1 4:19,2026/6/1 4:19
,272,153,4,2026/6/1 7:47,2026/6/1 7:47
,128,65,3,2026/6/1 9:15,2026/6/1 9:15
,20,87,3,2026/6/1 12:10,2026/6/1 12:10
,158,71,5,2026/6/1 15:44,2026/6/1 15:44
,212,145,4,2026/6/1 23:03,2026/6/1 23:03
,108,98,5,2026/6/2 6:08,2026/6/2 6:08
,184,148,4,2026/6/2 17:21,2026/6/2 17:21
,64,33,5,2026/6/2 18:03,2026/6/2 18:03
,53,69,4,2026/6/2 21:36,2026/6/2 21:36
,90,39,4,2026/6/3 0:14,2026/6/3 0:14
,176,75,5,2026/6/3 4:41,2026/6/3 4:41
,146,175,4,2026/6/3 10:56,2026/6/3 10:56
,265,83,5,2026/6/3 13:00,2026/6/3 13:00
,128,175,3,2026/6/3 13:19,2026/6/3 13:19
,307,10,3,2026/6/4 3:28,2026/6/4 3:28
,229,145,5,2026/6/4 8:04,2026/6/4 8:04
,20,71,3,2026/6/4 11:35,2026/6/4 11:35
,22,66,4,2026/6/4 12:22,2026/6/4 12:22
,64,135,5,2026/6/4 12:51,2026/6/4 12:51
,9,130,4,2026/6/4 13:03,2026/6/4 13:03
,171,117,4,2026/6/4 13:47,2026/6/4 13:47
,21,130,4,2026/6/4 14:35,2026/6/4 14:35
,108,150,5,2026/6/4 19:16,2026/6/4 19:16
,67,134,4,2026/6/4 20:37,2026/6/4 20:37
,21,131,4,2026/6/4 21:48,2026/6/4 21:48
,97,83,4,2026/6/4 22:00,2026/6/4 22:00
,239,65,4,2026/6/4 22:31,2026/6/4 22:31
,138,47,3,2026/6/5 1:36,2026/6/5 1:36
,67,68,4,2026/6/5 3:36,2026/6/5 3:36
,3,107,5,2026/6/5 3:38,2026/6/5 3:38
,40,174,4,2026/6/5 5:03,2026/6/5 5:03
,299,129,4,2026/6/5 7:22,2026/6/5 7:22
,90,44,4,2026/6/5 10:08,2026/6/5 10:08
,158,143,4,2026/6/5 11:14,2026/6/5 11:14
,146,18,4,2026/6/5 11:24,2026/6/5 11:24
,82,152,3,2026/6/5 11:50,2026/6/5 11:50
,141,26,4,2026/6/5 12:23,2026/6/5 12:23
,153,9,4,2026/6/5 13:05,2026/6/5 13:05
,272,56,5,2026/6/5 14:53,2026/6/5 14:53
,146,80,3,2026/6/5 16:58,2026/6/5 16:58
,239,21,4,2026/6/5 21:34,2026/6/5 21:34
,20,158,2,2026/6/5 22:04,2026/6/5 22:04
,210,35,5,2026/6/6 0:45,2026/6/6 0:45
,185,41,3,2026/6/6 4:31,2026/6/6 4:31
,97,141,4,2026/6/6 4:48,2026/6/6 4:48
,296,179,5,2026/6/6 5:54,2026/6/6 5:54
,108,108,5,2026/6/6 6:14,2026/6/6 6:14
,176,23,4,2026/6/6 6:55,2026/6/6 6:55
,145,89,3,2026/6/6 9:21,2026/6/6 9:21
,171,9,4,2026/6/6 10:13,2026/6/6 10:13
,64,119,4,2026/6/6 12:00,2026/6/6 12:00
,40,130,5,2026/6/6 12:06,2026/6/6 12:06
,171,67,4,2026/6/6 12:53,2026/6/6 12:53
,153,178,3,2026/6/6 14:02,2026/6/6 14:02
,138,157,3,2026/6/6 14:05,2026/6/6 14:05
,125,88,4,2026/6/6 15:11,2026/6/6 15:11
,198,64,5,2026/6/6 16:24,2026/6/6 16:24
,20,113,3,2026/6/6 17:11,2026/6/6 17:11
,138,124,2,2026/6/6 18:20,2026/6/6 18:20
,3,124,5,2026/6/6 19:51,2026/6/6 19:51
,184,27,4,2026/6/6 19:57,2026/6/6 19:57
,307,168,4,2026/6/6 21:47,2026/6/6 21:47
,125,122,4,2026/6/6 22:26,2026/6/6 22:26
,212,177,4,2026/6/6 23:25,2026/6/6 23:25
,146,141,4,2026/6/6 23:59,2026/6/6 23:59
,184,76,5,2026/6/7 0:29,2026/6/7 0:29
,254,85,5,2026/6/7 2:48,2026/6/7 2:48
,265,126,5,2026/6/7 3:05,2026/6/7 3:05
,307,174,4,2026/6/7 3:10,2026/6/7 3:10
,20,111,3,2026/6/7 9:21,2026/6/7 9:21
,53,99,3,2026/6/7 10:16,2026/6/7 10:16
,54,41,4,2026/6/7 14:49,2026/6/7 14:49
,146,150,4,2026/6/7 15:54,2026/6/7 15:54
,184,135,4,2026/6/7 19:01,2026/6/7 19:01
,125,60,5,2026/6/7 19:29,2026/6/7 19:29
,90,78,4,2026/6/7 23:36,2026/6/7 23:36
,3,58,5,2026/6/8 0:39,2026/6/8 0:39
,254,152,5,2026/6/8 2:12,2026/6/8 2:12
,141,144,4,2026/6/8 2:23,2026/6/8 2:23
,40,179,5,2026/6/8 3:07,2026/6/8 3:07
,176,176,4,2026/6/8 4:35,2026/6/8 4:35
,90,96,4,2026/6/8 4:35,2026/6/8 4:35
,272,134,5,2026/6/8 4:47,2026/6/8 4:47
,47,153,3,2026/6/8 6:13,2026/6/8 6:13
,154,21,5,2026/6/8 7:15,2026/6/8 7:15
,72,114,4,2026/6/8 8:11,2026/6/8 8:11
,92,36,5,2026/6/8 13:39,2026/6/8 13:39
,272,109,5,2026/6/8 15:54,2026/6/8 15:54
,90,94,4,2026/6/8 17:16,2026/6/8 17:16
,210,20,4,2026/6/8 20:10,2026/6/8 20:10
,272,5,4,2026/6/8 20:45,2026/6/8 20:45
,53,113,3,2026/6/8 21:38,2026/6/8 21:38
,106,124,3,2026/6/8 23:29,2026/6/8 23:29
,272,31,5,2026/6/9 4:36,2026/6/9 4:36
,53,106,3,2026/6/9 5:51,2026/6/9 5:51
,299,162,5,2026/6/9 6:48,2026/6/9 6:48
,176,55,4,2026/6/9 6:53,2026/6/9 6:53
,283,78,4,2026/6/9 11:09,2026/6/9 11:09
,138,56,3,2026/6/9 11:28,2026/6/9 11:28
,90,7,4,2026/6/9 12:13,2026/6/9 12:13
,90,27,4,2026/6/9 13:35,2026/6/9 13:35
,141,171,4,2026/6/9 15:05,2026/6/9 15:05
,64,177,5,2026/6/9 15:57,2026/6/9 15:57
,210,72,5,2026/6/9 16:17,2026/6/9 16:17
,185,98,3,2026/6/9 17:01,2026/6/9 17:01
,90,92,4,2026/6/9 18:47,2026/6/9 18:47
,171,118,4,2026/6/9 19:42,2026/6/9 19:42
,210,107,5,2026/6/9 19:45,2026/6/9 19:45
,229,12,5,2026/6/9 22:19,2026/6/9 22:19
,271,168,4,2026/6/10 0:18,2026/6/10 0:18
,299,24,5,2026/6/10 3:11,2026/6/10 3:11
,283,99,4,2026/6/10 3:31,2026/6/10 3:31
,265,87,5,2026/6/10 7:57,2026/6/10 7:57
,90,139,4,2026/6/10 8:47,2026/6/10 8:47
,61,176,5,2026/6/10 9:21,2026/6/10 9:21
,125,161,4,2026/6/10 11:32,2026/6/10 11:32
,188,143,4,2026/6/10 14:06,2026/6/10 14:06
,212,166,3,2026/6/10 16:01,2026/6/10 16:01
,9,92,4,2026/6/10 17:06,2026/6/10 17:06
,171,24,4,2026/6/10 20:02,2026/6/10 20:02
,210,24,5,2026/6/10 20:56,2026/6/10 20:56
,188,167,3,2026/6/10 21:30,2026/6/10 21:30
,125,116,4,2026/6/10 21:33,2026/6/10 21:33
,3,127,4,2026/6/10 22:14,2026/6/10 22:14
,21,50,3,2026/6/10 23:03,2026/6/10 23:03
,108,17,5,2026/6/10 23:10,2026/6/10 23:10
,108,105,5,2026/6/10 23:52,2026/6/10 23:52
