id,diary_id,media_type,file_url,file_name,sort_no
,1,image,http://pic1.huashichang.com/2015/1222/22/56795a6a9515f.jpg,diary_1_1_梧桐岭风景区_e6b5fec1.jpg,1
,2,image,https://so1.360tres.com/t01738b97e474924bb2.jpg,diary_2_1_悦美术馆_a500710a.jpg,1
,3,image,https://www.beijing.gov.cn/tsbj/sxym/202210/W020221010544871760503.jpg,diary_3_1_北京金台艺术馆_79f6b1bf.jpg,1
,3,image,https://n.sinaimg.cn/sinakd20221114s/128/w2048h1280/20221114/8488-335f7422ed78bcc43b8c810785ace064.jpg,diary_3_2_北京金台艺术馆_72d8376e.jpg,2
,4,image,https://www.theseikoguy.com/media/movements/1/1220A_caliber_jp_1.jpg,diary_4_1_阳平会馆戏楼_172d6112.jpg,1
,5,image,https://www.beijing.gov.cn/tsbj/sxym/202210/W020221010544871760503.jpg,diary_5_1_广济寺_ecac070e.jpg,1
,6,image,http://n.sinaimg.cn/sinakd20201031ac/613/w744h669/20201031/f845-kcieyvy9352544.png,diary_6_1_兰花文化休闲公园_04966da7.png,1
,7,image,https://pic.616pic.com/ys_img/00/90/20/2MrutHUaEY.jpg,diary_7_1_中国传媒博物馆_7f3a1686.jpg,1
,7,image,https://img.alicdn.com/imgextra/i3/849090736/O1CN01ZricWv1HJ8PG1NIDm_!!849090736.jpg,diary_7_2_中国传媒博物馆_b6f0783b.jpg,2
,8,image,https://www.beijing.gov.cn/tsbj/sxym/202210/W020221010544871760503.jpg,diary_8_1_北京朝阳剧场_cd1e8aec.jpg,1
,9,image,http://www.mobanjing.com/down/jpg/b36ca13e3392f3a15e186de90d153839.jpg,diary_9_1_和敬公主府_a82307cc.jpg,1
,10,image,https://image2.znzmo.com/1733331724129_4636.jpeg?x-oss-process=style/detail,diary_10_1_绮望楼_6e1bab78.jpeg,1
,10,image,http://map.cgahz.com/uploads/soft/150609/1-150609154027.jpg,diary_10_2_绮望楼_cc231477.jpg,2
,11,image,http://n.sinaimg.cn/sinacn10101/150/w2000h1350/20190702/a485-hzfeken7955678.jpg,diary_11_1_北京孔庙_ca4e1313.jpg,1
,12,image,https://www.beijing.gov.cn/tsbj/sxym/202210/W020221010544871760503.jpg,diary_12_1_北京国际露营公园_c27df2d0.jpg,1
,13,image,https://www.jingan.gov.cn/main/f342d1df-5120-448c-bdd0-d1a3d355724b/bb7df15f-ea3f-4b13-b1ea-ae339d23091c/Aspose.Words.b745d952-44aa-419a-a6e0-8643edf8fa51.002.jpeg,diary_13_1_运河苑温泉水世界_245bb21f.jpeg,1
,14,image,https://c-ssl.duitang.com/uploads/item/202003/25/20200325233543_Y4Vi2.jpeg,diary_14_1_梨园剧场_df8f72a6.jpeg,1
,15,image,https://img95.699pic.com/photo/60050/3599.jpg_wh860.jpg,diary_15_1_繁星戏剧村_6e339807.jpg,1
,16,image,http://www.sex9269.net/wp-content/uploads/2023/11/桃園外送茶荳荳.jpg,diary_16_1_大韵堂美术馆_4f2f6d37.jpg,1
,17,image,http://k.sinaimg.cn/n/sinakd20260422s/88/w1080h608/20260422/0a50-bea8efacba20078f2863e3751af5f714.jpg/w700d1q75cms.jpg,diary_17_1_东方梅地亚中心M剧场_f8d9189b.jpg,1
,18,image,https://images.900.tw/upload_file/other_album/201602/393471.png,diary_18_1_三羊古火山景区_14be69bd.png,1
,19,image,https://www.beijing.gov.cn/tsbj/sxym/202210/W020221010544871760503.jpg,diary_19_1_海豚湾婴幼儿水育馆_ac3e1921.jpg,1
,20,image,http://n.sinaimg.cn/sinacn/w399h287/20171202/421f-fypikwt3785944.jpg,diary_20_1_聚灵峡景区_0c897cc0.jpg,1
,21,image,https://font.hanyuguoxue.com/kai400/125/767d.png,diary_21_1_白浮泉湿地公园_4e73817c.png,1
,21,image,https://font.hanyuguoxue.com/swjz4/400/125/30333.png,diary_21_2_白浮泉湿地公园_f65f8d18.png,2
,22,image,https://www.beijing.gov.cn/tsbj/sxym/202210/W020221010544871760503.jpg,diary_22_1_斋堂城遗址_91201708.jpg,1
,23,image,https://poki.us.org/wp-content/uploads/2025/07/Level-Devil-1024x1024.png,diary_23_1_养心殿_ad2e24c7.png,1
,24,image,https://stat.ameba.jp/user_images/20250302/19/likun0061/07/f0/j/o0579077915550188029.jpg,diary_24_1_松榆里公园_7205775a.jpg,1
,24,image,https://pic2.zhimg.com/v2-6a86f52bd2aa3ae08c940a0628943789_r.jpg,diary_24_2_松榆里公园_ef7f0f47.jpg,2
,25,image,https://kosgames.com/wp-content/uploads/2024/04/miss-neko-pirates-guide-1001712373177.jpg,diary_25_1_昊天公园_ab004c52.jpg,1
,26,image,http://n.sinaimg.cn/sinakd20117/276/w640h436/20230407/8998-c9e850bfb654023868a4988006a38ff0.jpg,diary_26_1_槐新公园_f2030aa4.jpg,1
,27,image,https://www.beijing.gov.cn/tsbj/sxym/202210/W020221010544871760503.jpg,diary_27_1_北京国际汽车露营公园_ae0a6273.jpg,1
,28,image,https://c-ssl.duitang.com/uploads/item/202002/11/20200211145139_gijnr.jpg,diary_28_1_朝来农艺园_e2eb213f.jpg,1
,28,image,https://c-ssl.duitang.com/uploads/blog/202107/25/20210725190500_de490.jpeg,diary_28_2_朝来农艺园_17823ea8.jpeg,2
,29,image,http://n.sinaimg.cn/sinacn/w640h331/20180304/5146-fxipenm8037045.jpg,diary_29_1_总理衙门_644719e0.jpg,1
,30,image,https://c-ssl.duitang.com/uploads/blog/202309/27/wgSJpoDPs98YlLo.jpg,diary_30_1_轩辕台_1b8b6563.jpg,1
,31,image,https://www.beijing.gov.cn/tsbj/sxym/202210/W020221010544871760503.jpg,diary_31_1_北京四季青果林所观光采摘园_0855e008.jpg,1
,31,image,https://n.sinaimg.cn/sinakd20221114s/128/w2048h1280/20221114/8488-335f7422ed78bcc43b8c810785ace064.jpg,diary_31_2_北京四季青果林所观光采摘园_c7109745.jpg,2
,32,image,http://oss.suruixiaoyuan.com/M210309114632384/20230802/5df66b86-a0c8-4850-841d-e6fb3be02e99.jpg,diary_32_1_东润鑫艺园_3e713348.jpg,1
,33,image,https://c-ssl.duitang.com/uploads/item/202002/11/20200211145139_gijnr.jpg,diary_33_1_朝来农艺园_2c2d0559.jpg,1
,34,image,http://n.sinaimg.cn/sinacn/w640h331/20180304/5146-fxipenm8037045.jpg,diary_34_1_十三陵·定陵_d5b68af3.jpg,1
,35,image,https://n.sinaimg.cn/sinacn10100/160/w1920h1440/20190930/a0d6-ifffquq1547807.jpg,diary_35_1_泾县会馆旧址_01445eca.jpg,1
,35,image,http://photocdn.sohu.com/20150521/Img413493340.jpg,diary_35_2_泾县会馆旧址_239710b3.jpg,2
,36,image,https://img95.699pic.com/element/40136/9017.png_860.png,diary_36_1_漪澜堂_19c20d11.png,1
,37,image,http://n.sinaimg.cn/sinacn/w640h331/20180304/5146-fxipenm8037045.jpg,diary_37_1_总理衙门_4e056cfe.jpg,1
,38,image,http://youimg1.c-ctrip.com/target/fd/tg/g6/M0A/1E/CD/CggYslcU3xiAJsWzABoF-1hOCmE954.jpg,diary_38_1_国子监街_7748d81d.jpg,1
,38,image,http://youimg1.c-ctrip.com/target/fd/tg/g5/M0B/19/5B/CggYsFcU32WAPd8qAA15kDH1TGI241.jpg,diary_38_2_国子监街_2895ca44.jpg,2
,39,image,https://www.beijing.gov.cn/tsbj/sxym/202210/W020221010544871760503.jpg,diary_39_1_北京卧佛寺_c94f0968.jpg,1
,40,image,http://img.qqzhi.com/i/0a3934896176x1462951401b253.jpg,diary_40_1_太扬公园_35a49ddd.jpg,1
,41,image,http://n.sinaimg.cn/sinacn10117/269/w518h551/20191226/e463-imfiehq4483928.jpg,diary_41_1_将军石_fbcd2415.jpg,1
,42,image,https://kosgames.com/wp-content/uploads/2024/04/miss-neko-pirates-guide-1001712373177.jpg,diary_42_1_昊天公园_8965ad08.jpg,1
,43,image,https://img.shetu66.com/2024/03/02/170937954345550847.png,diary_43_1_保和殿_874159ea.png,1
,44,image,https://img95.699pic.com/photo/60080/1770.jpg_wh860.jpg,diary_44_1_古北水镇_01cce804.jpg,1
,45,image,https://takefun.tw/wp-content/uploads/2026/01/VS-YouTube-000.jpg,diary_45_1_大公主府_a9e94488.jpg,1
,45,image,http://9453tea.com/userfiles/20230825/20230825031439808.png,diary_45_2_大公主府_09a444f8.png,2
,46,image,https://www.beijing.gov.cn/tsbj/sxym/202210/W020221010544871760503.jpg,diary_46_1_北京市城市街区24小时自助图书馆_300ca477.jpg,1
,47,image,https://www.beijing.gov.cn/tsbj/sxym/202210/W020221010544871760503.jpg,diary_47_1_正阳美术馆_a150e5b3.jpg,1
,48,image,https://www.beijing.gov.cn/tsbj/sxym/202210/W020221010544871760503.jpg,diary_48_1_北京剧院_cb79941c.jpg,1
,49,image,"https://img-blog.csdnimg.cn/20200221100104662.png?x-oss-process=image/watermark,type_ZmFuZ3poZW5naGVpdGk,shadow_10,text_aHR0cHM6Ly9ibG9nLmNzZG4ubmV0L0JvYl9feXVhbg==,size_16,color_FFFFFF,t_70",diary_49_1_田义墓_a561332e.png,1
,50,image,http://n.sinaimg.cn/sinacn10117/269/w518h551/20191226/e463-imfiehq4483928.jpg,diary_50_1_将军坨风景区_76b2077d.jpg,1
,51,image,https://cbu01.alicdn.com/img/ibank/O1CN01sxrpM02KoE8x51Ett_!!2212153849603-0-cib.310x310.jpg,diary_51_1_沙古堆大樱桃专业合作社_8ef2fce0.jpg,1
,52,image,https://www.beijing.gov.cn/tsbj/sxym/202210/W020221010544871760503.jpg,diary_52_1_京香绿谷观光采摘园_67ef7efe.jpg,1
,52,image,https://n.sinaimg.cn/sinakd20221114s/128/w2048h1280/20221114/8488-335f7422ed78bcc43b8c810785ace064.jpg,diary_52_2_京香绿谷观光采摘园_275c4c0b.jpg,2
,53,image,http://www.sex9269.net/wp-content/uploads/2023/11/桃園外送茶荳荳.jpg,diary_53_1_十三陵·景陵_b9bedddb.jpg,1
,54,image,https://media.timeout.com/images/105705255/image.jpg,diary_54_1_狼窝港密檐塔_b6969259.jpg,1
,55,image,https://big.justeasy.cn/large/tietu/201803/20180319214604_5aafbf1c20ffb.jpg,diary_55_1_乾清门_bde0f23b.jpg,1
,56,image,http://n.sinaimg.cn/sinacn12/97/w2048h2049/20180427/3235-fztkpip1337170.jpg,diary_56_1_仪亲王府_c4e93f6e.jpg,1
,57,image,https://d.ifengimg.com/q100/img1.ugc.ifeng.com/newugc/20200705/11/wemedia/6602545343b3ca2bd062941d4859768166cccda2_size270_w1046_h697.jpg,diary_57_1_郑王府_e60dbe42.jpg,1
,58,image,https://www.beijing.gov.cn/tsbj/sxym/202210/W020221010544871760503.jpg,diary_58_1_北京市东南城角角楼文物保管所_84a6e376.jpg,1
,59,image,http://n.sinaimg.cn/sinacn20107/549/w600h749/20190427/07db-hvvuiyp2168388.jpg,diary_59_1_正乙祠_e9bc3af3.jpg,1
,59,image,http://www.finebornchina.cn/uploads/allimg/140430/1-140430150445413.jpg,diary_59_2_正乙祠_e8d84102.jpg,2
,60,image,http://youimg1.c-ctrip.com/target/fd/tg/g4/M05/28/03/CggYHlZG8W-ARQXcAAWHYbqOvY4398.jpg,diary_60_1_蟹岛绿色生态农庄_5a8bb98e.jpg,1
,61,image,http://www.chinakong.com/upload/upload13/201302051739338.jpg,diary_61_1_十三陵·泰陵_c2c5ec42.jpg,1
,62,image,https://www.beijing.gov.cn/tsbj/sxym/202210/W020221010544871760503.jpg,diary_62_1_香水苑公园_55d3f1e2.jpg,1
,63,image,https://imagepphcloud.thepaper.cn/pph/image/85/933/79.jpg,diary_63_1_翠城公园_8e8ebb11.jpg,1
,64,image,http://img.netbian.com/file/2024/1206/small1023368vf0e1733451816.jpg,diary_64_1_大钟寺古钟博物馆_988dd596.jpg,1
,65,image,http://k.sinaimg.cn/n/sinakd20110/0/w1024h576/20240326/c3b8-82d501895dd2c5c92339df4e4edbd640.jpg/w700d1q75cms.jpg?by=cms_fixed_width,diary_65_1_龙仙宫旅游景区_2882b216.jpg,1
,66,image,https://www.beijing.gov.cn/tsbj/sxym/202210/W020221010544871760503.jpg,diary_66_1_北京红螺湖鸟岛_7917e313.jpg,1
,66,image,https://n.sinaimg.cn/sinakd20221114s/128/w2048h1280/20221114/8488-335f7422ed78bcc43b8c810785ace064.jpg,diary_66_2_北京红螺湖鸟岛_24c4abe7.jpg,2
,67,image,https://img.shetu66.com/2023/04/04/1680590359304203.jpg,diary_67_1_紫谷伊甸园_315f4624.jpg,1
,68,image,https://static.independent.co.uk/s3fs-public/thumbnails/image/2013/03/11/19/3.2.reut.jpg?quality=75&width=1200&auto=webp,diary_68_1_立思辰公园_8ea26ea3.jpg,1
,69,image,https://gjjlc.bua.edu.cn/images/22/09/13/1qv0mjzjov/1.jpeg,diary_69_1_国际金融博物馆_c4ff53a0.jpeg,1
,70,image,https://www.beijing.gov.cn/tsbj/sxym/202210/W020221010544871760503.jpg,diary_70_1_曹雪芹纪念馆_4866a4e3.jpg,1
,70,image,https://n.sinaimg.cn/sinakd20221114s/128/w2048h1280/20221114/8488-335f7422ed78bcc43b8c810785ace064.jpg,diary_70_2_曹雪芹纪念馆_acacaee7.jpg,2
,71,image,http://www.sex9269.net/wp-content/uploads/2023/11/桃園外送茶荳荳.jpg,diary_71_1_北大赛克勒考古与艺术博物馆_32c0af40.jpg,1
,72,image,https://cdn2.oceansbridge.com/2017/11/04162907/Lady-in-the-Garden-Abbott-Fuller-Graves-oil-painting.jpg,diary_72_1_验粮楼_8ff702b2.jpg,1
,73,image,https://www.jingan.gov.cn/main/f342d1df-5120-448c-bdd0-d1a3d355724b/bb7df15f-ea3f-4b13-b1ea-ae339d23091c/Aspose.Words.b745d952-44aa-419a-a6e0-8643edf8fa51.002.jpeg,diary_73_1_运河苑温泉水世界_1a4a4bc4.jpeg,1
,74,image,https://pic4.zhimg.com/50/v2-6c94dedd27de785240897106e5de69fa_hd.jpg?source=1940ef5c,diary_74_1_朝阳区绿风碧野农庄_f0b1dc50.jpg,1
,75,image,http://pic.fxsw.net/up/2022-2/16442196068034101.jpg,diary_75_1_蟠龙山长城_67fd2da7.jpg,1
,76,image,https://bestlifeonline.com/wp-content/uploads/sites/3/2018/06/cat-meme-94.jpg?quality=82&strip=all,diary_76_1_三圣庵_23d63e8a.jpg,1
,77,image,http://n.sinaimg.cn/sinacn20123/108/w1023h685/20190516/3542-hwzkfpu7225205.jpg,diary_77_1_中国科学技术馆_321f0a14.jpg,1
,77,image,http://n.sinaimg.cn/sinacn13/452/w1654h1998/20180516/b689-harvfht7225618.jpg,diary_77_2_中国科学技术馆_e9f7d258.jpg,2
,78,image,https://media.timeout.com/images/105705255/image.jpg,diary_78_1_狼窝港密檐塔_06692fb5.jpg,1
,79,image,http://n.sinaimg.cn/sinacn20123/108/w1023h685/20190516/3542-hwzkfpu7225205.jpg,diary_79_1_中国第四纪冰川遗迹陈列馆_6ec7efa1.jpg,1
,80,image,https://tb-static.uber.com/prod/image-proc/processed_images/6a307e8a026f66dcd2f30d49f21cf086/16bb0a3ab8ea98cfe8906135767f7bf4.jpeg,diary_80_1_绿堤公园_d8658ae9.jpeg,1
,80,image,https://tb-static.uber.com/prod/image-proc/processed_images/d73f15c38e0ba282f622e2b237ddb2a0/3ac2b39ad528f8c8c5dc77c59abb683d.jpeg,diary_80_2_绿堤公园_d58d3f71.jpeg,2
,81,image,https://cbu01.alicdn.com/img/ibank/O1CN01tcaRS11qa5goJsy4D_!!2850725511-0-cib.jpg,diary_81_1_鹿世界主题园景区_38e58a27.jpg,1
,82,image,https://so1.360tres.com/t017e40a5c3d0be2a67.jpg,diary_82_1_姚家园公园_b47beb0f.jpg,1
,83,image,https://lonestarblower.com/wp-content/uploads/2021/05/GC-Centrifugal-Compressor-major_components-control-panel-side-1024x599.png,diary_83_1_门头沟京浪岛公园_340aacce.png,1
,84,image,https://pic.nximg.cn/file/20230412/34358862_151855195107_2.jpg,diary_84_1_鹰山森林公园_40fae46b.jpg,1
,84,image,https://pic.nximg.cn/file/20220815/33331825_174411421124_2.jpg,diary_84_2_鹰山森林公园_d294a4b3.jpg,2
,85,image,http://lishisxk.com/d/file/titlepic/d/file/titlepic/20200605/zw43fdfhsk1.jpg,diary_85_1_拉斐特城堡公园_da55c592.jpg,1
,86,image,https://tianjipict.tianjigu.com:5443/strategy/20231123/2508a196-477c-487c-8ced-478f987ab065.jpg,diary_86_1_燕墩公园_f7dc3da9.jpg,1
,87,image,https://img.zcool.cn/community/031771262e78dc00002c45e3777db36.jpg,diary_87_1_第四次世界妇女大会纪念公园_ad91e91d.jpg,1
,88,image,https://www.beijing.gov.cn/tsbj/sxym/202210/W020221010544871760503.jpg,diary_88_1_北京爱情海玫瑰文化博览园_64932bfe.jpg,1
,89,image,https://img.alicdn.com/i2/2732475049/O1CN018EtrXS1nAUZelPyCx_!!2732475049.png,diary_89_1_顺成公园_8eb71864.png,1
,90,image,https://cbu01.alicdn.com/img/ibank/O1CN01UrqPkF1DscZVZf1ld_!!3900040272-0-cib.jpg?__r__=1684977883529,diary_90_1_十三陵·献陵_6558b9f7.jpg,1
,91,image,http://youimg1.c-ctrip.com/target/10020a0000004e3u70F7A.jpg,diary_91_1_卢沟桥_4695b85e.jpg,1
,91,image,https://img1.qunarzz.com/travel/d2/1505/87/15147287e64e3.jpg_r_480x360x95_b89b8578.jpg,diary_91_2_卢沟桥_ef2ddac7.jpg,2
,92,image,http://www.quazero.com/uploads/allimg/140305/1-140305131415.jpg,diary_92_1_德胜门箭楼_49ac367e.jpg,1
,93,image,https://dconc.cug.edu.cn/__local/6/6D/D5/298F53678FD94682684DFAEF4B8_B772BD7F_45780.jpg?e=.jpg,diary_93_1_柳沟民俗旅游度假区_9bf5f0a5.jpg,1
,94,image,https://img.shetu66.com/2024/03/02/170937954345550847.png,diary_94_1_保和殿_d815cf9b.png,1
,95,image,https://oss-emcsprod-public.modb.pro/image/editor/20240625-1fd4d2dd-1557-4471-9a9b-df49e102c105.png,diary_95_1_京东大溶洞_eebd12ab.png,1
,96,image,https://image2.znzmo.com/1701339710020_1918.jpeg?x-oss-process=style/detail,diary_96_1_垡头科普文化公园_db8650ce.jpeg,1
,97,image,http://n.sinaimg.cn/sinakd20241112s/300/w720h380/20241112/5364-78a6569bf64b115aad45ec3626b11e44.jpg,diary_97_1_碧水风荷公园_00376668.jpg,1
,98,image,https://pic4.zhimg.com/v2-e265082b7e92b75a93567ce12e8fb24d_1440w.jpg,diary_98_1_梁启超墓_94114894.jpg,1
,99,image,https://www.beijing.gov.cn/tsbj/sxym/202210/W020221010544871760503.jpg,diary_99_1_北京温泉公园_47f28b1a.jpg,1
,100,image,https://k.sinaimg.cn/n/sinakd10109/150/w1170h580/20260211/266e-e673ed5a02386b71c6098063daffbe58.png/w700d1q75cms.jpg?by=cms_fixed_width,diary_100_1_民族文化宫_64e498d6.jpg,1
,101,image,http://n.sinaimg.cn/sinacn22/290/w1080h810/20180801/b1f1-hhehtqf1252326.jpg,diary_101_1_桥舍画廊_eb0f493a.jpg,1
,101,image,https://k.sinaimg.cn/n/sinakd10110/301/w640h461/20220709/cfb6-399e37029c4b3f1fbf3659c4d664dfb3.jpg/w700d1q75cms.jpg,diary_101_2_桥舍画廊_3d44a37f.jpg,2
,102,image,https://www.beijing.gov.cn/tsbj/sxym/202210/W020221010544871760503.jpg,diary_102_1_大兴古桑国家森林公园_066bac00.jpg,1
,103,image,https://media.9game.cn/gamebase/ieu-gdc-pre-process/images/20250619/4/20/72ea142a036017f42a62da78d8ea7933.png,diary_103_1_棺材山_cb45c460.png,1
,104,image,https://pic.ntimg.cn/file/20241221/35479210_190355386137_2.jpg,diary_104_1_盘龙瀑自然风景区_32642cd4.jpg,1
,105,image,https://www.beijing.gov.cn/tsbj/sxym/202210/W020221010544871760503.jpg,diary_105_1_北京射击馆_c48dd4be.jpg,1
,105,image,https://n.sinaimg.cn/sinakd20221114s/128/w2048h1280/20221114/8488-335f7422ed78bcc43b8c810785ace064.jpg,diary_105_2_北京射击馆_90cbbedb.jpg,2
,106,image,https://www.beijing.gov.cn/tsbj/sxym/202210/W020221010544871760503.jpg,diary_106_1_北京首都体育馆_55b8ab49.jpg,1
,107,image,https://www.beijing.gov.cn/tsbj/sxym/202210/W020221010544871760503.jpg,diary_107_1_康心体育乐园_cec11f77.jpg,1
,108,image,http://k.sinaimg.cn/n/front/630/w640h790/20190321/TnO0-huqrnan4802961.jpg/w700d1q75cms.jpg,diary_108_1_琦峰山国家森林公园_f0440278.jpg,1
,108,image,http://k.sinaimg.cn/n/front/266/w640h426/20190126/wcIx-hsccyrt3122225.jpg/w700d1q75cms.jpg?by=cms_fixed_width,diary_108_2_琦峰山国家森林公园_5c8ac648.jpg,2
,109,image,https://www.beijing.gov.cn/tsbj/sxym/202210/W020221010544871760503.jpg,diary_109_1_北京鳞龙山自然风景区_003843c6.jpg,1
,110,image,https://fwfile-1257474221.cos.ap-shanghai.myqcloud.com/weixinimg_temp/2026/20260609/60b5ed136d5fc941c1752b273d82b457.jpg,diary_110_1_国家图书馆_83eb87ea.jpg,1
,111,image,http://coresos.phinf.naver.net/a/370hi8/3_g96Ud018svc1bye1lz22rqm7_w99y94.jpg,diary_111_1_Art_Once自助画室_7a4179c1.jpg,1
,112,image,https://ossweb-img.qq.com/upload/webplat/info/mir/20190905/27931128199180.jpg,diary_112_1_传奇小剧场_279da116.jpg,1
,112,image,https://x0.ifengimg.com/res/2020/28773A828C0C367FA88920A3070656650F202324_size152_w640_h384.jpeg,diary_112_2_传奇小剧场_234e8361.jpeg,2
,113,image,https://img95.699pic.com/photo/50000/3794.jpg_wh860.jpg,diary_113_1_墙子路长城_26610d7b.jpg,1
,114,image,https://pic.nximg.cn/file/20221126/29139500_095041448102_2.jpg,diary_114_1_东岳娘娘庙_dce9c673.jpg,1
,115,image,https://www.beijing.gov.cn/tsbj/sxym/202210/W020221010544871760503.jpg,diary_115_1_富国海底世界_9b7e192f.jpg,1
,115,image,https://n.sinaimg.cn/sinakd20221114s/128/w2048h1280/20221114/8488-335f7422ed78bcc43b8c810785ace064.jpg,diary_115_2_富国海底世界_e654b9e6.jpg,2
,116,image,http://n.sinaimg.cn/sinacn20123/108/w1023h685/20190516/3542-hwzkfpu7225205.jpg,diary_116_1_中国评剧大剧院_6b0bc76d.jpg,1
,117,image,https://www.beijing.gov.cn/tsbj/sxym/202210/W020221010544871760503.jpg,diary_117_1_北京梅兰芳大剧院_eb6d809f.jpg,1
,118,image,http://img.pconline.com.cn/images/upload/upc/tx/wallpaper/1209/03/c0/13563848_1346646029371.jpg,diary_118_1_福海文博园_e9739295.jpg,1
,119,image,https://pic.nximg.cn/file/20221229/34448238_194810001108_2.jpg,diary_119_1_蓝天牧场_6f648563.jpg,1
,119,image,https://pic.nximg.cn/file/20230413/32226218_090413169122_2.jpg,diary_119_2_蓝天牧场_00d45c32.jpg,2
,120,image,https://n.sinaimg.cn/sinakd20122/108/w1024h684/20230420/8945-11a85ecf5f17d65737f3b9c4e41ceecc.jpg,diary_120_1_中华小吃博物馆_4fce9677.jpg,1
,121,image,http://5b0988e595225.cdn.sohucs.com/images/20200314/2fc203c7a318412689f83c8f08b1830d.jpeg,diary_121_1_延庆迎宾公园_2a0e3f6f.jpeg,1
,122,image,http://www.cmiw.cn/data/attachment/forum/202104/13/221420yrlaml552yrlq5zi.jpg,diary_122_1_贡院_71974049.jpg,1
,123,image,http://i1.hoopchina.com.cn/user/813/3500813/1268619697cd3af.jpg,diary_123_1_德胜公园_91e5325c.jpg,1
,124,image,https://so1.360tres.com/t017e40a5c3d0be2a67.jpg,diary_124_1_姚家园公园_00f9a39d.jpg,1
,125,image,https://www.beijing.gov.cn/tsbj/sxym/202210/W020221010544871760503.jpg,diary_125_1_北京国际核桃庄园_df4e5c7c.jpg,1
,126,image,https://www.renwuji.com/wp-content/uploads/images/2022/12/27/45cb1825601644cbbfa7ec0a67b6b68e~noop_1fwboinntfr.png,diary_126_1_百川山庄_c082859a.png,1
,127,image,https://www.beijing.gov.cn/tsbj/sxym/202210/W020221010544871760503.jpg,diary_127_1_北京金地庄园_e556a6ef.jpg,1
,128,image,https://img95.699pic.com/photo/60074/8983.jpg_wh860.jpg,diary_128_1_林白水故居_5a636cbf.jpg,1
,129,image,http://n.sinaimg.cn/sinakd20230805ac/731/w1078h453/20230805/b2bd-d6162524154a9de8b52e411b6e1b2afb.jpg,diary_129_1_齐白石故居_0f65fe5c.jpg,1
,130,image,http://n.sinaimg.cn/sinacn21/554/w638h716/20180626/6cb8-hencxtu7068906.jpg,diary_130_1_英雄大道_1b2fad22.jpg,1
,131,image,https://www.beijing.gov.cn/tsbj/sxym/202210/W020221010544871760503.jpg,diary_131_1_北京奇域梦相4D艺术馆_0c89d105.jpg,1
,132,image,https://img95.699pic.com/photo/50465/4467.jpg_wh860.jpg,diary_132_1_金源娱乐园_6635bf5b.jpg,1
,133,image,https://r1.visitbeijing.com.cn/vbj-s/2022/0424/6a6ed6748823acc89625db37566b181e.jpg,diary_133_1_北京环球度假区_5c77771e.jpg,1
,133,image,http://n.sinaimg.cn/sinakd20220926s/642/w721h721/20220926/f9c8-9db9db1d3c34c8facd8fc383519c19fb.jpg,diary_133_2_北京环球度假区_6d515e37.jpg,2
,134,image,http://n.sinaimg.cn/sinacn10101/150/w2000h1350/20190702/a485-hzfeken7955678.jpg,diary_134_1_北京孔庙_b58bcf0a.jpg,1
,135,image,https://www.xcmg.com/upload/images/2024/05/06/9e89e3b7b5b74848ba7e84bd94a7b460.png,diary_135_1_永定楼_e137db37.png,1
,136,image,http://5b0988e595225.cdn.sohucs.com/images/20190711/36bc798bbf794928b6c03f1b7bb07fea.jpeg,diary_136_1_昆明湖_d623f511.jpeg,1
,137,image,https://c-ssl.duitang.com/uploads/item/201812/02/20181202084244_yigsr.jpg,diary_137_1_朝宗桥公园_0ca647aa.jpg,1
,138,image,http://img95.699pic.com/element/40099/2984.png_860.png,diary_138_1_珍珠湖景区_f2a24906.png,1
,139,image,https://so1.360tres.com/t019dd12a639d61047a.png,diary_139_1_独秀峰_266d1c1d.png,1
,140,image,http://n.sinaimg.cn/sinacn10101/150/w2000h1350/20190702/a485-hzfeken7955678.jpg,diary_140_1_北京孔庙_0dc0087d.jpg,1
,140,image,http://n.sinaimg.cn/sinacn10101/150/w2000h1350/20190702/e18b-hzfeken7955211.jpg,diary_140_2_北京孔庙_9fa6b586.jpg,2
,141,image,http://5b0988e595225.cdn.sohucs.com/images/20190711/36bc798bbf794928b6c03f1b7bb07fea.jpeg,diary_141_1_昆明湖_8e011c65.jpeg,1
,142,image,https://kosgames.com/wp-content/uploads/2024/04/miss-neko-pirates-guide-1001712373177.jpg,diary_142_1_昊天公园_d67ee869.jpg,1
,143,image,https://www.sky.yn.gov.cn/UpLoadFiles/Image/2018-01-02/VNIOX0I11O微信图片_20180102155540_副本.jpg,diary_143_1_妙峰山樱桃沟_093a561a.jpg,1
,143,image,http://img.mp.sohu.com/upload/20171010/965527d6d2f54749b26a9a54c13bb3c8_th.jpg,diary_143_2_妙峰山樱桃沟_9bd89815.jpg,2
,144,image,https://c-ssl.dtstatic.com/uploads/blog/202402/08/9WSZgAqxc8eXL0Y.thumb.1000_0.png,diary_144_1_老张头葡萄园_7ff8c1a4.png,1
,145,image,https://www.beijing.gov.cn/tsbj/sxym/202210/W020221010544871760503.jpg,diary_145_1_京香绿谷观光采摘园_976363d1.jpg,1
,146,image,https://www.beijing.gov.cn/tsbj/sxym/202210/W020221010544871760503.jpg,diary_146_1_北京市方志馆_f0e81c1b.jpg,1
,147,image,http://www.mobanjing.com/down/jpg/b36ca13e3392f3a15e186de90d153839.jpg,diary_147_1_和敬公主府_1c468b30.jpg,1
,147,image,https://image.16pic.com/00/78/99/16pic_7899250_s.jpg?imageView2/0/format/png,diary_147_2_和敬公主府_def68788.jpg,2
,148,image,https://www.beijing.gov.cn/tsbj/sxym/202210/W020221010544871760503.jpg,diary_148_1_北顶娘娘庙_4cc9c303.jpg,1
,149,image,https://img.zcool.cn/community/031771262e78dc00002c45e3777db36.jpg,diary_149_1_第四次世界妇女大会纪念公园_0651b336.jpg,1
,150,image,http://www.pds.gov.cn/upload/images/2016/10/31/31111422784.jpg,diary_150_1_皇城根遗址公园_dd0d84d6.jpg,1
,150,image,https://www.pds.gov.cn/upload/images/2025/7/1/e521334cac4f952baafd7d86e789ab4d.png,diary_150_2_皇城根遗址公园_8bfcf6dc.png,2
,151,image,https://www.beijing.gov.cn/tsbj/sxym/202210/W020221010544871760503.jpg,diary_151_1_北京自来水博物馆_e09e6c48.jpg,1
,152,image,http://www.pp52036.com/data/attachment/common/cf/015414qxmmoxyydqlhda0q.jpg,diary_152_1_万寿西宫公园_308963ab.jpg,1
,153,image,https://cbu01.alicdn.com/img/ibank/O1CN01ei6UKY1eHWMNE6IwG_!!2946203846-0-cib.310x310.jpg,diary_153_1_亢山公园_b3896796.jpg,1
,154,image,https://img95.699pic.com/photo/50239/3972.jpg_wh860.jpg,diary_154_1_翠湖国家城市湿地公园_fb6fa05c.jpg,1
,155,image,https://toronto.citynews.ca/wp-content/blogs.dir/sites/10/2024/09/96c928b97bbd34be70ac93357d37dd4850c6b3e36942799b6503d9b713b05fd9.jpg,diary_155_1_御康公园_38d083b9.jpg,1
,156,image,http://image.vipmro.net/question/image/20190304/20190304110049_547.png,diary_156_1_半月公园_c77e8e1c.png,1
,157,image,http://k.sinaimg.cn/n/sinakd20111/776/w950h1426/20230609/4595-e3fe9ea8c350e47a7c7453b01954952e.jpg/w700d1q75cms.jpg?by=cms_fixed_width,diary_157_1_丰台科技园生态主题公园_3e14ba4a.jpg,1
,158,image,http://n.sinaimg.cn/sinacn20123/108/w1023h685/20190516/3542-hwzkfpu7225205.jpg,diary_158_1_中国航天博物馆_c235459f.jpg,1
,159,image,https://cdn.caeonline.com/images/naura-akrion_itops-a230_3316525.jpg,diary_159_1_民族文化宫博物馆_cb46431f.jpg,1
,160,image,http://n.sinaimg.cn/sinacn20123/108/w1023h685/20190516/3542-hwzkfpu7225205.jpg,diary_160_1_中国国家话剧院_21bcc6e6.jpg,1
,161,image,http://n.sinaimg.cn/sinacn20123/108/w1023h685/20190516/3542-hwzkfpu7225205.jpg,diary_161_1_中国国家话剧院小剧场_c484edc2.jpg,1
,161,image,http://n.sinaimg.cn/sinacn13/452/w1654h1998/20180516/b689-harvfht7225618.jpg,diary_161_2_中国国家话剧院小剧场_cd544a2e.jpg,2
,162,image,https://file.100chui.com/files/upload/image/201907/f054a265-5b6e-441e-badd-69ebbd0fd4c9.jpg,diary_162_1_奥林匹克公园曲棍球场_5ad37415.jpg,1
,163,image,https://img1.qunarzz.com/travel/d2/1502/fa/5f5e910cc56e2b.jpg_r_680x453x95_87c00e22.jpg,diary_163_1_九眼楼自然风景区_077156cb.jpg,1
,164,image,https://www.beijing.gov.cn/tsbj/sxym/202210/W020221010544871760503.jpg,diary_164_1_北京园博会_37b6474b.jpg,1
,164,image,https://n.sinaimg.cn/sinakd20221114s/128/w2048h1280/20221114/8488-335f7422ed78bcc43b8c810785ace064.jpg,diary_164_2_北京园博会_efce5e6e.jpg,2
,165,image,https://cbu01.alicdn.com/img/ibank/2019/093/234/10707432390_49275137.jpg,diary_165_1_纳波湾月季园_944643b0.jpg,1
,166,image,https://p1.ssl.qhmsg.com/t013d7f6e7bf248768f.png,diary_166_1_京艳庆丰果树种植场_89ad4f5f.png,1
,167,image,https://www.beijing.gov.cn/tsbj/sxym/202210/W020221010544871760503.jpg,diary_167_1_北京天坛温泉康乐城_5f294daf.jpg,1
,168,image,https://i-blog.csdnimg.cn/blog_migrate/0e05129aa581f92e9957cac2876c166b.png,diary_168_1_康庄公园_352e9c95.png,1
,169,image,https://gjjlc.bua.edu.cn/images/22/09/13/1qv0mjzjov/1.jpeg,diary_169_1_国际企业文化园_61ed1579.jpeg,1
,170,image,https://so1.360tres.com/t017e40a5c3d0be2a67.jpg,diary_170_1_姚家园公园_b3d3b4d5.jpg,1
,171,image,https://imagepphcloud.thepaper.cn/pph/image/85/933/79.jpg,diary_171_1_翠城公园_04904d14.jpg,1
,172,image,https://img-nos.yiyouliao.com/alph/6edfae156fb0fa03dd83bac95ba36809.jpeg?yiyouliao_channel=1536235174142947329_image,diary_172_1_精灵谷自然风景区_f5079451.jpeg,1
,173,image,https://static.independent.co.uk/s3fs-public/thumbnails/image/2013/03/11/19/3.2.reut.jpg?width=1200&height=800&crop=1200:800,diary_173_1_海淀博物馆_57142764.jpg,1
,174,image,http://n.sinaimg.cn/sinacn20123/108/w1023h685/20190516/3542-hwzkfpu7225205.jpg,diary_174_1_中国工艺美术馆_c81d3a45.jpg,1
,175,image,https://pic.ntimg.cn/file/20240807/17652440_154911811109_2.jpg,diary_175_1_民航博物馆_72acf5e7.jpg,1
,175,image,https://pic.pngsucai.com/01/07/56/cf7ec6668df2d041.webp,diary_175_2_民航博物馆_19d0d29a.webp,2
,176,image,http://csd.cma.org.cn/upload/images/2024/6/cfc2c6bd766a2c91.png,diary_176_1_中关村国家自主创新示范区展示中心_d238cbe0.png,1
,177,image,http://n.sinaimg.cn/sinacn20123/108/w1023h685/20190516/3542-hwzkfpu7225205.jpg,diary_177_1_中国长城博物馆_739e6f97.jpg,1
,178,image,https://r1.visitbeijing.com.cn/vbj-s/2022/0610/cdee38ced283a3d97b436f0c17443812.jpg,diary_178_1_鼓楼_4b5b0107.jpg,1
,178,image,http://youimg1.c-ctrip.com/target/100w070000002fpum019C.jpg,diary_178_2_鼓楼_2237623a.jpg,2
,179,image,https://i.etsystatic.com/18231753/r/il/44a592/4729331577/il_fullxfull.4729331577_dij3.jpg,diary_179_1_康顺达开心农场_9fa5dff2.jpg,1
,180,image,http://n.sinaimg.cn/sinacn/w640h331/20180304/5146-fxipenm8037045.jpg,diary_180_1_高里掌文化休闲园_1b251b6e.jpg,1
,181,image,http://n.sinaimg.cn/sinakd/sni/738/w1284h1854/20250921/5396-935dd425c16f63cfaff67487734d582b.jpg,diary_181_1_长阳公园_fdedbc0a.jpg,1
,182,image,https://media1.popsugar-assets.com/files/thumbor/_W6TCvP2R0gpqXdiiY-egoKSDGw/fit-in/1024x1024/filters:format_auto-!!-:strip_icc-!!-/2018/02/27/651/n/1922564/3c1439355a956d2e256820.02871491_/i/Jennifer-Lawrence-Dior-Dress-Red-Sparrow-New-York-Premiere.jpg,diary_182_1_杜仲公园_5d299cfd.jpg,1
,182,image,https://celebmafia.com/wp-content/uploads/2018/02/jennifer-lawrence-red-sparrow-premiere-in-nyc-17.jpg,diary_182_2_杜仲公园_76e06527.jpg,2
,183,image,http://www.sex9269.net/wp-content/uploads/2023/11/桃園外送茶荳荳.jpg,diary_183_1_十三陵·石牌坊_05a025b2.jpg,1
,184,image,https://pic1.zhimg.com/v2-d996ccefb11509b1140fb1ac24417c5c_r.jpg,diary_184_1_元大都城垣遗址公园_cd8d2ebe.jpg,1
,185,image,http://www.quazero.com/uploads/allimg/140305/1-140305131415.jpg,diary_185_1_德胜门箭楼_ac339484.jpg,1
,186,image,https://bpic.588ku.com/video_library/cover/24/05/09/65727c9ef0eb39bc60bd157c891b6645_snapshot_t0.jpg,diary_186_1_石景山古建筑群_f930cdb5.jpg,1
,187,image,https://pic.nximg.cn/file/20250110/17932208_170207065128_2.jpg,diary_187_1_齐物潭公园_fdcbf285.jpg,1
,188,image,https://www.beijing.gov.cn/tsbj/sxym/202210/W020221010544871760503.jpg,diary_188_1_北京上庄纳兰性德史迹陈列馆_46586318.jpg,1
,189,image,https://www.beijing.gov.cn/tsbj/sxym/202210/W020221010544871760503.jpg,diary_189_1_小龙山公园_77080e09.jpg,1
,189,image,https://n.sinaimg.cn/sinakd20221114s/128/w2048h1280/20221114/8488-335f7422ed78bcc43b8c810785ace064.jpg,diary_189_2_小龙山公园_21511e8d.jpg,2
,190,image,https://cbu01.alicdn.com/img/ibank/O1CN015psLGw1cxzYg0pgI5_!!2759973668-0-cib.jpg,diary_190_1_南口公园_d515181a.jpg,1
,191,image,https://pic4.zhimg.com/v2-e265082b7e92b75a93567ce12e8fb24d_1440w.jpg,diary_191_1_梁启超墓_f86ccebb.jpg,1
,192,image,https://www.beijing.gov.cn/tsbj/sxym/202210/W020221010544871760503.jpg,diary_192_1_念坛公园_f7cacb12.jpg,1
,192,image,https://n.sinaimg.cn/sinakd20221114s/128/w2048h1280/20221114/8488-335f7422ed78bcc43b8c810785ace064.jpg,diary_192_2_念坛公园_c9ace3d1.jpg,2
,193,image,https://otf-pub-cdn.ourteacher.cc/image/272b82f4/乘法练习题.jpg,diary_193_1_三家店蒲草湿地公园_96d05a89.jpg,1
,194,image,https://r1.visitbeijing.com.cn/vbj-s/2013/0327/20130327033809429.jpg,diary_194_1_北京正阳门_8e6f6ed2.jpg,1
,195,image,http://k.sinaimg.cn/n/sinakd20220915s/240/w640h400/20220915/1b73-2345fbf4743be75a47712e2e0bd81864.jpg/w700d1q75cms.jpg,diary_195_1_法海寺森林公园_cb8082d8.jpg,1
,196,image,http://pmo4b4c1e.pic46.websiteonline.cn/upload/iov0.png,diary_196_1_石景山雕塑公园_974bdc9e.png,1
,197,image,https://pic.nximg.cn/file/20211221/25945637_162055632129_2.jpg,diary_197_1_大屯黄草湾公园_2a495c90.jpg,1
,198,image,https://n.sinaimg.cn/sinakd20113/0/w2048h1152/20240325/1c30-48212c45df1b776058d37bcf5716d928.jpg,diary_198_1_中和殿_239aab68.jpg,1
,199,image,https://www.beijing.gov.cn/tsbj/sxym/202210/W020221010544871760503.jpg,diary_199_1_北京铁瓦寺_8ea79999.jpg,1
,199,image,https://n.sinaimg.cn/sinakd20221114s/128/w2048h1280/20221114/8488-335f7422ed78bcc43b8c810785ace064.jpg,diary_199_2_北京铁瓦寺_958f334c.jpg,2
,200,image,http://n.sinaimg.cn/sinacn20123/108/w1023h685/20190516/3542-hwzkfpu7225205.jpg,diary_200_1_中国民族博物馆_c01176cf.jpg,1
,201,image,https://animan.yuchanh.com/wp-content/uploads/2025/07/konpuraihankujousan-free.png,diary_201_1_坤宁宫_29aa46d6.png,1
,202,image,https://img.tukuppt.com/photo-small/08/90/78/3664d86807df40c1146.jpg,diary_202_1_皇极殿_15ba0407.jpg,1
,203,image,https://m.media-amazon.com/images/I/41mAPIMnCNL._SY445_SX342_.jpg,diary_203_1_静明园_533b25f6.jpg,1
,204,image,https://p1.itc.cn/q_70/images03/20230821/34c42c3670574e84b3b1ea649ab84ff5.png,diary_204_1_五棵松奥林匹克文化公园_4f59f01d.png,1
,205,image,https://www.beijing.gov.cn/tsbj/sxym/202210/W020221010544871760503.jpg,diary_205_1_北京植物园樱桃沟_4513de07.jpg,1
,206,image,https://media1.popsugar-assets.com/files/thumbor/_W6TCvP2R0gpqXdiiY-egoKSDGw/fit-in/1024x1024/filters:format_auto-!!-:strip_icc-!!-/2018/02/27/651/n/1922564/3c1439355a956d2e256820.02871491_/i/Jennifer-Lawrence-Dior-Dress-Red-Sparrow-New-York-Premiere.jpg,diary_206_1_纪晓岚故居_f6b5d59e.jpg,1
,206,image,https://www.realstylenetwork.com/fashion-and-style/wp-content/uploads/sites/2/2018/02/JENNIFER-LAWRENCE.jpg,diary_206_2_纪晓岚故居_731891aa.jpg,2
,207,image,https://www.qtccolor.com/upload/image/20220517/di.jpg,diary_207_1_毛主席纪念堂_2e0d05c4.jpg,1
,208,image,http://images.shejidaren.com/wp-content/uploads/2023/06/76442-21.jpg,diary_208_1_箭扣长城_e12dd32d.jpg,1
,209,image,https://n.sinaimg.cn/sinakd20120/299/w1080h1619/20230330/f7e9-d482e0d69334137862a57f49c2d9e843.jpg,diary_209_1_韩村河公园_409d052c.jpg,1
,210,image,http://n.sinaimg.cn/sinacn20123/108/w1023h685/20190516/3542-hwzkfpu7225205.jpg,diary_210_1_中国数字图书馆_ccbbb2ea.jpg,1
,210,image,http://n.sinaimg.cn/sinacn13/452/w1654h1998/20180516/b689-harvfht7225618.jpg,diary_210_2_中国数字图书馆_57687174.jpg,2
,211,image,https://www.beijing.gov.cn/tsbj/sxym/202210/W020221010544871760503.jpg,diary_211_1_北京国香馆_f836f68b.jpg,1
,212,image,https://bpic.588ku.com/back_origin_min_pic/20/11/05/8e2da1b58804bd582ea16741323ce9b4.jpg,diary_212_1_石景山洋庙会_9460c341.jpg,1
,213,image,https://comicvine.gamespot.com/a/uploads/original/11142/111428250/7943940-9247640024-d9c0m.jpg,diary_213_1_亦新郊野公园_504fab1b.jpg,1
,213,image,https://comicvine.gamespot.com/a/uploads/original/11145/111453204/7829814-7624342-9745329343-76183(2).jpg,diary_213_2_亦新郊野公园_b2c52897.jpg,2
,214,image,https://www.lzxq.gov.cn/pic/003/020/978/00302097887_39e0b007.jpg,diary_214_1_十三陵·裕陵_7ab62eda.jpg,1
,215,image,https://img-blog.csdnimg.cn/img_convert/43cdc5650cf62228705958ded5a3044d.jpeg,diary_215_1_亮马河国际风情水岸_d8ad7913.jpeg,1
,216,image,https://a57.foxnews.com/static.foxnews.com/foxnews.com/content/uploads/2018/09/1200/675/Hong-Kong-Democracy-P_Cham4100214.jpg?ve=1&tl=1,diary_216_1_密云人间花海_ac50530d.jpg,1
,217,image,http://pic.qianye88.com/pic/00424968efb3837127935fc28d95bfe6.jpg,diary_217_1_芦子水天璇景区_75d9721f.jpg,1
,218,image,https://p2.ssl.cdn.btime.com/t0140bf589109429ea6.jpg?size=1920x1080,diary_218_1_立水桥公园_40b631ce.jpg,1
,219,image,https://img.alicdn.com/i1/725677994/O1CN01IvADns28vIq0Y33g2_!!725677994-0-sm.jpg,diary_219_1_和义郊野公园_60795f29.jpg,1
,220,image,http://n.sinaimg.cn/sinacn/w399h287/20171202/421f-fypikwt3785944.jpg,diary_220_1_聚灵峡景区_3b646e7f.jpg,1
,220,image,https://k.sinaimg.cn/www/ent/y/2011-01-17/U1819P28T3D3210643F326DT20110117173827.jpg/w700h350z1l10t10a87.jpg,diary_220_2_聚灵峡景区_0f6d877a.jpg,2
,221,image,https://font.hanyuguoxue.com/kai400/127/957f.png,diary_221_1_长沟湿地公园_cc183992.png,1
,222,image,http://n.sinaimg.cn/sinacn20123/108/w1023h685/20190516/3542-hwzkfpu7225205.jpg,diary_222_1_中国农业大学昆虫标本馆_f6f8c5ab.jpg,1
,223,image,http://upload.m.ccdi.gov.cn/201803/23173619skkf.png,diary_223_1_观复博物馆_95049310.png,1
,224,image,http://youimg1.c-ctrip.com/target/fd/tg/g4/M05/28/03/CggYHlZG8W-ARQXcAAWHYbqOvY4398.jpg,diary_224_1_蟹岛绿色生态农庄_bca84374.jpg,1
,225,image,http://i.weibomingzi.com/up/1/253/3309052995/3014595750.jpg,diary_225_1_苏家坨镇台头村采摘园_048b73ac.jpg,1
,226,image,https://imgbdb4.bendibao.com/szbdb/jt/20251/19/2025119233333_56208.png,diary_226_1_瑞正园农庄_e802ba48.png,1
,227,image,https://n.sinaimg.cn/sinakd20121/214/w2048h1366/20220925/ca26-77bd7b205c29012a0d0526107fa04ae6.jpg,diary_227_1_白鹿郊野公园_405696b3.jpg,1
,227,image,http://n.sinaimg.cn/sinakd20220523ac/384/w2048h1536/20220523/3619-529049c595786e51391be228f83b4932.jpg,diary_227_2_白鹿郊野公园_aeb495de.jpg,2
,228,image,https://www.beijing.gov.cn/tsbj/sxym/202210/W020221010544871760503.jpg,diary_228_1_京门铁路遗址公园_faf4fcb8.jpg,1
,229,image,https://pic.ntimg.cn/file/20250213/35479210_143001015137_2.jpg,diary_229_1_梅兰芳纪念馆_9e4c9221.jpg,1
,230,image,http://www.onegreen.net/maps/m/a/world201401.jpg,diary_230_1_沟崖自然风景区_35e8616f.jpg,1
,231,image,https://www.beijing.gov.cn/tsbj/sxym/202210/W020221010544871760503.jpg,diary_231_1_北京南湖公园_d930eca4.jpg,1
,231,image,https://n.sinaimg.cn/sinakd20221114s/128/w2048h1280/20221114/8488-335f7422ed78bcc43b8c810785ace064.jpg,diary_231_2_北京南湖公园_896042fc.jpg,2
,232,image,https://tb-static.uber.com/prod/image-proc/processed_images/6a307e8a026f66dcd2f30d49f21cf086/16bb0a3ab8ea98cfe8906135767f7bf4.jpeg,diary_232_1_绿堤公园_c5ca3815.jpeg,1
,233,image,https://www.beijing.gov.cn/tsbj/sxym/202210/W020221010544871760503.jpg,diary_233_1_古北口文化文物旅游区_ff080233.jpg,1
,234,image,https://pic4.zhimg.com/v2-58e73c55b053b5fb30f184790783021f_r.jpg,diary_234_1_御花园_a23e8cce.jpg,1
,235,image,https://img.tukuppt.com/photo-small/08/90/78/3664d86807df40c1146.jpg,diary_235_1_皇极殿_2033a4a1.jpg,1
,236,image,https://www.beijing.gov.cn/tsbj/sxym/202210/W020221010544871760503.jpg,diary_236_1_北京鸦儿胡同_2528aa67.jpg,1
,237,image,http://www.sfxcg.com/static/upload/image/20221106/1667725023992702.jpg,diary_237_1_黄峪口风景区_ebd7fc8b.jpg,1
,238,image,https://youimg1.c-ctrip.com/target/0102a120004fhqcagB7E5_D_10000_1200.jpg?proc=autoorient,diary_238_1_长城铁花景区_2f704a03.jpg,1
,238,image,http://n.sinaimg.cn/sinacn10122/271/w1024h847/20190117/ca31-hrvcwni9023679.jpg,diary_238_2_长城铁花景区_bd33d3ae.jpg,2
,239,image,"http://5b0988e595225.cdn.sohucs.com/q_70,c_zoom,w_640/images/20180504/87631a029ea94c12a7cda03e64d16e0e.jpeg",diary_239_1_壹梵画廊_dbdf89ea.jpeg,1
,240,image,https://www.beijing.gov.cn/tsbj/sxym/202210/W020221010544871760503.jpg,diary_240_1_厂甸庙会_7ee4f8b6.jpg,1
,241,image,https://file.youlai.cn/cnkfile1/M02/23/22/AABBA2EE41E0DFCD95EE0F76D0342322.jpg,diary_241_1_顺城公园_f52401ec.jpg,1
,242,image,http://pic.qianye88.com/pic/00424968efb3837127935fc28d95bfe6.jpg,diary_242_1_芦子水天璇景区_b2c15d76.jpg,1
,243,image,https://img95.699pic.com/photo/60050/1698.jpg_wh860.jpg,diary_243_1_马致远故居_c650147e.jpg,1
,244,image,"http://img.mp.sohu.com/q_70,c_zoom,w_640/upload/20170710/cc2cfe2a3fd945c9a128dc7b277e318d_th.jpg",diary_244_1_文津街_69690abe.jpg,1
,245,image,https://img1.qunarzz.com/travel/d8/201404/21/c316116d5a9bb46dddb12cfb.jpg_r_640x424x70_8eaf23c1.jpg,diary_245_1_清华大学艺术博物馆_b32fc0d6.jpg,1
,245,image,https://img95.699pic.com/photo/50763/0098.jpg_wh860.jpg,diary_245_2_清华大学艺术博物馆_6c6b839c.jpg,2
,246,image,http://upload.m.ccdi.gov.cn/201803/23173619skkf.png,diary_246_1_观复古典艺术博物馆_fe0918eb.png,1
,247,image,https://www.beijing.gov.cn/tsbj/sxym/202210/W020221010544871760503.jpg,diary_247_1_北京奥仪凯源蔬菜种植采摘园_750155fb.jpg,1
,248,image,https://www.beijing.gov.cn/tsbj/sxym/202210/W020221010544871760503.jpg,diary_248_1_北京天地和农庄_99bf1ff3.jpg,1
,248,image,https://n.sinaimg.cn/sinakd20221114s/128/w2048h1280/20221114/8488-335f7422ed78bcc43b8c810785ace064.jpg,diary_248_2_北京天地和农庄_a072b1b0.jpg,2
,249,image,https://img.freepik.com/premium-vector/hipster-man-cartoon-black-white-vector-illustration-graphic-design_1057-157073.jpg?w=2000,diary_249_1_摩力圣汇温泉会馆_3613a914.jpg,1
,250,image,https://i.beauty321.com/600x/https://il.beauty321.com/gallery/articleIMG/AL_64919.jpg?t=20250507031524,diary_250_1_仰山公园_a68405d9.jpg,1
,251,image,https://www.beijing.gov.cn/tsbj/sxym/202210/W020221010544871760503.jpg,diary_251_1_金田郊野公园_2774ccec.jpg,1
,252,image,https://www.beijing.gov.cn/tsbj/sxym/202210/W020221010544871760503.jpg,diary_252_1_北京首云铁矿公园_f8d31f38.jpg,1
,252,image,https://n.sinaimg.cn/sinakd20221114s/128/w2048h1280/20221114/8488-335f7422ed78bcc43b8c810785ace064.jpg,diary_252_2_北京首云铁矿公园_2def1ec6.jpg,2
,253,image,http://n.sinaimg.cn/sinacn/w580h351/20171219/1e3f-fypsqka9591379.png,diary_253_1_房山燕怡园_6c87cadf.png,1
,254,image,http://n.sinaimg.cn/sinakd20230805ac/731/w1078h453/20230805/b2bd-d6162524154a9de8b52e411b6e1b2afb.jpg,diary_254_1_齐白石故居_54405d04.jpg,1
,255,image,https://pic.ntimg.cn/file/20241221/35479210_190355386137_2.jpg,diary_255_1_盘龙瀑自然风景区_032a877e.jpg,1
,256,image,https://pic2.zhimg.com/v2-e910102e68ec4e0622284e28bc6b66fd_r.jpg,diary_256_1_曙光防灾教育公园_738f19ce.jpg,1
,257,image,https://img.alicdn.com/i2/734955887/TB2SHYKjnJYBeNjy1zeXXahzVXa_!!734955887.jpg,diary_257_1_爨底下村_5ee6c6f9.jpg,1
,258,image,https://www.beijing.gov.cn/tsbj/sxym/202210/W020221010544871760503.jpg,diary_258_1_苏家坨镇管家岭村采摘园_c2285c0b.jpg,1
,259,image,https://i-blog.csdnimg.cn/blog_migrate/1b71a4cb95ea798f131847995c6f00aa.png,diary_259_1_明皇城东安门遗址_7d120b21.png,1
,260,image,https://image2.znzmo.com/1701339710020_1918.jpeg?x-oss-process=style/detail,diary_260_1_垡头科普文化公园_2b257ef4.jpeg,1
,261,image,https://www.beijing.gov.cn/tsbj/sxym/202210/W020221010544871760503.jpg,diary_261_1_北京乾鼎老酒博物馆_430dfe00.jpg,1
,262,image,https://i.tlauncher.org/images/Amilion-TreeHouse-Screenshots-5.png,diary_262_1_居庸关长城博物馆_89377a37.png,1
,263,image,http://ng1.17img.cn/bbsfiles/images/2019/04/201904221430337039_780_3830199_3.jpg!w651x651.jpg,diary_263_1_来广营清河营公园_87037413.jpg,1
,264,image,https://font.hanyuguoxue.com/kai400/125/767d.png,diary_264_1_白河湾薰衣草庄园_db6b68cc.png,1
,265,image,https://pic4.zhimg.com/50/v2-6c94dedd27de785240897106e5de69fa_hd.jpg?source=1940ef5c,diary_265_1_朝阳区绿风碧野农庄_52c6c005.jpg,1
,266,image,https://p3-pc-sign.douyinpic.com/image-cut-tos-priv/79b234290204da70bda3e44e4a18dabc~tplv-dy-resize-origshort-autoq-75:330.jpeg,diary_266_1_天星种植园草莓采摘园_c6ad7527.jpeg,1
,267,image,https://cbu01.alicdn.com/img/ibank/O1CN01UrqPkF1DscZVZf1ld_!!3900040272-0-cib.jpg?__r__=1684977883529,diary_267_1_十三陵·献陵_9cad51b9.jpg,1
,268,image,https://c-ssl.duitang.com/uploads/blog/202201/15/20220115122950_776ec.jpg,diary_268_1_番字石刻_a3a3c919.jpg,1
,269,image,http://n.sinaimg.cn/sinacn20123/108/w1023h685/20190516/3542-hwzkfpu7225205.jpg,diary_269_1_中国地质大学博物馆_d25f02aa.jpg,1
,269,image,http://n.sinaimg.cn/sinacn13/452/w1654h1998/20180516/b689-harvfht7225618.jpg,diary_269_2_中国地质大学博物馆_471e246a.jpg,2
,270,image,https://yaru-uo.up.seesaa.net/image/E382B9E382AFE383AAE383BCE383B3E382B7E383A7E38383E383882028172929.png,diary_270_1_七王坟民俗旅游村_b0c2158d.png,1
,271,image,https://pic4.zhimg.com/v2-fc904cf1ac86bb9e5262cddfc9ab1399_1440w.jpg,diary_271_1_蜂巢剧场_4597ef6f.jpg,1
,272,image,http://9453tea.com/userfiles/20230825/20230825031439808.png,diary_272_1_广茗阁茶楼_964be396.png,1
,273,image,https://www.beijing.gov.cn/tsbj/sxym/202210/W020221010544871760503.jpg,diary_273_1_北京南海子公园_43984897.jpg,1
,273,image,https://n.sinaimg.cn/sinakd20221114s/128/w2048h1280/20221114/8488-335f7422ed78bcc43b8c810785ace064.jpg,diary_273_2_北京南海子公园_e378a690.jpg,2
,274,image,http://pmo4b4c1e.pic46.websiteonline.cn/upload/iov0.png,diary_274_1_石景山雕塑公园_431c55d4.png,1
,275,image,https://www.beijing.gov.cn/tsbj/sxym/202210/W020221010544871760503.jpg,diary_275_1_金田郊野公园_63b1da32.jpg,1
,276,image,https://www.beijing.gov.cn/tsbj/sxym/202210/W020221010544871760503.jpg,diary_276_1_东极仙谷风景区_2ead1272.jpg,1
,276,image,https://n.sinaimg.cn/sinakd20221114s/128/w2048h1280/20221114/8488-335f7422ed78bcc43b8c810785ace064.jpg,diary_276_2_东极仙谷风景区_be78f303.jpg,2
,277,image,http://www.pp52036.com/data/attachment/common/cf/015414qxmmoxyydqlhda0q.jpg,diary_277_1_东南角楼_e059188a.jpg,1
,278,image,https://pic1.zhimg.com/v2-8d21ed1aa6a87760311e6cb5e8cc986a_r.jpg?source=1940ef5c,diary_278_1_观音院过街楼_a1781d03.jpg,1
,279,image,https://zh-china-lottery.com/assets/img/2026-04-05/69d27cfa79904.webp,diary_279_1_午门_1131c387.webp,1
,280,image,https://padlet.net/social-previews/user/4092608446/opengraph.jpg?ts=1751902377,diary_280_1_十三陵·神路_bb2ace0d.jpg,1
,281,image,https://c8.alamy.com/comp/E2C6FW/france-haute-savoie-reserve-naturelle-nationale-des-aiguilles-rouges-E2C6FW.jpg,diary_281_1_凯悦莱温泉_4eb03482.jpg,1
,282,image,http://n.sinaimg.cn/sinacn/w640h331/20180304/5146-fxipenm8037045.jpg,diary_282_1_海淀区文化小剧场_96f30df9.jpg,1
,283,image,https://www.beijing.gov.cn/tsbj/sxym/202210/W020221010544871760503.jpg,diary_283_1_北京中山公园音乐堂_b8d04973.jpg,1
,283,image,https://n.sinaimg.cn/sinakd20221114s/128/w2048h1280/20221114/8488-335f7422ed78bcc43b8c810785ace064.jpg,diary_283_2_北京中山公园音乐堂_cae9a24a.jpg,2
,284,image,https://fwfile-1257474221.cos.ap-shanghai.myqcloud.com/weixinimg_temp/2026/20260609/60b5ed136d5fc941c1752b273d82b457.jpg,diary_284_1_国家大剧院_48be21ef.jpg,1
,285,image,http://www.sfxcg.com/static/upload/image/20221106/1667725023992702.jpg,diary_285_1_黄峪口风景区_35e73031.jpg,1
,286,image,https://font.hanyuguoxue.com/kai400/125/767d.png,diary_286_1_白河湾自然风景区（白河峡谷）_dcbc5143.png,1
,287,image,https://26706125.s21i.faiusr.com/2/ABUIABACGAAgqZnysAYolNLyiAIwoAY4oAY.jpg,diary_287_1_平谷飞龙谷_db2401fe.jpg,1
,288,image,https://www.beijing.gov.cn/tsbj/sxym/202210/W020221010544871760503.jpg,diary_288_1_北京图书大厦_1fd73c3f.jpg,1
,289,image,https://fwfile-1257474221.cos.ap-shanghai.myqcloud.com/weixinimg_temp/2026/20260609/60b5ed136d5fc941c1752b273d82b457.jpg,diary_289_1_国家中影数字制作基地_48e4d18c.jpg,1
,290,image,https://n.sinaimg.cn/sinakd20109/262/w1088h774/20230419/bb2d-8d628fba2fc502e70d10e32d26a16d7b.jpg,diary_290_1_东风公园_612107af.jpg,1
,290,image,http://n.sinaimg.cn/sinacn20109/168/w1024h744/20190102/f34f-hqzxptn3475342.jpg,diary_290_2_东风公园_47057c8c.jpg,2
,291,image,https://www.beijing.gov.cn/tsbj/sxym/202210/W020221010544871760503.jpg,diary_291_1_龙潭庙会_215739b2.jpg,1
,292,image,https://www.beijing.gov.cn/tsbj/sxym/202210/W020221010544871760503.jpg,diary_292_1_北京运河瓷画艺术馆_19c87b50.jpg,1
,293,image,https://www.beijing.gov.cn/tsbj/sxym/202210/W020221010544871760503.jpg,diary_293_1_正阳美术馆_9182df21.jpg,1
,294,image,http://upload.wikimedia.org/wikipedia/commons/d/d4/Cat_March_2010-1a.jpg,diary_294_1_黄寺_a100dc3c.jpg,1
,294,image,https://upload.wikimedia.org/wikipedia/commons/thumb/5/5e/Domestic_Cat_Face_Shot.jpg/220px-Domestic_Cat_Face_Shot.jpg,diary_294_2_黄寺_a535b554.jpg,2
,295,image,http://n.sinaimg.cn/sinacn20123/108/w1023h685/20190516/3542-hwzkfpu7225205.jpg,diary_295_1_中国民航博物馆_f8e1205d.jpg,1
,296,image,https://www.beijing.gov.cn/tsbj/sxym/202210/W020221010544871760503.jpg,diary_296_1_北京大学赛克勒考古与艺术博物馆_bef4fc71.jpg,1
,297,image,http://n.sinaimg.cn/sinacn20123/108/w1023h685/20190516/3542-hwzkfpu7225205.jpg,diary_297_1_中国佛教图书文物馆_3c896822.jpg,1
,297,image,http://n.sinaimg.cn/sinacn13/452/w1654h1998/20180516/b689-harvfht7225618.jpg,diary_297_2_中国佛教图书文物馆_9c3a3a1a.jpg,2
,298,image,http://image.cns.com.cn/xinjiang_editor/transform/20240912/EA9e-hehacvq3191977.jpg,diary_298_1_广福观_2c3f6e05.jpg,1
,299,image,https://www.beijing.gov.cn/tsbj/sxym/202210/W020221010544871760503.jpg,diary_299_1_北京中医药大学中医药博物馆_14ab78be.jpg,1
,300,image,https://arch.hnu.edu.cn/__local/5/5A/AE/609D9592741666311A6E977C97A_F9939BCC_10068C.png,diary_300_1_李大钊烈士陵园_48c260b2.png,1
,301,image,https://www.beijing.gov.cn/tsbj/sxym/202210/W020221010544871760503.jpg,diary_301_1_斋堂城遗址_cb25d4a6.jpg,1
,301,image,https://n.sinaimg.cn/sinakd20221114s/128/w2048h1280/20221114/8488-335f7422ed78bcc43b8c810785ace064.jpg,diary_301_2_斋堂城遗址_26d974c9.jpg,2
,302,image,https://www.beijing.gov.cn/tsbj/sxym/202210/W020221010544871760503.jpg,diary_302_1_北辰绿色中央公园_0c947eab.jpg,1
,303,image,https://n.sinaimg.cn/sinakd10109/293/w678h1215/20200826/de51-iyhvyuz8346327.jpg,diary_303_1_佛香阁_a36594dc.jpg,1
,304,image,https://www.beijing.gov.cn/tsbj/sxym/202210/W020221010544871760503.jpg,diary_304_1_北京市规划展览馆_e021e9af.jpg,1
,304,image,https://n.sinaimg.cn/sinakd20221114s/128/w2048h1280/20221114/8488-335f7422ed78bcc43b8c810785ace064.jpg,diary_304_2_北京市规划展览馆_70601538.jpg,2
,305,image,https://www.beijing.gov.cn/tsbj/sxym/202210/W020221010544871760503.jpg,diary_305_1_北京市方志馆_94c365f6.jpg,1
,306,image,http://n.sinaimg.cn/sinacn20123/108/w1023h685/20190516/3542-hwzkfpu7225205.jpg,diary_306_1_中国医史博物馆_18115da0.jpg,1
,307,image,https://www.beijing.gov.cn/tsbj/sxym/202210/W020221010544871760503.jpg,diary_307_1_北京人文艺术中心_62be6a74.jpg,1
,308,image,https://img95.699pic.com/photo/50136/6765.jpg_wh860.jpg,diary_308_1_芳草地画廊798_395e8bf9.jpg,1
,309,image,https://bpic.588ku.com/back_list_pic/23/08/21/2e982b77ee89faaea9bc6bf1ec72bbfb.jpg,diary_309_1_乾清宫_bbf7bff8.jpg,1
,310,image,https://www.beijing.gov.cn/tsbj/sxym/202210/W020221010544871760503.jpg,diary_310_1_北京晋商博物馆_fa65e31e.jpg,1
,311,image,https://www.beijing.gov.cn/fuwu/bmfw/sy/jrts/202507/W020250717342178069897.jpg,diary_311_1_佟麟阁将军纪念馆_104b12c3.jpg,1
,311,image,https://www.beijing.gov.cn/ywdt/zwzt/jjtz/jkwwptsj/202508/W020250828343405523590.jpg,diary_311_2_佟麟阁将军纪念馆_59cf1d8a.jpg,2
,312,image,https://img1.qunarzz.com/travel/poi/1806/91/6d4bbf7a49544737.png_r_720x400x95_968ffbb7.png,diary_312_1_北海白塔_ed11da20.png,1
,313,image,https://www.beijing.gov.cn/tsbj/sxym/202210/W020221010544871760503.jpg,diary_313_1_丹青圃公园_3d1e62f7.jpg,1
,314,image,http://n.sinaimg.cn/sinacn/w640h402/20180127/54da-fyqzcxh1658833.jpg,diary_314_1_法国邮政局旧址_3c01091a.jpg,1
,315,image,https://padlet.net/social-previews/user/4092608446/opengraph.jpg?ts=1751902377,diary_315_1_十三陵·神路_435592cf.jpg,1
