id,destination_id,name,place_type,description,lng,lat,floor_info,heat_score,rating_score,open_time_rule,suggested_duration_min,cost_level
,10,北京环球影城园内入口,出入口,,116.681038,39.855771,,0,0,,,
,10,灯光，摄像，开拍！,场所,,116.681654,39.854565,,0,0,,,
,10,小黄人超萌海滩派对,场所,,116.683344,39.854683,,0,0,,,
,10,小黄人闹翻天,场所,,116.684054,39.85407,,0,0,,,
,10,欢乐好声音巡演,场所,,116.684525,39.854548,,0,0,,,
,10,侏罗纪世界大冒险,场所,,116.683685,39.856908,,0,0,,,
,10,飞跃侏罗纪,场所,,116.682465,39.85613,,0,0,,,
,10,哈利波特与禁忌之旅,场所,,116.687116,39.856672,,0,0,,,
,10,霍格沃茨城堡,场所,,116.686315,39.856712,,0,0,,,
,10,奥利凡德,场所,,116.68607,39.856118,,0,0,,,
,10,鹰马飞行,场所,,116.687307,39.856484,,0,0,,,
,10,霸天虎过山车,场所,,116.680222,39.857796,,0,0,,,
,10,变形金刚：传奇现场,场所,,116.681062,39.857833,,0,0,,,
,10,擎天柱雕塑,场所,,116.680846,39.858277,,0,0,,,
,10,功夫熊猫盖世之地,场所,,116.683282,39.857985,,0,0,,,
,10,功夫熊猫：神龙大侠之旅,场所,,116.682575,39.858252,,0,0,,,
,10,智慧仙桃树,场所,,116.684166,39.857995,,0,0,,,
,10,未来水世界特技表演,场所,,116.686005,39.858619,,0,0,,,
,14,南门入口,出入口,,116.39269,40.010173,,0,0,,,
,14,南园核心区,景点,,116.392265,40.019059,,0,0,,,
,14,北园核心区,景点,,116.39766,40.030293,,0,0,,,
,14,西侧健身区,场所,,116.377347,40.012435,,0,0,,,
,14,奥森乐仕堡,场所,,116.402843,40.030423,,0,0,,,
,14,Chess Park,场所,,116.407346,40.029535,,0,0,,,
,14,卡丁车,场所,,116.376818,40.025523,,0,0,,,
,14,奥运赋,场所,,116.387269,40.020554,,0,0,,,
,14,廉洁奥运主题文化展馆,展馆/博物馆,,116.386527,40.02029,,0,0,,,
,14,泰山石,场所,,116.392428,40.019044,,0,0,,,
,14,天境,场所,,116.392265,40.019059,,0,0,,,
,14,朝花台,场所,,116.393124,40.018389,,0,0,,,
,14,夕拾台,场所,,116.389835,40.017783,,0,0,,,
,14,森林艺术中心,教学办公楼,,116.39913,40.017917,,0,0,,,
,14,书画频道,场所,,116.39913,40.017917,,0,0,,,
,14,林泉高致,场所,,116.389054,40.016721,,0,0,,,
,14,游船码头（奥海）,场所,,116.394892,40.016434,,0,0,,,
,14,听泉轩,场所,,116.388099,40.015692,,0,0,,,
,14,和平柱,场所,,116.378611,40.014626,,0,0,,,
,14,探求勇气,场所,,116.377722,40.014643,,0,0,,,
,14,奥运五环观景台,场所,,116.37806,40.014496,,0,0,,,
,14,五环亭,场所,,116.380575,40.013274,,0,0,,,
,14,游船码头（南湖）,景点,,116.394512,40.013115,,0,0,,,
,14,儿童乐园,景点,,116.39418,40.012493,,0,0,,,
,14,奥林匹克宣言广场,景点,,116.389306,40.012379,,0,0,,,
,14,朝阳贞石园,景点,,116.378276,40.012301,,0,0,,,
,14,奥运金镛楼,教学办公楼,,116.380369,40.011947,,0,0,,,
,14,红土网球馆,场所,,116.379307,40.01175,,0,0,,,
,14,森林小剧场,场所,,116.395181,40.011713,,0,0,,,
,14,森林公园南门地铁口,出入口,,116.39269,40.010173,,0,0,,,
,14,劳动广场,景点,,116.380964,40.0105,,0,0,,,
,126,北门入口,出入口,,116.318594,39.945442,,0,0,,,
,126,中心湖区,教学办公楼,,116.317939,39.9423,,0,0,,,
,126,翠池,场所,,116.319633,39.944758,,0,0,,,
,126,双林寺塔遗址,场所,,116.322688,39.939628,,0,0,,,
,126,石刻,场所,,116.324631,39.940415,,0,0,,,
,126,儿童活动区,场所,,116.320166,39.940231,,0,0,,,
,126,西湖观景点,景点,,116.31626,39.941358,,0,0,,,
,126,东湖观景点,景点,,116.31774,39.942602,,0,0,,,
,126,紫竹院公园,景点,,116.318778,39.942496,,0,0,,,
,126,南门入口,出入口,,116.318212,39.939986,,0,0,,,
,126,东门入口,出入口,,116.324631,39.940415,,0,0,,,
,126,西门入口,出入口,,116.314882,39.942543,,0,0,,,
,251,北侧入口,出入口,,116.397544,39.907012,,0,0,,,
,251,南侧入口,出入口,,116.397845,39.900866,,0,0,,,
,251,东侧入口,出入口,,116.399162,39.903974,,0,0,,,
,251,西侧入口,出入口,,116.396198,39.903897,,0,0,,,
,251,国旗杆,场所,,116.397559,39.906642,,0,0,,,
,251,广场中心,教学办公楼,,116.397725,39.903465,,0,0,,,
,251,天安门广场,景点,,116.397725,39.903465,,0,0,,,
,251,人民英雄纪念碑,场所,,116.397549,39.90459,,0,0,,,
,251,毛主席纪念堂,展馆/博物馆,,116.397743,39.902887,,0,0,,,
,251,正阳门,场所,,116.397845,39.900866,,0,0,,,
,815,西门入口,出入口,,116.4625,39.94145,,0,0,,,
,815,东门入口,出入口,,116.4689,39.9401,,0,0,,,
,815,北门入口,出入口,,116.4651,39.94355,,0,0,,,
,815,南门入口,出入口,,116.4645,39.93775,,0,0,,,
,815,中心广场,教学办公楼,,116.46613,39.94049,,0,0,,,
,815,全国农业展览馆,展馆/博物馆,,116.46613,39.94049,,0,0,,,
,815,10号馆,场所,,116.4682,39.93875,,0,0,,,
,815,1号馆,场所,,116.46484,39.94138,,0,0,,,
,815,2号馆,场所,,116.46461,39.94259,,0,0,,,
,815,3号馆,场所,,116.46461,39.94003,,0,0,,,
,815,4号馆,场所,,116.46553,39.94299,,0,0,,,
,815,5号馆,场所,,116.465876,39.939881,,0,0,,,
,815,7号馆,场所,,116.46625,39.9377,,0,0,,,
,815,8号馆,场所,,116.46777,39.93875,,0,0,,,
,815,9号馆,场所,,116.46777,39.93875,,0,0,,,
,815,庆丰收组雕（右）,场所,,116.4637,39.94049,,0,0,,,
,815,庆丰收组雕（左）,场所,,116.463551,39.942278,,0,0,,,
,815,新馆,场所,,116.46443,39.93816,,0,0,,,
,1306,中国人民大学,场所,,116.311959,39.970395,,0,0,,,
,1306,人民大学公交站(东门侧),出入口,,116.319773,39.970173,,0,0,,,
,1306,中国人民大学图书馆,图书馆,,116.315975,39.972361,,0,0,,,
,1306,图书馆及计算机机房,图书馆,,116.315459,39.975217,,0,0,,,
,1306,藏书馆,场所,,116.314768,39.970031,,0,0,,,
,1306,逸夫会堂,场所,,116.316173,39.97028,,0,0,,,
,1306,明德主楼,教学办公楼,,116.308067,39.97183,,0,0,,,
,1306,明德堂,场所,,116.308018,39.972468,,0,0,,,
,1306,明德新闻楼,教学办公楼,,116.308563,39.972434,,0,0,,,
,1306,明德法学楼,教学办公楼,,116.308721,39.971306,,0,0,,,
,1306,求是楼,教学办公楼,,116.316344,39.969441,,0,0,,,
,1306,公共教学一楼,教学办公楼,,116.316366,39.968681,,0,0,,,
,1306,公共教学二楼,教学办公楼,,116.314902,39.968721,,0,0,,,
,1306,公共教学三楼,教学办公楼,,116.313455,39.968487,,0,0,,,
,1306,教学四楼,教学办公楼,,116.317091,39.973572,,0,0,,,
,1306,信息楼,教学办公楼,,116.315592,39.973495,,0,0,,,
,1306,数学学院,教学办公楼,,116.317293,39.97333,,0,0,,,
,1306,国学馆,场所,,116.314971,39.972224,,0,0,,,
,1306,理工楼,教学办公楼,,116.314436,39.970721,,0,0,,,
,1306,崇德楼西楼,教学办公楼,,116.315675,39.970357,,0,0,,,
,1306,崇德楼东楼,教学办公楼,,116.316638,39.970399,,0,0,,,
,1306,文化大厦,场所,,116.318696,39.971276,,0,0,,,
,1306,中国人民大学博物馆,展馆/博物馆,,116.313144,39.969934,,0,0,,,
,1306,艺术学院,教学办公楼,,116.313467,39.970139,,0,0,,,
,1306,人文楼,教学办公楼,,116.313662,39.969209,,0,0,,,
,1306,国际文化交流中心,教学办公楼,,116.316075,39.96829,,0,0,,,
,1306,青年公寓,宿舍,,116.317395,39.968357,,0,0,,,
,1306,立德公寓,宿舍,,116.318862,39.968602,,0,0,,,
,1306,立德楼,教学办公楼,,116.31965,39.96907,,0,0,,,
,1306,留学生1楼,教学办公楼,,116.31517,39.968137,,0,0,,,
,1306,品园1楼,教学办公楼,,116.307751,39.968679,,0,0,,,
,1306,品园3楼,教学办公楼,,116.309005,39.969224,,0,0,,,
,1306,品园6楼（公主楼）,教学办公楼,,116.309962,39.968887,,0,0,,,
,1306,知行1楼,教学办公楼,,116.310752,39.972465,,0,0,,,
,1306,知行2楼,教学办公楼,,116.309916,39.972331,,0,0,,,
,1306,知行3楼,教学办公楼,,116.310837,39.972893,,0,0,,,
,1306,知行6楼,教学办公楼,,116.309362,39.972568,,0,0,,,
,1306,静园1楼,教学办公楼,,116.313554,39.971472,,0,0,,,
,1306,静园10楼,教学办公楼,,116.312487,39.972077,,0,0,,,
,1306,静园20楼,教学办公楼,,116.311595,39.972926,,0,0,,,
,1306,北园1楼,教学办公楼,,116.3106,39.973551,,0,0,,,
,1306,北园4楼,教学办公楼,,116.311232,39.974646,,0,0,,,
,1306,北园6楼,教学办公楼,,116.310003,39.974273,,0,0,,,
,1306,操场,体育场馆,,116.311875,39.969667,,0,0,,,
,1306,世纪馆,场所,,116.310948,39.96956,,0,0,,,
,1306,游泳馆,体育场馆,,116.312493,39.968073,,0,0,,,
,1306,网球场,体育场馆,,116.312155,39.968326,,0,0,,,
,1306,大操场,体育场馆,,116.313149,39.974434,,0,0,,,
,1306,大棚馆,场所,,116.31255,39.975021,,0,0,,,
,1307,清华大学,场所,,116.325022,40.001051,,0,0,,,
,1307,清华大学西门,出入口,,116.314993,39.998029,,0,0,,,
,1307,清华大学南门,出入口,,116.328,39.992473,,0,0,,,
,1307,清华大学东门,出入口,,116.339846,40.002482,,0,0,,,
,1307,清华大学北门,出入口,,116.328439,40.013629,,0,0,,,
,1307,清华大学图书馆,图书馆,,116.32451,40.004422,,0,0,,,
,1307,逸夫馆,场所,,116.323594,40.00494,,0,0,,,
,1307,老馆,场所,,116.324918,40.004828,,0,0,,,
,1307,李文正馆,场所,,116.323694,40.005467,,0,0,,,
,1307,人文社科图书馆（凯风楼）,图书馆,,116.328409,40.004239,,0,0,,,
,1307,法律图书馆,图书馆,,116.328847,39.99932,,0,0,,,
,1307,清华学堂,场所,,116.325534,40.002484,,0,0,,,
,1307,大礼堂,场所,,116.324378,40.003749,,0,0,,,
,1307,二校门,出入口,,116.324414,40.001009,,0,0,,,
,1307,日晷,场所,,116.32454,40.002077,,0,0,,,
,1307,水木清华,场所,,116.322989,40.00322,,0,0,,,
,1307,荷塘月色,场所,,116.322886,40.003415,,0,0,,,
,1307,校史馆,场所,,116.329186,40.002072,,0,0,,,
,1307,清华大学艺术博物馆,展馆/博物馆,,116.335805,40.001944,,0,0,,,
,1307,新清华学堂,场所,,116.329405,40.001608,,0,0,,,
,1307,中央主楼,教学办公楼,,116.33247,40.002013,,0,0,,,
,1307,东主楼,教学办公楼,,116.333615,40.001955,,0,0,,,
,1307,西主楼,教学办公楼,,116.331266,40.001834,,0,0,,,
,1307,第一教学楼,教学办公楼,,116.324021,40.001542,,0,0,,,
,1307,第二教学楼,教学办公楼,,116.323883,40.00231,,0,0,,,
,1307,第三教学楼一、二段,教学办公楼,,116.328722,40.002688,,0,0,,,
,1307,第三教学楼三段,教学办公楼,,116.328459,40.003111,,0,0,,,
,1307,第四教学楼,教学办公楼,,116.327414,40.002508,,0,0,,,
,1307,第五教学楼,教学办公楼,,116.326651,40.002629,,0,0,,,
,1307,第六教学楼A区,教学办公楼,,116.329984,40.002754,,0,0,,,
,1307,第六教学楼B区,教学办公楼,,116.32981,40.003131,,0,0,,,
,1307,第六教学楼C区,教学办公楼,,116.329518,40.002861,,0,0,,,
,1307,文北楼,教学办公楼,,116.326764,40.003951,,0,0,,,
,1307,文南楼,教学办公楼,,116.327516,40.001956,,0,0,,,
,1307,文西楼（新闻与传播学院）,教学办公楼,,116.326014,40.003023,,0,0,,,
,1307,蒙民伟人文楼,教学办公楼,,116.328475,40.003615,,0,0,,,
,1307,建筑馆,场所,,116.333521,39.999596,,0,0,,,
,1307,经济管理学院,教学办公楼,,116.331109,39.99965,,0,0,,,
,1307,工物馆,场所,,116.333526,40.003291,,0,0,,,
,1307,电子工程馆,场所,,116.336103,40.005432,,0,0,,,
,1307,化学馆,场所,,116.319505,40.005976,,0,0,,,
,1307,生物学馆,场所,,116.319658,40.003245,,0,0,,,
,1307,明理楼 （法学院）,教学办公楼,,116.331935,39.998276,,0,0,,,
,1307,新水利馆,场所,,116.325445,40.003544,,0,0,,,
,1307,机械工程馆,场所,,116.325521,40.001274,,0,0,,,
,1307,东大操场,体育场馆,,116.331971,40.005656,,0,0,,,
,1307,西大操场,体育场馆,,116.322208,40.005224,,0,0,,,
,1307,紫荆操场,体育场馆,,116.329337,40.010141,,0,0,,,
,1307,综合体育馆,体育场馆,,116.332297,40.00449,,0,0,,,
,1307,西体育馆,体育场馆,,116.321242,40.005014,,0,0,,,
,1307,北体育馆,体育场馆,,116.332334,40.007683,,0,0,,,
,1307,陈明游泳馆,体育场馆,,116.331158,40.007479,,0,0,,,
,1307,气膜体育馆,体育场馆,,116.331263,40.012554,,0,0,,,
,1307,东区体育馆,体育场馆,,116.331443,40.005848,,0,0,,,
,1307,紫荆学生公寓1号楼,宿舍,,116.326171,40.009788,,0,0,,,
,1307,紫荆学生公寓9号楼,宿舍,,116.32945,40.011551,,0,0,,,
,1307,紫荆学生公寓15号楼,宿舍,,116.328508,40.012682,,0,0,,,
,1307,紫荆学生公寓19号楼,宿舍,,116.332154,40.011531,,0,0,,,
,1307,紫荆学生公寓23号楼,宿舍,,116.334361,40.00958,,0,0,,,
,1308,北京大学,场所,,116.310969,39.993489,,0,0,,,
,1308,北京大学西门,出入口,,116.304675,39.994558,,0,0,,,
,1308,北京大学东门,出入口,,116.31583,39.992061,,0,0,,,
,1308,北京大学图书馆,图书馆,,116.309993,39.991835,,0,0,,,
,1308,阿卜杜勒·阿齐兹国王公共图书馆北京大学分馆（古籍图书馆）,图书馆,,116.309412,39.992792,,0,0,,,
,1308,赛克勒考古与艺术博物馆,展馆/博物馆,,116.305852,39.995667,,0,0,,,
,1308,北大地质博物馆,展馆/博物馆,,116.311783,39.991718,,0,0,,,
,1308,校史馆,场所,,116.306141,39.993289,,0,0,,,
,1308,百周年纪念讲堂,场所,,116.310576,39.989876,,0,0,,,
,1308,博雅塔,场所,,116.311874,39.993918,,0,0,,,
,1308,未名湖石,景点,,116.307853,39.994611,,0,0,,,
,1308,北大百年纪念,场所,,116.309163,39.994788,,0,0,,,
,1308,北京大学星,场所,,116.309188,39.994632,,0,0,,,
,1308,李大钊像,场所,,116.308112,39.992864,,0,0,,,
,1308,蔡元培像,场所,,116.307608,39.994631,,0,0,,,
,1308,西南联大纪念碑,场所,,116.305266,39.993646,,0,0,,,
,1308,北京大学烈士纪念碑,场所,,116.308169,39.992183,,0,0,,,
,1308,第一教学楼,教学办公楼,,116.31043,39.992818,,0,0,,,
,1308,第二教学楼（李兆基楼）,教学办公楼,,116.313374,39.989622,,0,0,,,
,1308,第三教学楼（刘卿楼）,教学办公楼,,116.313866,39.989049,,0,0,,,
,1308,第四教学楼,教学办公楼,,116.31415,39.989323,,0,0,,,
,1308,理科教学楼（黄廷方楼）,教学办公楼,,116.313205,39.991563,,0,0,,,
,1308,电化教学楼（智华楼）,教学办公楼,,116.311927,39.989841,,0,0,,,
,1308,文史楼,教学办公楼,,116.311768,39.992178,,0,0,,,
,1308,地学楼,教学办公楼,,116.311783,39.991719,,0,0,,,
,1308,老化学楼,教学办公楼,,116.311805,39.991334,,0,0,,,
,1308,老生物楼,教学办公楼,,116.311717,39.99252,,0,0,,,
,1308,数学科学学院,教学办公楼,,116.312107,39.989856,,0,0,,,
,1308,北京大学物理学院,教学办公楼,,116.317025,39.993098,,0,0,,,
,1308,北京大学工学院,教学办公楼,,116.318207,39.994246,,0,0,,,
,1308,北京大学工学院与交叉学科大楼,教学办公楼,,116.316894,39.994727,,0,0,,,
,1308,北京大学化学与分子工程学院,教学办公楼,,116.317059,39.991005,,0,0,,,
,1308,北京大学化学学院A区,教学办公楼,,116.317646,39.990702,,0,0,,,
,1308,北京大学化学学院B区,教学办公楼,,116.317294,39.991129,,0,0,,,
,1308,光华管理学院,教学办公楼,,116.313267,39.995608,,0,0,,,
,1308,光华管理学院2号楼,教学办公楼,,116.313786,39.996049,,0,0,,,
,1308,法学院（陈明楼）,教学办公楼,,116.313893,39.995439,,0,0,,,
,1308,法学院（凯原楼）,教学办公楼,,116.313549,39.994526,,0,0,,,
,1308,政府管理学院（廖凯原楼）,教学办公楼,,116.314536,39.995749,,0,0,,,
,1308,北京大学国际关系学院,教学办公楼,,116.306697,39.991742,,0,0,,,
,1308,北京大学国家发展研究院,场所,,116.29872,39.994863,,0,0,,,
,1308,李兆基人文学苑,场所,,116.3113,39.996958,,0,0,,,
,1308,外文楼,教学办公楼,,116.305852,39.995024,,0,0,,,
,1308,办公楼（贝公楼）,教学办公楼,,116.306489,39.994596,,0,0,,,
,1308,民主楼,教学办公楼,,116.30646,39.995343,,0,0,,,
,1308,德斋,场所,,116.307029,39.995423,,0,0,,,
,1308,才斋,场所,,116.307666,39.995433,,0,0,,,
,1308,均斋,场所,,116.30831,39.995468,,0,0,,,
,1308,备斋,场所,,116.308951,39.995477,,0,0,,,
,1308,一院,场所,,116.307486,39.992138,,0,0,,,
,1308,二院,场所,,116.307508,39.991652,,0,0,,,
,1308,三院,场所,,116.307514,39.991167,,0,0,,,
,1308,四院,场所,,116.3088,39.991199,,0,0,,,
,1308,五院,场所,,116.308789,39.991673,,0,0,,,
,1308,六院,场所,,116.308777,39.99215,,0,0,,,
,1308,邱德拔体育馆,体育场馆,,116.315042,39.988742,,0,0,,,
,1308,第一体育馆,体育场馆,,116.311512,39.995318,,0,0,,,
,1308,第二体育馆,体育场馆,,116.308136,39.990767,,0,0,,,
,1308,五四体育中心,教学办公楼,,116.312308,39.987507,,0,0,,,
,1308,五四体育场,场所,,116.313186,39.987749,,0,0,,,
,1308,东操场,体育场馆,,116.312203,39.995227,,0,0,,,
,1308,北京大学中关新园,景点,,116.317682,39.989583,,0,0,,,
,1308,勺园1号楼,教学办公楼,,116.305944,39.991364,,0,0,,,
,1308,勺园3号楼,教学办公楼,,116.305906,39.992009,,0,0,,,
,1308,勺园5号楼,教学办公楼,,116.305317,39.992131,,0,0,,,
,1308,勺园7号楼,教学办公楼,,116.306079,39.990398,,0,0,,,
,1308,勺园9号楼,教学办公楼,,116.305383,39.990099,,0,0,,,
,1309,北京体育大学,场所,,116.31899,40.023477,,0,0,,,
,1309,北京体育大学西南入口,出入口,,116.313954,40.021812,,0,0,,,
,1309,北京体育大学图书馆,图书馆,,116.318616,40.022549,,0,0,,,
,1309,国家训练基地综合馆,场所,,116.318314,40.027407,,0,0,,,
,1309,北京体育大学体育馆,体育场馆,,116.318723,40.020505,,0,0,,,
,1309,室内马术馆,场所,,116.315905,40.028233,,0,0,,,
,1309,体操馆,场所,,116.319824,40.023672,,0,0,,,
,1309,武术馆,场所,,116.31868,40.023601,,0,0,,,
,1309,篮球馆,场所,,116.317271,40.023436,,0,0,,,
,1309,田径馆,场所,,116.315185,40.023224,,0,0,,,
,1309,大鹏馆,场所,,116.315452,40.022687,,0,0,,,
,1309,网球综合训练馆,场所,,116.315824,40.02209,,0,0,,,
,1309,游泳馆,体育场馆,,116.315986,40.021401,,0,0,,,
,1309,北京体育大学足球场,体育场馆,,116.317792,40.02525,,0,0,,,
,1309,西田径场,体育场馆,,116.314938,40.025051,,0,0,,,
,1309,英东田径场,体育场馆,,116.316429,40.02551,,0,0,,,
,1309,篮球场,体育场馆,,116.31953,40.025011,,0,0,,,
,1309,网球场,体育场馆,,116.320782,40.027439,,0,0,,,
,1309,北京体育大学滑板场,场所,,116.319676,40.029389,,0,0,,,
,1309,教学楼,教学办公楼,,116.320078,40.022751,,0,0,,,
,1309,第二教学楼,教学办公楼,,116.318629,40.022825,,0,0,,,
,1309,国际教育与交流学院,教学办公楼,,116.322241,40.020767,,0,0,,,
,1309,人文学院（东平房）,教学办公楼,,116.323007,40.021289,,0,0,,,
,1309,南办公楼,教学办公楼,,116.318874,40.021425,,0,0,,,
,1309,北办公楼,教学办公楼,,116.318782,40.02195,,0,0,,,
,1309,田径场行政楼,体育场馆,,116.315751,40.025174,,0,0,,,
,1309,党员之家,场所,,116.322521,40.020538,,0,0,,,
,1309,阅览室,场所,,116.322702,40.020591,,0,0,,,
,1309,1号学生公寓,宿舍,,116.321783,40.021145,,0,0,,,
,1309,2号学生公寓,宿舍,,116.321442,40.021493,,0,0,,,
,1309,3号学生公寓（小白楼）,宿舍,,116.322251,40.021714,,0,0,,,
,1309,4号学生公寓,宿舍,,116.321406,40.021869,,0,0,,,
,1309,5号学生公寓,宿舍,,116.32222,40.02208,,0,0,,,
,1309,6号学生公寓,宿舍,,116.321343,40.022224,,0,0,,,
,1309,8号学生公寓,宿舍,,116.321245,40.023334,,0,0,,,
,1309,10号学生公寓,宿舍,,116.321178,40.023601,,0,0,,,
,1309,11号学生公寓,宿舍,,116.322073,40.02369,,0,0,,,
,1309,12号学生公寓,宿舍,,116.321178,40.023973,,0,0,,,
,1309,13号学生公寓,宿舍,,116.322036,40.024074,,0,0,,,
,1309,毛泽东像,场所,,116.316988,40.021521,,0,0,,,
,1309,一马当先，万马奔腾,场所,,116.314999,40.020471,,0,0,,,
,1309,科技之光,场所,,116.314468,40.020576,,0,0,,,
,1310,中国农业大学东校区,场所,,116.357452,40.003724,,0,0,,,
,1310,中国农业大学东校区入口,出入口,,116.356837,40.00122,,0,0,,,
,1310,中国农业大学东区图书馆,图书馆,,116.355655,40.003427,,0,0,,,
,1310,中国农业大学新图书馆,图书馆,,116.35878,40.00617,,0,0,,,
,1310,马锦明大楼（主楼）,教学办公楼,,116.356249,40.002033,,0,0,,,
,1310,第一教学楼,教学办公楼,,116.356918,40.002721,,0,0,,,
,1310,二教,场所,,116.355437,40.002673,,0,0,,,
,1310,Teaching Building 3,场所,,116.357107,40.004701,,0,0,,,
,1310,中国农业大学体育馆,体育场馆,,116.359208,40.004088,,0,0,,,
,1310,信息与电气工程学院,教学办公楼,,116.356357,40.00662,,0,0,,,
,1310,工学院,教学办公楼,,116.357433,40.005859,,0,0,,,
,1310,国际学院,教学办公楼,,116.361089,40.002961,,0,0,,,
,1310,Israeli Building,场所,,116.360986,40.002508,,0,0,,,
,1310,计算中心楼,教学办公楼,,116.354947,40.003553,,0,0,,,
,1310,女生宿舍楼,宿舍,,116.35958,40.001812,,0,0,,,
,1310,学生公寓3号楼,宿舍,,116.359928,40.005359,,0,0,,,
,1310,学生公寓二号楼,宿舍,,116.361956,40.0033,,0,0,,,
,1310,老水塔,场所,,116.3577,40.002916,,0,0,,,
,1310,毛泽东雕像,场所,,116.3563,40.001724,,0,0,,,
,1310,中国农业大学昆虫标本馆,场所,,116.357223,40.004483,,0,0,,,
,1312,北京师范大学,场所,,116.365964,39.961697,,0,0,,,
,1312,北京师范大学南门,出入口,,116.368215,39.958016,,0,0,,,
,1312,图书馆,图书馆,,116.36858,39.961038,,0,0,,,
,1312,主楼,教学办公楼,,116.368656,39.960071,,0,0,,,
,1312,教二楼,教学办公楼,,116.370025,39.959374,,0,0,,,
,1312,教四楼,教学办公楼,,116.369927,39.960462,,0,0,,,
,1312,教六楼,教学办公楼,,116.367231,39.961311,,0,0,,,
,1312,教七楼,教学办公楼,,116.367397,39.96078,,0,0,,,
,1312,教八楼,教学办公楼,,116.367404,39.960248,,0,0,,,
,1312,教九楼,教学办公楼,,116.366957,39.959733,,0,0,,,
,1312,教十楼,教学办公楼,,116.36741,39.959221,,0,0,,,
,1312,A教学楼,教学办公楼,,116.368329,39.962884,,0,0,,,
,1312,B教学楼,教学办公楼,,116.368401,39.963523,,0,0,,,
,1312,C教学楼,教学办公楼,,116.367999,39.963184,,0,0,,,
,1312,D教学楼,教学办公楼,,116.368049,39.963532,,0,0,,,
,1312,邱季端体育馆,体育场馆,,116.36434,39.959823,,0,0,,,
,1312,东操场,体育场馆,,116.364168,39.961549,,0,0,,,
,1312,西操场,体育场馆,,116.362822,39.961542,,0,0,,,
,1312,学生活动中心,教学办公楼,,116.363372,39.96253,,0,0,,,
,1312,艺术楼,教学办公楼,,116.362489,39.962498,,0,0,,,
,1312,化学楼,教学办公楼,,116.362518,39.963134,,0,0,,,
,1312,生地楼,教学办公楼,,116.364089,39.963263,,0,0,,,
,1312,标本馆,场所,,116.364001,39.963285,,0,0,,,
,1312,科技楼,教学办公楼,,116.365474,39.961625,,0,0,,,
,1312,京师学堂,场所,,116.366158,39.960716,,0,0,,,
,1312,敬文讲堂,场所,,116.366867,39.960773,,0,0,,,
,1312,励耘学苑,场所,,116.369748,39.961344,,0,0,,,
,1312,人工智能学院,教学办公楼,,116.367708,39.961432,,0,0,,,
,1312,物理学系,场所,,116.367483,39.959254,,0,0,,,
,1312,天文学系,场所,,116.36726,39.959261,,0,0,,,
,1312,学1楼,教学办公楼,,116.361808,39.96192,,0,0,,,
,1312,学3楼,教学办公楼,,116.361876,39.960875,,0,0,,,
,1312,学7楼,教学办公楼,,116.362805,39.959483,,0,0,,,
,1312,学10楼,教学办公楼,,116.361972,39.958306,,0,0,,,
,1312,乐育1楼,教学办公楼,,116.370198,39.962318,,0,0,,,
,1312,乐育5楼,教学办公楼,,116.36827,39.962031,,0,0,,,
,1312,乐育9楼,教学办公楼,,116.367346,39.962443,,0,0,,,
,1312,木铎,场所,,116.368194,39.958761,,0,0,,,
,1312,北京师范大学百年钟,场所,,116.367796,39.96117,,0,0,,,
,1312,校训碑,场所,,116.366636,39.958932,,0,0,,,
,1313,北门,出入口,,116.357042,39.964935,,0,0,,,
,1313,西门,出入口,,116.355315,39.961128,,0,0,,,
,1313,北邮体育馆,体育场馆,,116.359927,39.961962,,0,0,,,
,1313,体育场,场所,,116.36013,39.960645,,0,0,,,
,1313,学生活动中心,教学办公楼,,116.357311,39.964118,,0,0,,,
,1313,学生发展中心,教学办公楼,,116.357793,39.96343,,0,0,,,
,1313,科研楼,教学办公楼,,116.358953,39.964163,,0,0,,,
,1313,未来学习大楼,教学办公楼,,116.358372,39.961315,,0,0,,,
,1313,科学会堂,场所,,116.359019,39.961355,,0,0,,,
,1313,教一楼,教学办公楼,,116.357964,39.961931,,0,0,,,
,1313,教二楼,教学办公楼,,116.358021,39.960528,,0,0,,,
,1313,教三楼,教学办公楼,,116.356467,39.960379,,0,0,,,
,1313,教四楼,教学办公楼,,116.356282,39.961944,,0,0,,,
,1313,档案馆,场所,,116.358087,39.963099,,0,0,,,
,1313,校史馆,场所,,116.359244,39.963904,,0,0,,,
,1313,学生1号公寓,宿舍,,116.355835,39.96243,,0,0,,,
,1313,学生5号公寓,宿舍,,116.355758,39.963543,,0,0,,,
,1313,学生6号公寓,宿舍,,116.358205,39.964668,,0,0,,,
,1313,学生11号公寓,宿舍,,116.355721,39.964699,,0,0,,,
,1314,中国地质大学（北京）,场所,,116.34676,39.990016,,0,0,,,
,1314,中国地质大学北门,出入口,,116.35018,39.993327,,0,0,,,
,1314,中国地质大学博物馆,展馆/博物馆,,116.350195,39.993325,,0,0,,,
,1314,中国地质图书馆,图书馆,,116.349799,39.991724,,0,0,,,
,1314,中国地质大学校史馆,场所,,116.348574,39.991612,,0,0,,,
,1314,地大体育馆,体育场馆,,116.346287,39.990656,,0,0,,,
,1314,地质大学网球场,体育场馆,,116.350382,39.989187,,0,0,,,
,1314,棒球训练场,场所,,116.350727,39.989405,,0,0,,,
,1314,东操场,体育场馆,,116.350796,39.989942,,0,0,,,
,1314,西操场,体育场馆,,116.349457,39.989984,,0,0,,,
,1314,教11楼,教学办公楼,,116.351114,39.989253,,0,0,,,
,1314,教10楼,教学办公楼,,116.352429,39.989351,,0,0,,,
,1314,教五楼,教学办公楼,,116.351607,39.990105,,0,0,,,
,1314,逸夫楼,教学办公楼,,116.352381,39.990967,,0,0,,,
,1314,教4楼,教学办公楼,,116.350721,39.991422,,0,0,,,
,1314,综合办公楼,教学办公楼,,116.349018,39.991505,,0,0,,,
,1314,中国地质大学信息工程学院,教学办公楼,,116.352321,39.991509,,0,0,,,
,1314,地大国际会议中心,教学办公楼,,116.345157,39.991522,,0,0,,,
,1314,学15楼,教学办公楼,,116.347752,39.991595,,0,0,,,
,1314,学14楼,教学办公楼,,116.346997,39.991774,,0,0,,,
,1314,教2楼,教学办公楼,,116.351522,39.991821,,0,0,,,
,1314,教14楼,教学办公楼,,116.349058,39.992122,,0,0,,,
,1314,综合楼,教学办公楼,,116.350534,39.992213,,0,0,,,
,1314,地调楼,教学办公楼,,116.349834,39.99222,,0,0,,,
,1314,阶梯教室,教学办公楼,,116.349423,39.992233,,0,0,,,
,1314,东2楼,教学办公楼,,116.347804,39.992261,,0,0,,,
,1314,新生代广场,景点,,116.346375,39.992441,,0,0,,,
,1314,学18楼,教学办公楼,,116.345128,39.992536,,0,0,,,
,1314,学17楼,教学办公楼,,116.347737,39.992624,,0,0,,,
,1314,水资源与环境学院,教学办公楼,,116.351866,39.992691,,0,0,,,
,1314,土地科学技术学院,教学办公楼,,116.351213,39.992742,,0,0,,,
,1314,学19楼,教学办公楼,,116.348988,39.992748,,0,0,,,
,1314,科研楼,教学办公楼,,116.350209,39.992804,,0,0,,,
,1314,小花园,景点,,116.350572,39.991779,,0,0,,,
,1314,花园,景点,,116.351518,39.992271,,0,0,,,
,1314,冬日广场,景点,,116.347529,39.99068,,0,0,,,
,1316,北京交通大学主校区,场所,,116.343057,39.951838,,0,0,,,
,1316,北京交通大学东门,出入口,,116.347399,39.953853,,0,0,,,
,1316,图书馆,图书馆,,116.343484,39.952042,,0,0,,,
,1316,交大校史博物馆,展馆/博物馆,,116.340309,39.950647,,0,0,,,
,1316,天佑会堂,场所,,116.340238,39.949964,,0,0,,,
,1316,詹天佑雕像,场所,,116.340857,39.950103,,0,0,,,
,1316,饮水思源碑,场所,,116.341125,39.950284,,0,0,,,
,1316,世纪钟,场所,,116.342172,39.950332,,0,0,,,
,1316,思源楼,教学办公楼,,116.340824,39.951492,,0,0,,,
,1316,思源西楼,教学办公楼,,116.339909,39.951227,,0,0,,,
,1316,思源东楼,教学办公楼,,116.341817,39.951545,,0,0,,,
,1316,科学会堂,场所,,116.341788,39.951837,,0,0,,,
,1316,一号教学楼,教学办公楼,,116.341568,39.952411,,0,0,,,
,1316,二号教学楼,教学办公楼,,116.340616,39.952245,,0,0,,,
,1316,第四教学楼,教学办公楼,,116.340081,39.950659,,0,0,,,
,1316,第五教学楼,教学办公楼,,116.342665,39.951121,,0,0,,,
,1316,第七教学楼,教学办公楼,,116.341966,39.951116,,0,0,,,
,1316,第八教学楼,教学办公楼,,116.342431,39.952624,,0,0,,,
,1316,第九教学楼,教学办公楼,,116.342338,39.949827,,0,0,,,
,1316,东阶梯教室,教学办公楼,,116.342696,39.950705,,0,0,,,
,1316,逸夫教学楼与研究生院,教学办公楼,,116.345171,39.951701,,0,0,,,
,1316,运输设备教学馆,教学办公楼,,116.34233,39.95311,,0,0,,,
,1316,土木工程楼,教学办公楼,,116.346046,39.950445,,0,0,,,
,1316,机械楼,教学办公楼,,116.345871,39.951078,,0,0,,,
,1316,机械实验馆,教学办公楼,,116.345047,39.950757,,0,0,,,
,1316,电气工程楼,教学办公楼,,116.344971,39.951284,,0,0,,,
,1316,建筑与艺术楼,教学办公楼,,116.338942,39.951416,,0,0,,,
,1316,信息中心,教学办公楼,,116.339782,39.951674,,0,0,,,
,1316,学生活动中心,教学办公楼,,116.338013,39.950545,,0,0,,,
,1316,交大体育馆,体育场馆,,116.336918,39.95189,,0,0,,,
,1316,北京交通大学综合体育馆,体育场馆,,116.338777,39.952788,,0,0,,,
,1316,篮球场,体育场馆,,116.338826,39.951959,,0,0,,,
,1316,排球场,体育场馆,,116.339234,39.952045,,0,0,,,
,1316,网球场,体育场馆,,116.339725,39.952144,,0,0,,,
,1316,逸夫操场,体育场馆,,116.345059,39.952354,,0,0,,,
,1316,西操场,体育场馆,,116.337861,39.952405,,0,0,,,
,1316,2号学生公寓,宿舍,,116.340481,39.949329,,0,0,,,
,1316,12号学生公寓,宿舍,,116.339331,39.949818,,0,0,,,
,1316,18号学生公寓,宿舍,,116.343561,39.952782,,0,0,,,
,1316,16号学生公寓,宿舍,,116.34334,39.953495,,0,0,,,
,1316,19号学生公寓,宿舍,,116.339484,39.949298,,0,0,,,
,1316,22号学生公寓,宿舍,,116.338381,39.949726,,0,0,,,
,1317,北京理工大学,场所,,116.31584,39.959138,,0,0,,,
,1317,北京理工大学东门,出入口,,116.31865,39.9602,,0,0,,,
,1317,北京理工大学体育馆,体育场馆,,116.314447,39.959199,,0,0,,,
,1317,北京理工大学足球场,体育场馆,,116.315618,39.959255,,0,0,,,
,1317,中心教学楼,教学办公楼,,116.316978,39.959273,,0,0,,,
,1317,3号教学楼,教学办公楼,,116.318435,39.960192,,0,0,,,
,1317,4号教学楼,教学办公楼,,116.318618,39.95864,,0,0,,,
,1317,六号教学楼,教学办公楼,,116.310369,39.964443,,0,0,,,
,1317,七号教学楼,教学办公楼,,116.316963,39.958431,,0,0,,,
,1317,信息教学楼,教学办公楼,,116.31717,39.957866,,0,0,,,
,1317,研究生教学楼,教学办公楼,,116.317985,39.957584,,0,0,,,
,1317,北京理工大学国际教育交流中心,教学办公楼,,116.31076,39.962362,,0,0,,,
,1317,北京科学会堂,场所,,116.317705,39.965099,,0,0,,,
,1317,会议楼,教学办公楼,,116.31798,39.965019,,0,0,,,
,1317,悦宾楼,教学办公楼,,116.317568,39.963985,,0,0,,,
,1317,怡宾楼,教学办公楼,,116.317909,39.962763,,0,0,,,
,1317,瑞宾楼,教学办公楼,,116.318707,39.961773,,0,0,,,
,1317,篮球场,体育场馆,,116.312844,39.958561,,0,0,,,
,1317,篮球场北,体育场馆,,116.312834,39.958831,,0,0,,,
,1317,3号学生公寓,宿舍,,116.312257,39.957172,,0,0,,,
,1317,6号学生公寓,宿舍,,116.312073,39.958536,,0,0,,,
,1317,11号学生宿舍,宿舍,,116.314321,39.958248,,0,0,,,
,1317,16号学生公寓,宿舍,,116.311518,39.958325,,0,0,,,
,1317,新一号宿舍,宿舍,,116.315582,39.957697,,0,0,,,
,1317,2号研究生公寓,宿舍,,116.31009,39.957653,,0,0,,,
,1317,硕博小区1号楼,教学办公楼,,116.310801,39.958213,,0,0,,,
,1317,硕博小区3号楼,教学办公楼,,116.309935,39.958375,,0,0,,,
,1317,2号教职工公寓,宿舍,,116.310384,39.957221,,0,0,,,
,1317,4号教职工公寓,宿舍,,116.314344,39.957273,,0,0,,,
,1319,中国传媒大学,场所,,116.558385,39.913753,,0,0,,,
,1319,中国传媒大学西门,出入口,,116.5542,39.91276,,0,0,,,
,1319,中国传媒大学东门,出入口,,116.5609,39.91262,,0,0,,,
,1319,中国传媒大学图书馆,图书馆,,116.557711,39.914519,,0,0,,,
,1319,传媒博物馆,展馆/博物馆,,116.557187,39.91445,,0,0,,,
,1319,广告博物馆,展馆/博物馆,,116.559368,39.914735,,0,0,,,
,1319,校史馆,场所,,116.556966,39.914511,,0,0,,,
,1319,大阅城,场所,,116.557966,39.914232,,0,0,,,
,1319,文化广场,景点,,116.557035,39.911962,,0,0,,,
,1319,中传足球场,体育场馆,,116.558798,39.911517,,0,0,,,
,1319,游泳馆,体育场馆,,116.560009,39.91366,,0,0,,,
,1319,大学生活动中心,教学办公楼,,116.561387,39.913184,,0,0,,,
,1319,中国传媒大学国际交流中心,教学办公楼,,116.560029,39.911411,,0,0,,,
,1319,中国传媒大学停车场入口,出入口,,116.55805,39.91231,,0,0,,,
,1320,中央美术学院,教学办公楼,,116.463893,39.983546,,0,0,,,
,1320,中央美术学院美术馆,展馆/博物馆,,116.46476,39.984428,,0,0,,,
,1320,中央美术学院图书馆,图书馆,,116.463715,39.983792,,0,0,,,
,1320,中央美术学院北校区图书馆,图书馆,,116.46318,39.984825,,0,0,,,
,1320,中央美术学院设计学院,教学办公楼,,116.465257,39.98149,,0,0,,,
,1320,中央美术学院油画系材料工作室,教学办公楼,,116.465869,39.983134,,0,0,,,
,1320,中央美术学院国际办公室,教学办公楼,,116.464592,39.981545,,0,0,,,
,1320,中央美术学院东北门,出入口,,116.464786,39.985004,,0,0,,,
,1320,中央美术学院南区出入口,出入口,,116.464568,39.981312,,0,0,,,
,1321,西门,出入口,,116.284156,40.156788,,0,0,,,
,1321,田径场入口,出入口,,116.287055,40.15818,,0,0,,,
,1321,篮球场门口,出入口,,116.286666,40.158795,,0,0,,,
,1321,网球场门口,出入口,,116.286777,40.158078,,0,0,,,
,1321,排球场门口,出入口,,116.28638,40.157962,,0,0,,,
,1321,雁北E,场所,,116.287459,40.159161,,0,0,,,
,1321,雁北A,场所,,116.28801,40.158358,,0,0,,,
,1321,雁北B,场所,,116.287966,40.158761,,0,0,,,
,1321,雁北D1,场所,,116.288831,40.158438,,0,0,,,
,1321,雁北C,场所,,116.288662,40.159014,,0,0,,,
,1321,雁北D2,场所,,116.288438,40.159435,,0,0,,,
,1321,教工餐厅入口1,出入口,,116.28916,40.159004,,0,0,,,
,1321,教工餐厅入口2,出入口,,116.28947,40.159075,,0,0,,,
,1321,教工餐厅入口3,出入口,,116.289543,40.158922,,0,0,,,
,1321,教工餐厅二楼入口1,出入口,,116.28922,40.159052,,0,0,,,
,1321,教工餐厅二楼入口2,出入口,,116.28955,40.159024,,0,0,,,
,1321,教工餐厅入口4,出入口,,116.289319,40.158611,,0,0,,,
,1321,风味餐厅入口1,出入口,,116.28916,40.159201,,0,0,,,
,1321,风味餐厅入口2,出入口,,116.289418,40.159281,,0,0,,,
,1321,办公楼门口,出入口,,116.290129,40.159477,,0,0,,,
,1321,学活北入口,出入口,,116.290236,40.159284,,0,0,,,
,1321,学活南入口,出入口,,116.290411,40.158877,,0,0,,,
,1321,东配楼门口,出入口,,116.291996,40.159871,,0,0,,,
,1321,图书馆入口1,出入口,,116.291227,40.159688,,0,0,,,
,1321,图书馆入口2,出入口,,116.291291,40.159489,,0,0,,,
,1321,图书馆入口3,出入口,,116.291277,40.159068,,0,0,,,
,1321,图书馆入口4,出入口,,116.291917,40.159142,,0,0,,,
,1321,图书馆入口4,出入口,,116.292229,40.158649,,0,0,,,
,1321,N楼入口2,出入口,,116.291567,40.158475,,0,0,,,
,1321,N楼入口3,出入口,,116.292896,40.158783,,0,0,,,
,1321,N楼入口4,出入口,,116.292137,40.15848,,0,0,,,
,1321,S楼入口1,出入口,,116.291827,40.157918,,0,0,,,
,1321,S楼入口2,出入口,,116.2923,40.158161,,0,0,,,
,1321,S楼入口3,出入口,,116.293052,40.158211,,0,0,,,
,1321,S楼入口4,出入口,,116.293012,40.158334,,0,0,,,
,1321,N楼入口5,出入口,,116.292925,40.158662,,0,0,,,
,1321,S1入口1,出入口,,116.294187,40.159234,,0,0,,,
,1321,S1入口2,出入口,,116.293485,40.159007,,0,0,,,
,1321,S1入口3,出入口,,116.293485,40.158785,,0,0,,,
,1321,S2入口1,出入口,,116.293729,40.158487,,0,0,,,
,1321,S2入口2,出入口,,116.294323,40.158873,,0,0,,,
,1321,S3入口,出入口,,116.294109,40.157772,,0,0,,,
,1321,理院入口1,出入口,,116.295181,40.157489,,0,0,,,
,1321,理院入口2,出入口,,116.294986,40.157065,,0,0,,,
,1321,学生食堂入口1,出入口,,116.290821,40.15635,,0,0,,,
,1321,学生食堂入口2,出入口,,116.290586,40.156273,,0,0,,,
,1321,学生食堂入口3,出入口,,116.291203,40.15627,,0,0,,,
,1321,s6入口1,出入口,,116.290146,40.155701,,0,0,,,
,1321,s6入口2,出入口,,116.289701,40.155742,,0,0,,,
,1321,s5入口1,出入口,,116.290129,40.156059,,0,0,,,
,1321,s5入口2,出入口,,116.289864,40.156564,,0,0,,,
,1321,雁南s4,场所,,116.289732,40.15702,,0,0,,,
,1321,雁南s3,场所,,116.289331,40.157331,,0,0,,,
,1321,雁南s2,场所,,116.289161,40.157781,,0,0,,,
,1321,雁南s1入口1,出入口,,116.288528,40.157781,,0,0,,,
,1321,雁南s1入口2,出入口,,116.288354,40.157381,,0,0,,,
,1321,南门,出入口,,116.292337,40.156288,,0,0,,,
,1322,北京航空航天大学沙河校区图书馆(待建),图书馆,,116.271747,40.154146,,0,0,,,
,1322,北京航空航天大学沙河校区综合体育馆,体育场馆,,116.274375,40.151875,,0,0,,,
,1322,北京航空航天大学沙河校区游泳馆,体育场馆,,116.274753,40.151166,,0,0,,,
,1322,北京航空航天大学沙河校区足球场,体育场馆,,116.268197,40.155668,,0,0,,,
,1322,北京航空航天大学沙河校区田径场,体育场馆,,116.275938,40.152256,,0,0,,,
,1322,北京航空航天大学沙河校区6号宿舍楼,宿舍,,116.264857,40.155404,,0,0,,,
,1322,北京航空航天大学沙河校区学生公寓西区,宿舍,,116.263725,40.154625,,0,0,,,
,1322,北航沙河校区东门,出入口,,116.276428,40.154182,,0,0,,,
,1322,沙河唯实国际文化交流中心,教学办公楼,,116.266287,40.156351,,0,0,,,
,1322,北京航空航天大学沙河校区排球场,体育场馆,,116.274684,40.153018,,0,0,,,
,1322,北京航空航天大学沙河校区网球场,体育场馆,,116.275341,40.153248,,0,0,,,
