id,username,password_hash,nickname,avatar_url,role,status,created_at,updated_at
1,admin,$2b$10$we583Jj4oCIYLqYllYXZ/uobMad5bIuCzj1BuHYOORPkS4qkS17Kq,系统管理员,,admin,1,2026/3/30 10:29,2026/4/11 1:16
2,09298849,$2b$10$nwcivNc40uoDZO3Yrp6YVeslEKIqKB/gAI8dIJs1k7FNXSYiFV4qq,09298849,,user,1,2026/1/6 15:07,2026/5/26 11:25
3,1096726,$2b$10$CdiJx9AF7emBtkuRf52/dOrbXGf5ejco7B6mL./QG1hj4oiSR3N8.,1096726,,user,1,2026/1/5 9:19,2026/4/9 17:44
4,1152880,$2b$10$TpY4sTgwWabENJFhug.pOuqjlFm/AozMSntxhnXE66e2HdcgbariW,1152880,,user,1,2026/1/19 22:44,2026/5/28 13:05
5,北极星,$2b$10$.4mkxXW734PXcbAXzl0IYOZwpU24pcauNGqKt447lmFXwLaBv81Pu,北极星,,user,1,2026/1/28 6:28,2026/5/12 21:01
6,1016927,$2b$10$blZOYGPflq1Hy2E83L8kouExymld3A/tWsLhOKUEymBbCbTq2GH7W,1016927,,user,1,2025/12/17 1:16,2026/5/24 23:26
7,自信的小刚,$2b$10$UObweeNcIlQgrqFyrMkAluYFBjkd.7qH0jI2G6FFJEHQbrKQxnr.e,自信的小刚,,user,1,2026/1/28 4:03,2026/4/30 17:09
8,1096945,$2b$10$COsP15wTc7UtpOQ1Qng5YeeOVou2IMrue02otKHD0JBAN.zvki0E6,1096945,,user,1,2026/1/20 17:04,2026/5/13 1:54
9,阿天 001,$2b$10$1l2HqA9IRD9W3Qrd63KObeIu4/3US2OLYLuGU3XbY1sevvhSdYHqC,阿天 001,,user,1,2026/1/8 5:36,2026/5/24 12:46
10,陈了个小星,$2b$10$uv2TPuvWW2AOPcnkhzmVFexi.BtEraF45gkWNW0EeDL1GALBcUppi,陈了个小星,,user,1,2026/2/11 9:55,2026/5/27 1:35
11,万事胜意鸭,$2b$10$ANYlChwu3U90BfY8CkEqBeDQoW7AY.gq8cgd9057btK90z.P5MQrO,万事胜意鸭,,user,1,2025/12/22 17:28,2026/5/23 16:17
12,魏乖宝宝,$2b$10$S.tKKwardX9k6hg6iJYu8OP51c5/t3mtJs5VI4Hu1105dNeZLk78q,魏乖宝宝,,user,1,2026/2/7 13:54,2026/5/15 10:22
13,1230064,$2b$10$l8ytGmurZmTEsywbVDJ0h.oSKGtKT968sLzHdqnZxi0HcoLSnfPkm,1230064,,user,1,2026/1/8 6:32,2026/5/18 5:10
14,0997527,$2b$10$Uh79j/FVA6NgLD6qMhFDQOiEnDNUvaxSkPnKGTuOhobGgy8s.LEty,0997527,,user,1,2026/2/14 6:04,2026/5/24 13:07
15,0968883,$2b$10$y6bFqhej9HvWiwBNXl9K.uy6ozrCC1qZWpTxRoci1SXkONI5LfRMa,0968883,,user,1,2025/12/24 1:53,2026/4/28 3:06
16,霜之哀伤,$2b$10$qW0M45KCpLwZJC6w6nNOl.kBG6iLVnQOowrlgtjS0VbWAqWpfM6zG,霜之哀伤,,user,1,2026/1/2 14:48,2026/4/3 0:52
17,0979583,$2b$10$2i7MQ5/Wln5RoeSRCgHRcO/Y.Jg7V8asgL2nC7wcYf2M64iHCqcuS,0979583,,user,1,2025/12/25 18:49,2026/5/3 11:03
18,闲得鸡飞蛋打,$2b$10$.JVM9.KFtSivpt/AnS7PFuFGGBCh8/L/sCvRRevVxuXQoZSP/jFem,闲得鸡飞蛋打,,user,1,2026/1/28 7:45,2026/5/31 13:56
19,烤鸟鹅鸡鸭,$2b$10$MZhEhDXfHNCRGsWZxDG5Au0Mk4qpO6.MHmecrMQOE8tesduYdQWmS,烤鸟鹅鸡鸭,,user,1,2026/1/11 20:17,2026/3/9 19:28
20,操控的威尔,$2b$10$OxhA6uRIgr9yaldaZD0ZFOPctve6vpd8Jk8k7G0YveYvGIoU4PsEa,操控的威尔,,user,1,2026/1/30 17:49,2026/3/5 1:00
21,坐忘道,$2b$10$/E0nSjx/z1pNjIb.5AsUveI3mXRMyKpf.RXN0zDUeLXiBaK6v6uKa,坐忘道,,user,1,2026/2/27 2:41,2026/5/16 10:15
22,Duckgood,$2b$10$3wOlamituP8yilSMlmL6xuYiYxqpgeJcucKeYo8XMxyyJk.loXBbO,Duckgood,,user,1,2025/12/30 7:02,2026/2/9 0:45
23,洒脱的文文,$2b$10$Som/d4vcaAgVx06TDRg6LuBtS92rxRsRg3UAwVXTIZhV1reAHqBkW,洒脱的文文,,user,1,2025/12/17 10:06,2026/4/16 14:54
24,爱你鸭,$2b$10$T2BCebESKAAFKcbC0uXEG.K/xwIGG1a1eNwDgR.WjP0R8.alZz2Q6,爱你鸭,,user,1,2026/2/2 5:25,2026/4/22 1:32
25,开心呀,$2b$10$kNV6RQA/CWIFt1BxvILPMeQ4TYisqAkaSAmv6/l9lZ2xVsLB44Ity,开心呀,,user,1,2026/1/6 6:42,2026/4/27 8:34
26,11011000,$2b$10$mksTNpJvQIur.pKJV/JAWOOwJQZHVwI6pJEvnvpjcfUr/atKTqUTO,11011000,,user,1,2026/1/20 7:01,2026/3/26 17:02
27,阳 sunlight,$2b$10$v5Og.qCKnVIMpgH/jn9NUemOq26gIldg89Z5LQTt8g5QADxEco0/e,阳 sunlight,,user,1,2026/1/3 5:23,2026/5/31 16:47
28,冾,$2b$10$GHlgt4JqRft3jRrK2GDgAu2gXYWRvbczrnhbZjECi65zNd6/ExoT2,冾,,user,1,2026/1/4 2:18,2026/5/19 3:14
29,宝宝,$2b$10$0eFGqRPtXy1X0/f3I9M85.py42LSxKJ56ByeCeMsc8XiLHzpfKsW.,宝宝,,user,1,2026/1/12 2:40,2026/2/5 5:51
30,0925500,$2b$10$PoXAVTXe2GQzjFv5tbieR.WxOO1/nuUnX1r1KRDWcAMlFqWl1ficm,0925500,,user,1,2026/1/5 5:48,2026/5/5 0:32
31,噗噗噗,$2b$10$ZAHdxmtS8Y0gV2I2fmqOuurPAyGi95EcpiW0705otvsYkppG.mh2i,噗噗噗,,user,1,2026/1/23 16:41,2026/2/6 23:37
32,神话孙悟空,$2b$10$X/nQ6pUjWFqghFMPlR2nle8PBYluC1uUbRd5WoG4D20B1smF48MaS,神话孙悟空,,user,1,2026/1/19 12:34,2026/5/26 9:12
33,文森鸭,$2b$10$biXFHtfkw7qKbyPDSkdQD.RYuNbpKapD1P4swXUTlpuPr/jU/CUbO,文森鸭,,user,1,2025/12/21 15:43,2026/5/31 8:58
34,热情的小阳,$2b$10$rkNj/8r1Obgq6PSmw0hbiOLF/SpasOfE2mZk2.z9EbblI29bvAAfe,热情的小阳,,user,1,2025/12/23 10:17,2026/4/7 15:25
35,枯藤老树昏鸦,$2b$10$QeYTLJA2epucjoATk2/ZAuJB6gfttXWo7Q6a4KqdITTzeOS55hVcK,枯藤老树昏鸦,,user,1,2026/2/19 21:49,2026/4/8 1:09
36,0961798,$2b$10$JpSXJcvnCawn3irBTE1aSOElII55aktluKN24Ho/9TavZoTaA5RXS,0961798,,user,1,2026/1/10 10:28,2026/4/24 22:22
37,1304254,$2b$10$SEhAcA40YAL4gakkUHo7zO4s/O3L9gLuHwUTkLaf15ab14y/27ZWq,1304254,,user,1,2026/1/10 22:18,2026/3/16 12:02
38,烧烤鸭,$2b$10$KcClJ9MEqFdmujuvDHrZV.VRWeA3is/jvMWvesKEYUJbblk65kRIe,烧烤鸭,,user,1,2026/1/22 0:35,2026/5/30 2:31
39,反方向的钟,$2b$10$E1IQqCM5OuImZhvgKdC/guIQTlVg3jqRNLPUVpf9p42EAzO6HRCD.,反方向的钟,,user,1,2026/2/25 0:49,2026/4/21 8:21
40,摸鱼不摸,$2b$10$dKkYSL8jLIrfOE4.tRtpa.3TLVXWxWb7lf8uWK.4FcRSZEMgB5q/u,摸鱼不摸,,user,1,2026/2/1 13:07,2026/3/19 15:34
41,1066102,$2b$10$5jfDc6BOF1ZrDQboBSa6Se6c21qHz1dEkR1flJpxk5k5xboDutdce,1066102,,user,1,2026/1/16 7:14,2026/5/20 20:57
42,不想鸭,$2b$10$VMoL7Ye5xk/FiMhuEOvHp.s84IoUmjwqO7DZGcj2ElZ83sh5i7/mO,不想鸭,,user,1,2026/2/14 21:32,2026/4/5 13:30
43,飘鸭飘,$2b$10$T6NOstLXbdR.4MB7zkngauV77fKSagstbJJO9VLUcqesOv30bBoFG,飘鸭飘,,user,1,2026/1/23 5:54,2026/5/10 21:22
44,六七一十三,$2b$10$tVZpbWiteZZKWyq/gxMkUubvQAfR1X6fJacVo7KEfsFksoXBv.xlm,六七一十三,,user,1,2025/12/25 22:17,2026/5/17 4:08
45,1093877,$2b$10$/9SzxeH3wDQepjor5G1zf.geIgNdPxE2wNB0WOO4Ho.uN9Id26kr.,1093877,,user,1,2025/12/26 21:51,2026/5/29 5:57
46,予烬赌咒剑,$2b$10$b9CnwdMks7YmdIvzWdVNleC.JOS.FRl8UiZuYi.zQ8B9GlEj1sz4S,予烬赌咒剑,,user,1,2026/3/30 21:05,2026/4/24 5:26
47,满城落繁华,$2b$10$ZEgkYXEmIn5y4c3DlsVAvuVMMGcgrMh7Rkt.U8CUk6KIB1yuZPmLy,满城落繁华,,user,1,2026/1/30 20:51,2026/4/27 17:20
48,Tian,$2b$10$nopgyOGm2oXaalmWQqgDqe2jhXd/FW.VgEH80332Q4lFyAgUKjK5K,Tian,,user,1,2026/1/21 1:11,2026/5/7 8:21
49,冲鸭,$2b$10$BF43AemblauxyVr2bgoxYO1TqoiSfWOjppjWDeBK7Ox6Mdz2s3ShC,冲鸭,,user,1,2026/1/7 11:23,2026/3/23 8:01
50,笑口常开,$2b$10$UEFbb7bU8KEYE8fKEmlJJeBn/utFsxDaX1nOLA5SHPkWqrsxy.AQG,笑口常开,,user,1,2026/1/3 15:30,2026/5/12 8:25
51,星辰,$2b$10$gO/Pg50mAqukwXSHew/ecua6LBSEdgo9.IqXem6q4VVd5yLen5AKO,星辰,,user,1,2026/2/5 7:30,2026/5/9 23:16
52,没有名字 (1010162),$2b$10$kyLZxgErq/Fnb56Scwf8sepsDBT82tMkwFTYmuPwXpeaUEEVG5.pO,没有名字 (10…,,user,1,2026/3/13 18:22,2026/5/7 12:31
53,LuckyJora,$2b$10$/hflTEaQzKCScuOc89nJzev3J9CYZgdZPsOh/EUWOjiSZ/AdcsJwi,LuckyJora,,user,1,2026/1/24 11:19,2026/5/12 22:47
54,自由的林娜,$2b$10$7113j4Wzlc/O97W11VHuD.7v2o4Rf/tcaJDx.JxffQb6jmzk/Rqm2,自由的林娜,,user,1,2026/2/3 11:59,2026/4/1 3:37
55,舞蝶,$2b$10$FoSI6lFGcyhSSHlbdDXwxei3TbORQRUP8pLde5GiRXOpjkckdjN5q,舞蝶,,user,1,2026/1/12 10:56,2026/4/4 5:49
56,有钱鸭,$2b$10$Ayw8mDQIUoZmqEEssKg1O.YFLd.6X3F3G1vbHZWIn/IlOlwxHQp6G,有钱鸭,,user,1,2026/1/16 20:07,2026/4/19 17:08
57,无鸭无虑,$2b$10$B1xo3u8hOcX5qPb8F37MRe14ys2uZThNrXyxovW74JYpgHkBkIrgK,无鸭无虑,,user,1,2026/2/26 21:00,2026/5/2 0:13
58,0888634,$2b$10$zKB4nRsNUwttyhwtr80PUOVFgS8sTtPMidyfNEkyrSsbACg.rpL0.,0888634,,user,1,2026/1/18 22:12,2026/5/31 17:04
59,冒险王,$2b$10$0KGRuKjVydKefpCBQW1mLuej8EgUH92LBvoApfbFRvlah497ZKau.,冒险王,,user,1,2026/1/11 4:13,2026/5/23 7:12
60,可口的可乐,$2b$10$CnOE/fW4rNksCSQi.n/nYOy9jFeqaXXLXWb./o.HcHwIxhvgkubgO,可口的可乐,,user,1,2025/12/23 6:18,2026/2/16 1:07
61,咕咕鸡,$2b$10$YSJMzJI1DAMzL5lsftctKObPbUECkY5y5gluPOAsxb7/jHOhXrO1K,咕咕鸡,,user,1,2026/1/26 3:19,2026/3/27 14:08
62,1269909,$2b$10$l4Mho5hVgfqBVk1EgWtH.uB/fgO/3zrTlFUoklJ9FXkr3kxVupHQ.,1269909,,user,1,2026/1/7 23:14,2026/5/9 12:27
63,xander,$2b$10$bn/zx1oOi98t2gV6Kr8Ffu4HpXVfLjWoE65P78UzuErGuUWDf8yyi,xander,,user,1,2025/12/22 7:24,2026/3/8 20:18
64,不负卿,$2b$10$hkWtGkNcJwqtnDL/6G2ZD.h9RDcJtCSFjcsITi74rWz0IswP2DuDq,不负卿,,user,1,2026/1/16 11:13,2026/3/29 4:13
65,1056389,$2b$10$G1Y/Yc8RvGCPvJAlcKWpH.aoh.GgwJmguN33cXbMtIgLf4hOPzFhq,1056389,,user,1,2026/1/2 7:30,2026/1/29 6:47
66,0874325,$2b$10$HLtqCsBkjYyRhBoGe7B9gucuYmQZFO1LVah7.6oDSOcCwxUW4Hbnq,0874325,,user,1,2026/1/21 16:39,2026/3/16 5:42
67,单纯的菲利,$2b$10$ZQtutTtjuAf2ICzjHheN3uEw3lv5T/I4dps.4Bummy3PR2AdgNHNC,单纯的菲利,,user,1,2026/3/22 15:07,2026/4/5 10:19
68,1152761,$2b$10$/T4rIP1hjYUmXhFJq57.LeBvxunXmPNQHuqGB/YXTxJ//euf5ufoe,1152761,,user,1,2026/2/6 11:22,2026/4/2 3:25
69,鸭力鸭力,$2b$10$ycVG9dKQ0K83kYOM3Uyc.uIvvch8i5pyKVKYLfr8BHoaqB.llNgoa,鸭力鸭力,,user,1,2026/2/17 2:53,2026/5/30 15:09
70,小 LIN,$2b$10$IfTDsBBERX47mLOujyVGt.E6ph9lIzOY2UJHWKOkQrDSEHmNMWMR2,小 LIN,,user,1,2026/1/30 1:47,2026/3/27 3:26
71,1294563,$2b$10$6SGtyBttidFF7cfOfHKIYOOwKgBZHdd1i6406Ma6vkZwiPYTE99o2,1294563,,user,1,2026/1/5 3:21,2026/2/18 9:30
72,1022252,$2b$10$MLA9EaFljyM26R/ps56znuo/jetLr3ppBV7eyviVW2pQFZz6p06e2,1022252,,user,1,2025/12/14 23:31,2026/3/16 8:03
73,1131116,$2b$10$Z19.MDLC6UM4jVxzBt1hHOQrhlHGMBfoLu32EcQgyOUkJ4pGZjSmq,1131116,,user,1,2026/1/6 3:03,2026/5/16 3:29
74,CiCi,$2b$10$pKeB1ewMTKvOP/ofoarAJ.3LLqCIcKcIHrvQ4JZOZSUJ.B8sJLmJu,CiCi,,user,1,2026/2/21 15:39,2026/5/22 19:13
75,1261236,$2b$10$tsMYFLrxnC3y/IWzlteOvemNFfrnULTN9Oc.C1fT/tGnpfaMdpjBm,1261236,,user,1,2026/1/3 18:40,2026/5/16 12:02
76,鞋逅,$2b$10$wE0x4pYgz6RKXBE0qlXFnOFxmfUiQ/BSwMH.L2iRVhwCVND8RtBsC,鞋逅,,user,1,2026/1/29 14:38,2026/5/14 17:15
77,8C 开灰机,$2b$10$vKBXx01coXDHcRRX.qNgwuAe.rbgFiqjlg1lq1TA59ROtehnnoZ/i,8C 开灰机,,user,1,2026/2/17 15:19,2026/5/23 15:45
78,全落叶随风起舞,$2b$10$3wKd3oM8w.PCkq2SPmZsz.l1uFdqBl/zt0sAL/qkzNX.95yoqOafC,全落叶随风起舞,,user,1,2026/1/7 1:56,2026/4/3 22:37
79,沉鱼,$2b$10$QYS0h2WvoyAA74B8qK/B..D6SJcjNDZAmByNK9yq795EnLu1Trrzq,沉鱼,,user,1,2025/12/16 17:44,2026/5/30 14:19
80,领怡国际,$2b$10$KmsXjpXNusUFCEcjd3mRD.h3cPb0FogFoFlPolgZIP0fSxEVtZX7C,领怡国际,,user,1,2025/12/30 10:57,2026/4/18 3:57
81,一加一,$2b$10$33OBl8X8B3Flrv/WMEUXoe0Wbesg90d9LG98cEztM9IWYf/K4kbFq,一加一,,user,1,2026/4/24 13:16,2026/5/22 6:29
82,0950894,$2b$10$8DHkGz/4ybRjRlYafprUoOB8hFWgrgGauacJV4HaLBhcHBeh0OQ2S,0950894,,user,1,2026/1/13 16:35,2026/5/18 6:37
83,马踏飞燕,$2b$10$Ob3s9FGhxk3yrBp6UIgAkuy.6WWUbEBW8MwBiCfAXLRF6CKgAm9pm,马踏飞燕,,user,1,2026/2/17 2:12,2026/4/23 3:48
84,幽默的小米,$2b$10$YZmBld2W3de3danMNQnRO.IvlFenOSY55DKqrbfAS7IWejcer4pR.,幽默的小米,,user,1,2026/1/4 5:19,2026/4/25 9:32
85,KNOWX,$2b$10$ADo9N00Xx3Al4AiEzsJS9..Z1/kFPUlrOZWHjAuAhUfI54tRfYbA.,KNOWX,,user,1,2026/1/8 6:59,2026/5/20 14:26
86,1004127,$2b$10$e.H2WY7QPeFQBS8cHjaUZubpAk6jQOm1sm4FZGaB5dNq2.StY4tLu,1004127,,user,1,2026/2/15 11:04,2026/4/24 2:47
87,坤先生,$2b$10$SoiiCZ2od0UV454PJtcP3uUr0/OwUt//j0cyenuZsghKRKJHsB.lO,坤先生,,user,1,2026/1/11 13:52,2026/4/16 11:51
88,只因你太美,$2b$10$gwNkhjkW0KEaQ1lPE.woo.zeos59QUDJCYLIQfuyZ87TRAdG4sXdO,只因你太美,,user,1,2025/12/23 22:25,2026/5/28 4:14
89,Duck 不必呀,$2b$10$K9nMM9Y5voRbJXDVd1QcKOiyo/Rz9r.2D92qPmmDfesBlwYUtmZYW,Duck 不必呀,,user,1,2026/1/20 6:08,2026/3/12 14:59
90,Duck088 鸭,$2b$10$bzWHPzsa0/jzjm8NV7Ka7OCu4Kr0zRDn/EKhFrv8c5Ed6T0Y30TLK,Duck088 鸭,,user,1,2026/1/29 1:22,2026/3/17 23:05
91,沈苏黎,$2b$10$1Rau1Yb83SCOQAtrbWH/t.Rz7ijjh/7OqPIwcdAOi1EZk2WBLUCT2,沈苏黎,,user,1,2025/12/18 17:40,2026/4/22 17:24
92,0887412,$2b$10$uFuFie50CXQNpLELa1neLOQcTYQIE/Xztdjicp1UmgnS8MTuHJ03i,0887412,,user,1,2025/12/5 15:06,2026/5/27 2:49
93,慷慨的约翰,$2b$10$HM7y26.uqqkSOvSGIZoGZeNPxVO1eOkRFvXEIpMcBjbpWx8xjhXqa,慷慨的约翰,,user,1,2026/1/1 20:37,2026/5/31 18:58
94,追风客,$2b$10$W7OGfF8wwejNYiTTW1qpLu58iKzULC3wHvqczrlVzJT66XIWsEu7y,追风客,,user,1,2026/1/7 3:32,2026/3/7 1:54
95,1150838,$2b$10$0D9C2A6nnd8/W79PCPd7WOmw1UAOlhFIf/OkXPBuMTyt89lllJ88e,1150838,,user,1,2025/12/14 5:21,2026/5/20 15:59
96,玩了个蛋,$2b$10$aSsMW2eRJ/TyfY.coxmFVO.vM91whUqHLk4xmhb53lcqLCTtbRjqW,玩了个蛋,,user,1,2026/2/6 18:24,2026/3/6 1:11
97,1237822,$2b$10$SlsQM.wtkkOBpKtdlgNb..F49fegiBwxKJoZrVaY1CGc9g5.zLhgG,1237822,,user,1,2026/2/7 11:54,2026/4/14 22:26
98,温情的高兴,$2b$10$hJPFxi6b95gXaO6ciDPbPuU7RC3KjrCYi8Bq1xgooC/YBK95MDEFi,温情的高兴,,user,1,2026/1/12 3:03,2026/5/30 3:35
99,鸭美乐,$2b$10$qzT2.CwRjJSXOH.pk0vSXezQH0mqv//VUESK3FTYrroKBleTHCvju,鸭美乐,,user,1,2026/1/21 1:21,2026/1/27 8:07
100,Duckbubu,$2b$10$RQ6r2lTEfv/EK1uAyl7DQOo8oAktimLSIOgsxSYtqXsYR8liVXmjC,Duckbubu,,user,1,2026/1/13 22:54,2026/5/24 15:14
101,独游,$2b$10$gjN/6eI6kfx8hzEDl5FdAeH7Z1CNluAu81ODgqR4sWkBAF4R9pJLy,独游,,user,1,2025/12/11 1:06,2026/3/29 18:30
102,热烈的马,$2b$10$i9vF8yP2v/3s7I/wo82j8.Vkxr63LJS7awOqVayRrZ9LxbLhIrIj6,热烈的马,,user,1,2026/1/28 22:17,2026/5/8 21:53
103,化仙入蝶梦,$2b$10$q4jwzheYU23Ab3HS984vEOuy2pwtdQWqZBiYYukvteMoFYOL943Zi,化仙入蝶梦,,user,1,2026/1/9 1:05,2026/4/14 18:18
104,1074639,$2b$10$addE/LRPFuyb2frt7H9i0.8zhR0VFNtxUKjkptyjsH3ZtQ2J4J5Rm,1074639,,user,1,2026/3/14 3:00,2026/4/30 20:04
105,LuJIE,$2b$10$fumdIh9JG5/8.TSPwrcG1.XobWfD9aoAfdGp5LgNpQ5mXkT91LYn6,LuJIE,,user,1,2025/12/17 12:21,2026/5/8 7:03
106,梅伊阁诗人,$2b$10$k7SuTqhegYX4I3rNz3/4WesXDphUjE44XQvjjLw6QtNWIUmHWUbQG,梅伊阁诗人,,user,1,2026/3/14 11:50,2026/4/4 11:12
107,欧蝗寿命极短,$2b$10$SomJg65x9tgNRMKUAmSwmOjPZkjMRpZb5q2W3EOcWybxBtlttTqPq,欧蝗寿命极短,,user,1,2026/2/14 19:55,2026/5/17 9:07
108,小鱼头,$2b$10$Nyycaqgd87H5LOZFxZSqAuijZy11zZKGeL2HGfuVHbPHnO9Kcp0AG,小鱼头,,user,1,2025/12/30 8:57,2026/4/18 20:42
109,游子感恩,$2b$10$xKfUSsTbNQa31cXRa5b2heGv5Q.Pu92FbsQ4MqXkbGtWyQZQynSpW,游子感恩,,user,1,2026/3/10 10:35,2026/5/16 14:28
110,东风已到,$2b$10$SOiSGyIY82uKHp6R9hJoZ.apnXXrzSI8OxPTz5Prqx8ZgRbtKCvCG,东风已到,,user,1,2026/2/16 17:31,2026/4/29 17:21
111,Duck 钢铁侠,$2b$10$a4z7GLQXZhsZcePg9r3yTejpDU35rcuqt4rax1FLgTa7Ne9/FUU2u,Duck 钢铁侠,,user,1,2025/12/18 16:41,2026/4/2 0:06
112,舜华鸭,$2b$10$m9JB8vrijAq86AY/5fNGjeL8C7EoEDQgiDf4tTNWckHNqCZjyqqpG,舜华鸭,,user,1,2026/1/18 21:23,2026/3/27 19:55
113,闻人听,$2b$10$2BtHziePMzd899ihu8V7NOa4wc19i99x1/MCespUuSEeTNubDGV1y,闻人听,,user,1,2026/2/26 8:13,2026/4/10 0:42
114,1294380,$2b$10$KjYVRr.M/S2ehO.i9C54QuFv/p6stNKQmGfeSkEMnxIZV2D6AoQbq,1294380,,user,1,2026/1/1 11:41,2026/4/21 11:21
115,1311752,$2b$10$LofgUFoI5t2xdlSeUkGdbunW6YR/j61kAXHFeLGqGNI7bXEIVd9qa,1311752,,user,1,2025/12/23 8:09,2026/4/30 20:09
116,0873509,$2b$10$3zrbHsgym9IjMwWUisWDLerL/HmrDLGUjQs0jVhu0twBfSlIcmr8K,0873509,,user,1,2026/2/16 3:11,2026/5/20 19:14
117,北悸安凉,$2b$10$DXfL2xyqkJpL0ftQfuk5hOtcZvJ71D7N7sEuPMgwaUvOcK82ANdgG,北悸安凉,,user,1,2026/1/1 10:16,2026/5/6 2:58
118,我是最帅的鸭,$2b$10$.BMj4Kv8dSgHwynztF6p2.Ch4bR5r7bDyWSEf3vsY.I/rH83t8qhm,我是最帅的鸭,,user,1,2026/1/3 23:42,2026/4/16 0:16
119,五亿探长,$2b$10$AHc4TJNIbGwr6B.XbAqMUOc2EtXGWxkvQ7HTHVXqxLsv.O2d9mC76,五亿探长,,user,1,2026/1/1 9:09,2026/5/22 15:33
120,小斯基,$2b$10$F/JwSBZd3gn6xp/S4zAZquf8ZYVRjfDNC9sTuv9.ozOyv92tf3IRi,小斯基,,user,1,2025/12/18 16:11,2026/5/28 17:20
121,壹零,$2b$10$s2wMPZat.p0VcP6io.ttSeU9eq0SLhuH8EGQ9UboAaCav6oCoe35q,壹零,,user,1,2026/1/19 10:30,2026/5/15 9:17
122,盐鸡,$2b$10$N/GVy/9bUgXiaHd9deZoM.ofn7OURDTOjV0Y2XWK1ql6kq./4Fc0O,盐鸡,,user,1,2026/1/20 2:22,2026/5/26 12:31
123,恋上一个人,$2b$10$1gYwvb7GeDeZQY0CW4dNT.2HvQ/P26pZudBSbgPUwPuwoMxt6vzmS,恋上一个人,,user,1,2025/12/15 15:43,2026/5/10 14:24
124,活泼的飞飞,$2b$10$n0imuc2e6Ms/nQsmmVb9UOmzV57sKQQ8k2fhKEk9o3IKZ7PZmxhgK,活泼的飞飞,,user,1,2025/12/13 1:31,2026/4/28 13:07
125,红色风暴,$2b$10$oP6sIqwXONm31yCPzFGtDOIPg7T8GOZZ6Sa1G7GTGEzaGecZypYYW,红色风暴,,user,1,2026/3/6 2:56,2026/3/19 3:43
126,08D42,$2b$10$SyaGtwZnz6fqYtHj/269WO4j8qkuhjMGQk7VKKotrejybmwtzKSZ.,08D42,,user,1,2025/12/15 17:30,2026/5/24 10:42
127,我爱一条柴,$2b$10$zn8lptXQG9WZhH45ss4mb.dfvg214prCeu4tT.en7VoJkKJx1w8ri,我爱一条柴,,user,1,2025/12/26 1:20,2026/5/27 11:13
128,宝贝鸭,$2b$10$RCpUrBdZV77sPJzVwnpB.uMq3tHa3X.II4T63vuXWUTMzRyQrRjai,宝贝鸭,,user,1,2025/12/27 18:14,2026/3/30 14:01
129,鸭买撸,$2b$10$WreMOj3t8PVA9jyA7nDgV.hY4cMd4.wkQmHIQRjEntYV7RW5NTPvu,鸭买撸,,user,1,2026/4/3 13:42,2026/4/25 13:41
130,不要鸭,$2b$10$VJHNhYAlvSkZOJYBLHSbe.dbQX7uhloxt0berZbQEX9EAIou/MzAe,不要鸭,,user,1,2026/1/30 9:06,2026/5/22 21:14
131,指点江山,$2b$10$bocAY7PdF4kszmZq3HVnZODqJGjvu365vz5uby3.DkkRFNjbJ6sLq,指点江山,,user,1,2026/1/22 12:06,2026/5/28 15:49
132,真的是你鸭,$2b$10$jiyPq0C5uauQG2R.4Lx8o.Yk1FIAAOcxobO/vAQm2VpH2aSvp9Nvi,真的是你鸭,,user,1,2025/12/31 0:59,2026/4/15 13:46
133,1065829,$2b$10$TlwpaeA4nPaSuKt1dafLoOZ5qyg3lgMUDE2b6l.suDjuIyz2O8JtG,1065829,,user,1,2025/12/20 0:08,2026/5/15 1:53
134,蛋,$2b$10$dRcZZ.5KF0ot1Wr9bxT8IOgWmQm9EhdwxeafzIn8T.rtYxBFptf3.,蛋,,user,1,2026/3/11 12:03,2026/5/30 15:53
135,摩登弗里曼,$2b$10$p.VKmu3fSHQqhhPDJwYplO7lwGoF3BLwtwlmG4PHmpFx7o7oighiu,摩登弗里曼,,user,1,2026/1/10 19:52,2026/5/30 15:58
136,1192864（没名字）,$2b$10$lkhD6xVs04a7NC7qPphVs.tNNHXx8RzFptgUGI/kNtCiLKPNjwGIm,1192864（…,,user,1,2025/12/24 16:29,2026/5/14 1:52
137,钱包沉甸甸,$2b$10$nrcV6IgubnyKlW5Y7jUA6uAAuNfHFXVyZLKnxogxaf73BETyl87q.,钱包沉甸甸,,user,1,2026/1/10 8:52,2026/5/30 18:19
138,无敌战斗鹅,$2b$10$pZzhw1gNgxgRB3C41.KbjOeNBZ2ExLCT47Ed9Io6qdKXtcjCel51S,无敌战斗鹅,,user,1,2026/1/7 14:49,2026/5/21 18:05
139,钓鱼佬,$2b$10$IXhFUin2cSxYxNJHDNhh8eNCnic53p63IrVOMXvNbUsaV32jxgf9O,钓鱼佬,,user,1,2026/2/7 23:37,2026/5/23 0:17
140,求带求带,$2b$10$cDyWwJOLPPV6.V2EpHmu7eoNphSii8dGsVfW.ujp7VOtkpael2Ba.,求带求带,,user,1,2026/1/14 10:20,2026/5/18 17:42
141,猫咪,$2b$10$Jd386qMLBRbERGU6L.G/2u1b2MJDCCbbKJ1YJNPEb4S.d4lFKPw3m,猫咪,,user,1,2026/1/11 19:36,2026/4/4 15:39
142,白切鸡,$2b$10$6HS7zzwpJdJ7j4MEE5ieHeR3Z611u9reXDbdsd7yPYP6R9mEuDbjy,白切鸡,,user,1,2026/1/5 4:27,2026/5/16 3:36
143,冈吟,$2b$10$r/HfjVeyPDqFXebzkm2zQejMqaeFoynfbDeZ2NZO63bvVOKt3/Kl6,冈吟,,user,1,2026/2/10 5:19,2026/4/25 2:19
144,好运来,$2b$10$FrIkDFlUlu7aSQvD./nNoO0NOhllKHP/Cur7211vyM9zFZcchyaJK,好运来,,user,1,2025/12/13 17:18,2026/5/2 4:41
145,呆头,$2b$10$qV20IT6m2tC9KR6efHTaDekB3WXEt4n1eTbbfnEYGzu1R4gfTkxiu,呆头,,user,1,2026/1/6 5:35,2026/4/23 18:25
146,昊天,$2b$10$yeplc57Tdij3Jd6H9CwjCe.M7fG.X3W0cPzF3jYq2nXt4oXWuPNJ6,昊天,,user,1,2026/3/31 9:04,2026/5/11 18:17
147,DuckCher,$2b$10$x5CzhVi3Z3UxElbccmMFq./EcJ3SPg2Pxg23lFrhSG4sHjZiEmP1K,DuckCher,,user,1,2025/12/26 21:00,2026/5/12 7:16
148,JC 丁钟爱一生,$2b$10$aLPBJG4iR5MmosJT5dYwqOtJWO4kGf1rMMGwIfv0qSNu6rXcmASHS,JC 丁钟爱一生,,user,1,2025/12/22 13:04,2026/5/23 17:58
149,小熊饼干,$2b$10$/OG3dXrBHw4UZ4fExgWjLONamxP1vIIxXg4R8NNjXXI/W.4BqKWMG,小熊饼干,,user,1,2026/1/14 23:52,2026/5/1 5:10
150,旅行鹅,$2b$10$stLaHz9KHfoJAknXJy7XtuflQjbtKOvmmBDryehfjjpt./TT9r1kC,旅行鹅,,user,1,2025/12/26 16:26,2026/5/19 22:55
151,丞丞鸭,$2b$10$qo6syjJMtnxiYi.6XBIRNeGJlltqEiOTA0Bf61hL2MK2zzewwHV0m,丞丞鸭,,user,1,2026/1/31 11:47,2026/5/6 15:49
152,hui,$2b$10$Ap6rTsy2PAL44l3/2bNaWepw3PCAxofPBQKNvsOdQ0sScW2o3wVM.,hui,,user,1,2026/1/30 18:15,2026/3/17 23:26
153,凯申,$2b$10$pa0B2dEBCDKhwG0xKeLwRuoMrpAkNuXscIcyFYUkpBAE2H3nmuSGG,凯申,,user,1,2026/1/14 6:12,2026/3/26 22:15
154,想退休鸭,$2b$10$26oa2L850shLzGhPhNHL8usPsvSmIagWoEMqySxxDkE89j1DeDqe2,想退休鸭,,user,1,2026/1/17 5:30,2026/4/26 19:03
155,行行行好,$2b$10$re4eMclPvkWs5EUR2RccgeQptk/2N2g/ojt4SjYJr3IIg1gz40pU6,行行行好,,user,1,2026/1/7 8:30,2026/4/20 18:47
156,金陵桂花鸭,$2b$10$/ajVhUFKBHkWmgkHLJXjdeweNyyBOM0xJRI6qxWucXX1o6LEu8Fje,金陵桂花鸭,,user,1,2025/12/23 4:25,2026/2/9 10:25
157,米兰大坏蛋,$2b$10$kwvSnxf8fbCC3GaJnSTLkus8xGRaJ3tBrZH7.rON0/GOu1Ggl0K8.,米兰大坏蛋,,user,1,2026/3/6 11:23,2026/4/18 6:45
158,不想上班鸭,$2b$10$DoFBiC58S2QtmuznNS5ZN.J0dT1C1TySsQDUWNdD8Bz7gG/JenK66,不想上班鸭,,user,1,2025/12/21 7:50,2026/5/27 11:45
159,学鸭叫,$2b$10$rvZd1hruN1in2uGLVT14UuuurxWomvtoDrbiqtIK.OIcd.9/S5jRe,学鸭叫,,user,1,2026/1/22 10:54,2026/3/6 18:31
160,迟,$2b$10$vtlAtPNzDqYTsjaghVoiiOCmkkA1kL.b6Ma9NkXlhUioDVlQcjzJq,迟,,user,1,2025/12/14 15:34,2026/5/28 19:30
161,DuckBB,$2b$10$gU67q5YoR2e5hrfJG5vb.uRvXsuXD2jZs17rsBug6N0lUpLx6Xdxa,DuckBB,,user,1,2026/3/16 13:44,2026/5/16 17:48
162,1221857,$2b$10$suDwVXGCeW1kusLTvH2I4.xKOxDrSx.TfMtmMSE7LlTg7rHhQrSwG,1221857,,user,1,2025/12/27 10:00,2026/4/20 17:33
163,甜皮鸭,$2b$10$8m2iPH4MKxauHTQtCyZDeuMkrDMi0/8tHKW4L/v30PbacshU4Nak6,甜皮鸭,,user,1,2026/1/2 5:48,2026/1/9 11:45
164,关关雎鸠,$2b$10$14PYzxWxafg0xfXM1LnUyuYrscIXlf14ly6.5f.tkIar4VgkwFHEG,关关雎鸠,,user,1,2026/1/12 18:00,2026/4/22 16:12
165,喻繁,$2b$10$jj5AmJIByuEm6ysP/sruRegmFB2xxie/Rr8KqPSJ.9/hRdmeOSdWq,喻繁,,user,1,2026/1/10 10:31,2026/5/10 2:51
166,风暴政,$2b$10$nWc0.40QBzXRoVYAMB8RQeCI433N9zGT6axD6vdeSQyGd56BpwdRK,风暴政,,user,1,2026/1/9 22:53,2026/3/26 0:43
167,浅浅,$2b$10$xwZto/PE2z/d5yo1m2YgvOLPo/JvCyR.YjioCnKeRIy1kqu5o0JsK,浅浅,,user,1,2026/1/7 4:45,2026/4/12 19:03
168,笨笨的星空,$2b$10$YsGiqRJjuxFq1V52oLvhfOvhjgIT0wHS6vKCAM.8jLO5DehWagKIa,笨笨的星空,,user,1,2026/1/15 14:49,2026/5/1 5:34
169,紫魅狼影,$2b$10$yyZVMtf1NO0LYI.ecEK48eL5HMC2gFquAs/gEcV58DAohYXEpyRPa,紫魅狼影,,user,1,2026/1/24 20:28,2026/4/15 14:54
170,天默炫不灭,$2b$10$d8L6y4CmVIar0xD2X8rjxeBzQYmrtphGsCjjfXClOtPEdot//Wxfi,天默炫不灭,,user,1,2026/1/14 10:13,2026/5/6 16:09
171,1071732,$2b$10$cxnSZVKPcAgisZjKMpcSnuY3aEDA3J1aCdmVBkIYjqZ8teA7GCqbK,1071732,,user,1,2026/1/31 17:55,2026/3/23 13:11
172,东百生,$2b$10$1wre/b3lfDGbaPl1ZUdFfu2AvE1yK9eJEa7g1Bey4fqTde1UPw6x2,东百生,,user,1,2026/1/3 12:08,2026/2/28 23:40
173,夜殇,$2b$10$Rsvy3/eCosw/h7OwX7CAr.I0QFumnq.raBFYcKicEm0hInKGh1QpW,夜殇,,user,1,2026/1/21 23:10,2026/4/4 0:13
174,离,$2b$10$VdDxFm0okAYCc3MQvz9oBeZRTABLOxpmKo0OL9XMk9ggRLAlqCpoG,离,,user,1,2026/1/7 16:34,2026/1/30 23:36
175,12580,$2b$10$SWg2g.RmtnJ7hmk8YUIsQuvRgtbWhXajW1QDJatceRZgj.3DDC3F6,12580,,user,1,2026/2/5 9:41,2026/4/25 15:54
176,仲夏月影,$2b$10$VrH9.4wyS3.FSKFmxkv/..0REQhe8l7jBMdlWZza7OW5n3mUI2ARG,仲夏月影,,user,1,2026/2/6 16:31,2026/4/21 5:33
177,莓有烦恼,$2b$10$rw4XlDWpeBUZVVQ0EmDtvu2kTJf9m.Hv86j6wIi4lY7O16Z4msl5G,莓有烦恼,,user,1,2025/12/11 7:07,2026/4/21 1:38
178,核桃鸭,$2b$10$.NsdjDThlWoWNqiLb5s3aueUE8BJ4EWWqSODpxADZFjFn8FPYEO4y,核桃鸭,,user,1,2026/1/1 14:11,2026/4/13 23:40
179,喵尔曼斯坦,$2b$10$do1LU7iT3IFwQLYBn4byl.RcNtmMBAACSfHB2xmQdLS3Eq63wJ30q,喵尔曼斯坦,,user,1,2026/1/24 16:32,2026/5/30 6:03
180,yiziyan,$2b$10$cJSFiJRyjlY7B6IfLE1Qq.vbTVGij9e7Xupj1HZlvoHDrC4dWSlm2,yiziyan,,user,1,2026/2/2 6:41,2026/5/25 12:24
181,睡个懒觉,$2b$10$ADX9IduXVCUES1iwD6lP.u13fV8lGzMI8Gs1A2OPRwT7IA7AyHEL2,睡个懒觉,,user,1,2026/2/9 20:48,2026/5/31 13:26
