名称,标签,地址,简介,图片URL,详情页
稻香村,美食老字号,前门大街59号,稻香村集团的前身为苏州稻香村，始创于公元1773年（清乾隆三十八年）的苏州，中国糕点行业现存历史最悠久的企业之一。,https://r1.visitbeijing.com.cn/vbj-s/2019/0215/20190215055717395.jpg,https://s.visitbeijing.com.cn/food/362
北京三元梅园食品有限公司,美食老字号,团结湖路36号,三元梅园乳品店，从第一家梅园台基厂店开业，到今天已发展到拥有三十家分店。在北京的大街小巷，不经意间，就会发现有三元梅园分店的身影。,https://r1.visitbeijing.com.cn/vbj-s/2020/0325/20200325041222380.jpg,https://s.visitbeijing.com.cn/food/356
白魁老号饭庄,美食老字号,安定门内大街195号,白魁老号饭庄清真老字号饭庄，以经营烧羊肉为特色，创办人白魁。前身为东长顺清真饭馆，清乾隆四十五年(1780)在隆福寺庙东侧开业。光绪...,https://r1.visitbeijing.com.cn/vbj-s/2016/1212/20161212042437836.jpg,https://s.visitbeijing.com.cn/food/315
桂顺斋,美食老字号,南大街41号,桂顺斋，是一个拥有80年历史的老字号清真糕点店铺。以经营各式清真糕点而闻名，是回族人刘珍于1924年始创。主要产品有：萨其马、蜜麻花...,https://r1.visitbeijing.com.cn/vbj-s/2016/1212/20161212034239565.jpg,https://s.visitbeijing.com.cn/food/313
九龙斋,美食老字号,—,传统老字号，有“止渴梅汤冰镇久，驰名无过九条龙”说法，并获得过“京都第一”称誉。产品保持全天然熬制，属正宗老北京酸梅汤做法。,https://r1.visitbeijing.com.cn/vbj-s/2016/1027/20161027043259372.png,https://s.visitbeijing.com.cn/food/310
老门框,美食老字号,胜古南里8号楼东侧,金宝街地段似乎一直笼罩在高端大气的华丽范儿下。然而走过一个红绿灯来到金宝街东段，百年老店老门框爆肚静悄悄地开在鄂尔多斯酒店对面...,https://r1.visitbeijing.com.cn/vbj-s/2016/1026/20161026052215377.jpg,https://s.visitbeijing.com.cn/food/307
致美楼,美食老字号,前门西大街正阳市场2号楼(近肯德基),致美楼，位于北京市前门大栅栏。开业于明末清初，原为姑苏菜馆，后改为山东菜系，位于前门外煤市街。,https://r1.visitbeijing.com.cn/vbj-s/2016/1025/20161025012746679.png,https://s.visitbeijing.com.cn/food/302
隆福寺小吃店,美食老字号,—,隆福寺小吃店位于北京市东城区东四的小吃街，是老北京最著名的老字号之一。,https://r1.visitbeijing.com.cn/vbj-s/2016/0829/20160829065734783.jpg,https://s.visitbeijing.com.cn/food/281
松鹤楼,美食老字号,南礼士路乙9号院1号楼,松鹤楼，清乾隆二十二年(1757年)由徐氏在苏州玄妙观创建，经营面点带卖饭菜。迄今已有二百五十多年的历史。由于古人以松鹤寓长寿，故取...,https://r1.visitbeijing.com.cn/vbj-s/2016/0829/20160829053322594.jpg,https://s.visitbeijing.com.cn/food/279
小肠陈,美食老字号,南横东街194号,北京的街头巷尾，都有卖卤煮火烧的店家，过去还有肩挑小担的流动商贩出售这种食品。特别是夕阳西下，卤煮小肠开锅出售时，人们从很远的...,https://r1.visitbeijing.com.cn/vbj-s/2016/0829/20160829052736539.jpg,https://s.visitbeijing.com.cn/food/278
百花牌蜂蜜,美食老字号,—,百花牌蜂蜜能拉出很长的丝，闻起来味道有点微酸。而纯正天然的蜂蜜，正好是味道甜润，略带微酸，略带辣味，搀假的蜂蜜味虽甜，但夹杂着...,https://r1.visitbeijing.com.cn/vbj-s/2016/0823/20160823050852587.jpg,https://s.visitbeijing.com.cn/food/269
壹条龙,美食老字号,前门大街27号(前门步行街内),原名南恒顺羊肉馆，创建于乾隆50年(公元1785年)是北京比较早的有名回民涮羊肉馆。相传光绪皇帝慕名微服进店吃涮羊肉，遂改名为壹条龙。...,https://r1.visitbeijing.com.cn/vbj-s/2016/0822/20160822120242380.jpg,https://s.visitbeijing.com.cn/food/264
奶酪魏,美食老字号,—,清光绪初年，奶酪魏创始人魏鸿臣从宫廷里的御厨中学到了这门手艺，后来赢得了顾客的一片赞誉，得美名奶酪魏。奶酪魏家的绝活就是制作合碗酪...,https://r1.visitbeijing.com.cn/vbj-s/2013/1118/20131118111740506.jpg,https://s.visitbeijing.com.cn/food/169
全素斋,美食老字号,—,全素斋创始人刘海泉，14岁起便在清宫膳做事。掌握了宫廷素菜的烹饪技艺，做得一手好素菜。清光绪二十八年（公元1902年），刘海泉离开御膳房。,https://r1.visitbeijing.com.cn/vbj-s/2013/0523/20130523034129297.jpg,https://s.visitbeijing.com.cn/food/150
玉华台饭庄,美食老字号,马甸桥裕民路裕中西里小区23号楼（会展中心旁）,玉华台饭庄创建于民国十年（1921年），最早原址在北京王府井北口的八面槽，是经营淮扬菜的老字号之一，1994年被原国内贸易部评为“中华老字号”。,https://r1.visitbeijing.com.cn/vbj-s/2012/1210/20121210103516255.jpg,https://s.visitbeijing.com.cn/food/89
又一顺,美食老字号,德外黄寺大街28号(德胜置业大厦旁边),又一顺饭庄是北京著名的清真风味饭庄，创建于1948年8月8日。,https://r1.visitbeijing.com.cn/vbj-s/2013/0110/20130110102212369.jpg,https://s.visitbeijing.com.cn/food/88
仿膳饭庄,美食老字号,北京北海公园北门内（近九龙壁）,仿膳饭庄位于北海公园内，是以经营宫廷风味菜点而驰名中外的老字号饭庄，至今已有70多年的历史。,https://r1.visitbeijing.com.cn/vbj-s/2012/1209/20121209091010858.jpg,https://s.visitbeijing.com.cn/food/62
正阳楼,美食老字号,—,在正阳楼吃涮羊肉，据老人们说，讲究的是佐料全。,https://r1.visitbeijing.com.cn/vbj-s/2021/1124/20211124134911192.png,https://s.visitbeijing.com.cn/food/55
柳泉居,美食老字号,新街口南大街178号（近平安里地铁站）,柳泉居是北京著名的八大居之一，始建于明代隆庆年间，距今已有四百多年的历史，是饮誉京城的中华老字号。,https://r1.visitbeijing.com.cn/vbj-s/2012/1206/20121206035815416.jpg,https://s.visitbeijing.com.cn/food/13
东兴楼,美食老字号,北京市东城区东直门内大街5号,东兴楼，坐落在东安门大街路北的东兴楼饭庄，创业于清光绪二十八年（1902年）。是一座前出廊后出厦的大四合院。东兴楼被同行誉为“八大”鲁菜饭庄之首。,https://r1.visitbeijing.com.cn/vbj-s/2013/0523/20130523022803319.jpg,https://s.visitbeijing.com.cn/food/149
泰丰楼,美食老字号,北京市东城区前门西大街2号,泰丰楼，创办人为山东海阴孙氏，原址在前门外煤市街一号，是名噪京都的“八大楼”之一。清末，孙氏又将泰丰楼兑给了他的同省老乡福山县的孙永利和朱百平两个人。,https://r1.visitbeijing.com.cn/vbj-s/2013/0523/20130523014435980.jpg,https://s.visitbeijing.com.cn/food/147
天兴居,美食老字号,北京市东城区鲜鱼口街81-83号,天兴居以炒肝闻名，其色泽喜人，肥而不腻。 将“白水杂碎”中的心肺去掉，用除去腥臭味洗净的猪肠猪肝为原料，加上葱、姜、蒜末酱色和勾芡，定名“炒肝”。,https://r1.visitbeijing.com.cn/vbj-s/2013/0523/20130523011335787.jpg,https://s.visitbeijing.com.cn/food/146
东来顺,美食老字号,东城区王府井大街138号北京APM 5楼,东来顺的创始人叫丁德山，字子清，河北沧州人，早年是往城里送黄土的苦力。,https://r1.visitbeijing.com.cn/vbj-s/2012/1207/20121207055224461.jpg,https://s.visitbeijing.com.cn/food/46
淮扬春,美食老字号,北京市西城区三里河东路10号2层,淮扬春饭店位于西城区社会路路口的淮扬春饭店，虽然是近年落成开业，但淮扬春的字号，却是60年前的老字号，是老北京人熟悉的一家饭馆。...,https://r1.visitbeijing.com.cn/vbj-s/2016/1027/20161027044349808.png,https://s.visitbeijing.com.cn/food/312
庆云楼,美食老字号,北京西城区什刹海前海东沿22号近银锭桥东侧、地安门商场西北侧,庆云楼是北京最早的高端鲁菜酒楼，始建于清道光1820年，坐落于烟袋斜街内，距燕京八景之一的银锭观山仅一步之遥，曾是昔日诗酒流连之地。,https://r1.visitbeijing.com.cn/vbj-s/2016/1027/20161027043731219.png,https://s.visitbeijing.com.cn/food/311
南来顺,美食老字号,西城区黑窑厂西里一号楼底商,南来顺饭庄是有着近70年历史的京华老字号，以爆、烤、涮等烹饪特色闻名京城，其小吃宴更是精美绝伦，独领风骚。,https://r1.visitbeijing.com.cn/vbj-s/2016/0829/20160829030329714.jpg,https://s.visitbeijing.com.cn/food/277
正隆斋,美食老字号,西城区西四北大街58号,正隆斋隶属北京正隆斋全素食品有限公司旗下食品品牌，由李国栋于1946年3月创建，主要自主生产、销售糕点、面包、生日类产品。,https://r1.visitbeijing.com.cn/vbj-s/2016/0823/20160823053029518.jpg,https://s.visitbeijing.com.cn/food/272
爆肚冯,美食老字号,西城区前门大街门框胡同廊坊二条56号,创自清光绪年间的百年老店金生隆人称爆肚冯，素以爆肚脆嫩，作料爽口为人称道。　　爆肚冯扬名于前门大栅栏内的门框胡同。　　爆肚冯为...,https://r1.visitbeijing.com.cn/vbj-s/2016/0524/20160524103555870.jpg,https://s.visitbeijing.com.cn/food/229
鸿宾楼,美食老字号,西城区展览馆路11号鸿宾楼,鸿宾楼饭庄创建于1853年，是久负盛名的清真风味饭庄，至今已有150多年的历史。鸿宾楼饭庄原址在天津。,https://r1.visitbeijing.com.cn/vbj-s/2013/0110/20130110102746887.jpg,https://s.visitbeijing.com.cn/food/87
丰泽园,美食老字号,西城区珠市口西大街83号,北京市丰泽园饭店是中外驰名的老字号企业，是在原丰泽园饭庄的基础上新扩建成的具有国际三星级水准的饭店。,https://r1.visitbeijing.com.cn/vbj-s/2012/1209/20121209054009190.jpg,https://s.visitbeijing.com.cn/food/63
峨嵋酒家,美食老字号,西城区北礼士路58号,峨嵋酒家开业于1950年，是北京第一家经营川菜的老字号饭庄。,https://r1.visitbeijing.com.cn/vbj-s/2012/1209/20121209092332222.jpg,https://s.visitbeijing.com.cn/food/61
致美斋,美食老字号,西城区白广路35号（66中学旁）,北京致美斋饭庄，始创于明末清初，于嘉庆13年（1808）在前门外煤市街建店。,https://r1.visitbeijing.com.cn/vbj-s/2012/1208/20121208011418940.jpg,https://s.visitbeijing.com.cn/food/54
同和居,美食老字号,西城区三里河月坛南街甲71号,同和居饭庄是北京最早经营山东风味菜的中华老字号，开业于清道光二年(1822年)，主营山东福山帮菜，以“同怀和悦”为意，定下同和居的字号。同和居饭庄系京城著名“八大居”。,https://r1.visitbeijing.com.cn/vbj-s/2012/1206/20121206031120666.jpg,https://s.visitbeijing.com.cn/food/10
全聚德,美食老字号,西城区前门西大街14号楼,全聚德菜品经过不断创新发展，形成了以独具特色的全聚德烤鸭为龙头,https://r1.visitbeijing.com.cn/vbj-s/2012/1205/20121205032621185.jpg,https://s.visitbeijing.com.cn/food/1
听鹂馆,美食老字号,北京市海淀区颐和园公园内,听鹂馆，一个颇有历史价值的中华老字号宫廷风味饭庄、国家级特级餐馆、北京市旅游局五星餐馆和中国药膳名店，以宫廷风味菜肴、满汉全席、宫廷御膳、宫廷寿膳、宫廷滋补药膳闻名于世。,https://r1.visitbeijing.com.cn/vbj-s/2013/0527/20130527050904426.jpg,https://s.visitbeijing.com.cn/food/158
龙门醋坊,美食老字号,北京市海淀区西四环中路定慧家园3号楼B1楼(定慧北桥东南角),"龙门醋厂原称龙门醋坊，始建于清嘉庆二十五年（1820年）。龙门醋厂生产的食醋以优质大米为主要原料，质地纯正,酸味柔和，入口微甜，有陈醋、香醋、米醋、熏醋等四大系列，深受全国各地",https://r1.visitbeijing.com.cn/vbj-s/2013/0522/20130522051208814.jpg,https://s.visitbeijing.com.cn/food/144
厚德福酒楼,美食老字号,北京市门头沟区斋堂镇爨底下村2院1号,厚德福酒楼始建于清光绪二十八年（1902年），主营豫菜，初始地址在北京大栅栏，现址在西城德内大街262号。,https://r1.visitbeijing.com.cn/vbj-s/2013/0110/20130110101520218.jpg,https://s.visitbeijing.com.cn/food/90
榴莲酥,烘烤类,—,榴莲酥是用榴莲果肉和面粉烤制的一种甜点。金黄诱人的榴莲酥以新鲜榴莲果肉配制的软滑馅心，配以层次分明、异常松化、做工精细的酥皮，令人食指大动。吃完后淡淡的榴莲味让人“榴莲”,https://r1.visitbeijing.com.cn/vbj-s/2017/0803/20170803044045523.png,https://s.visitbeijing.com.cn/food/426
北京礼物,美食老字号,—,“北京礼物”是北京市政府在北京奥运会后，为进一步规范旅游商品消费市场，促进旅游商品市场消费，多企业合作和多产业联盟。,https://r1.visitbeijing.com.cn/vbj-s/2017/0614/20170614033418587.jpg,https://s.visitbeijing.com.cn/food/424
华鹏食品,美食老字号,—,北京华鹏食品有限公司，始于1993年，中华老字号，专业从事生产各种冷冻豆沙馅、豆制品的中外合资企业。,https://r1.visitbeijing.com.cn/vbj-s/2017/0527/20170527063722261.jpg,https://s.visitbeijing.com.cn/food/423
京晶,美食老字号,—,中盐北京市盐业公司，京晶，知名食盐品牌，始建于1949年，中华老字号，直属于中国盐业总公司，国有食盐专营批发企业。,https://r1.visitbeijing.com.cn/vbj-s/2017/0527/20170527063510171.jpg,https://s.visitbeijing.com.cn/food/422
仙源,美食老字号,北苑南路日光清城汽车站边上的底商,北京仙源食品酿造有限公司，始建于1918年，知名的优质调味品供应商，从事酱油、米醋和粉丝等产品的生产、销售的企业。,https://r1.visitbeijing.com.cn/vbj-s/2017/0527/20170527054600820.jpg,https://s.visitbeijing.com.cn/food/419
龙门食醋,美食老字号,—,龙门牌，食醋十大品牌，创于1820年，北京名牌产品，中华老字号，专注于经营酱油、食醋类调味品，集生产制造、批发零售、贸易出口、技术咨询为一体的现代化食品工业企业。,https://r1.visitbeijing.com.cn/vbj-s/2017/0526/20170526060450901.jpg,https://s.visitbeijing.com.cn/food/416
金狮,美食老字号,—,金狮，创于1938年，中华老字号，北京名牌产品，致力于酱油、食醋类调味品领域，集生产制造、批发零售、贸易出口、技术咨询为一体的现代化食品工业企业。,https://r1.visitbeijing.com.cn/vbj-s/2017/0526/20170526054158989.jpg,https://s.visitbeijing.com.cn/food/413
鲜花饼,烘烤类,东四北大街126号,鲜花饼是以云南特有的食用玫瑰花入料的酥饼，是具有云南特色的云南经典点心代表。,https://r1.visitbeijing.com.cn/vbj-s/2017/0511/20170511053909184.jpg,https://s.visitbeijing.com.cn/food/407
豆奶蛋糕,烘烤类,—,豆奶蛋糕是一道由蛋白、细砂糖、豆浆等食材制成的美食。,https://r1.visitbeijing.com.cn/vbj-s/2017/0510/20170510052035322.jpg,https://s.visitbeijing.com.cn/food/403
桃酥,烘烤类,前门大街59号,桃酥是一种南北皆宜的乐平传统特色小吃，以其干、酥、脆、甜的特点闻名全国，主要成分是面粉、鸡蛋、奶油等。,https://r1.visitbeijing.com.cn/vbj-s/2017/0510/20170510051820288.jpg,https://s.visitbeijing.com.cn/food/402
提子酥,烘烤类,—,提子酥是一道由普通面粉、黄油等食材制成的美食。,https://r1.visitbeijing.com.cn/vbj-s/2017/0510/20170510051636534.jpg,https://s.visitbeijing.com.cn/food/401
糖醇蛋糕,烘烤类,东四北大街126号,糖醇蛋糕是一道美味的菜肴，烹饪简单。,https://r1.visitbeijing.com.cn/vbj-s/2017/0510/20170510051433139.jpg,https://s.visitbeijing.com.cn/food/400
老婆饼,烘烤类,东四北大街126号,老婆饼是一种特色传统名点，是用料最少、做工最简且最为人们所熟知的饼类。,https://r1.visitbeijing.com.cn/vbj-s/2017/0510/20170510051249452.jpg,https://s.visitbeijing.com.cn/food/399
牛肉肉松,烘烤类,东四北大街126号,牛肉肉松是一道美食，主要原料为高筋面粉、低筋面粉、牛肉、鸡蛋等。,https://r1.visitbeijing.com.cn/vbj-s/2017/0510/20170510051107704.jpg,https://s.visitbeijing.com.cn/food/398
戚风红豆蛋糕,烘烤类,东四北大街126号,戚风红豆蛋糕 [qī fēng] 是英文Chiffon Cake的音译，属海绵蛋糕类型，质地非常轻，用菜油、鸡蛋、红豆、糖、面粉、发粉为基本材料。,https://r1.visitbeijing.com.cn/vbj-s/2017/0510/20170510050857450.jpg,https://s.visitbeijing.com.cn/food/397
蛋卷,烘烤类,—,蛋卷又称瑞士蛋卷、奶油蛋卷。用面粉、鸡蛋液、白糖拌成面糊，加牛油烤成片状，抹上黄油，再卷成筒而成。色泽金黄偏红，质松软，呈海绵状，蛋糖香味浓郁。,https://r1.visitbeijing.com.cn/vbj-s/2017/0510/20170510025828583.jpg,https://s.visitbeijing.com.cn/food/395
牛肉松蛋糕,烘烤类,—,牛肉松蛋糕是指在蛋糕的基础上，添加肉松作为辅料而做成的蛋糕。,https://r1.visitbeijing.com.cn/vbj-s/2017/0510/20170510025604578.jpg,https://s.visitbeijing.com.cn/food/394
蛋黄酥,烘烤类,东四北大街126号,蛋黄酥是常见的传统特色小吃。就跟苏式月饼的做法有很多共通之处。传统的蛋黄酥用的是猪油，直接用的黄油，就除去了熬猪油的麻烦。,https://r1.visitbeijing.com.cn/vbj-s/2017/0510/20170510025312351.jpg,https://s.visitbeijing.com.cn/food/393
海苔小贝,烘烤类,—,海苔小贝顾名思义实在蛋糕里加入海苔，蛋糕以海苔的微咸、鲜美为主，奶香味则侧之。,https://r1.visitbeijing.com.cn/vbj-s/2017/0510/20170510023816500.jpg,https://s.visitbeijing.com.cn/food/392
紫菜蛋糕,烘烤类,东四北大街126号,紫菜蛋糕是一道以海苔为主要食材制作的美食。,https://r1.visitbeijing.com.cn/vbj-s/2017/0510/20170510023636776.jpg,https://s.visitbeijing.com.cn/food/391
泡芙,甜品类,—,泡芙（puff）是一种源自意大利的甜食。蓬松张空的奶油面皮中包裹着奶油、巧克力乃至冰淇淋。,https://r1.visitbeijing.com.cn/vbj-s/2017/0510/20170510023120824.jpg,https://s.visitbeijing.com.cn/food/390
芝麻片,烘烤类,—,"麻片是传统小食品之一,历史悠久。成品为小方块,色泽乳白,质地细密,松脆爽口、甜香宜人。其特点为选料细致，制作认真，产品规格、组织、口味均臻于上乘。",https://r1.visitbeijing.com.cn/vbj-s/2017/0510/20170510022850973.jpg,https://s.visitbeijing.com.cn/food/389
猪肉松蛋糕,烘烤类,—,猪肉松蛋糕是指在蛋糕的基础上，添加肉松作为辅料而做成的蛋糕。,https://r1.visitbeijing.com.cn/vbj-s/2017/0510/20170510022515407.jpg,https://s.visitbeijing.com.cn/food/388
绿豆酥,甜品类,—,绿豆酥是传统名点之一，最早发源于广东潮汕地区。,https://r1.visitbeijing.com.cn/vbj-s/2017/0510/20170510022315752.jpg,https://s.visitbeijing.com.cn/food/387
豆沙酥,烘烤类,东四北大街126号,香甜小吃。内含豆沙馅的小吃甜点。深受广大人民喜爱。,https://r1.visitbeijing.com.cn/vbj-s/2017/0510/20170510020552430.jpg,https://s.visitbeijing.com.cn/food/386
肉松面包,烘烤类,—,肉松面包，即在面包上加上肉松或加入肉松做内馅制成的包点。肉松是我国著名特产之一，用猪的瘦肉或鱼肉、鸡肉除去水分后而制成，因其质地疏松而得其名。,https://r1.visitbeijing.com.cn/vbj-s/2017/0510/20170510020409367.jpg,https://s.visitbeijing.com.cn/food/385
肉松莲蓉饼,烘烤类,—,饼皮金黄，酥软细腻，莲蓉内馅，口感细腻香甜诱人，酥松不油。,https://r1.visitbeijing.com.cn/vbj-s/2017/0510/20170510020030844.jpg,https://s.visitbeijing.com.cn/food/384
鸡蛋酥,烘烤类,—,鸡蛋酥主要特点是香、酥、脆，由鸡蛋、白糖、生粉等做成的糕点，制作方法简单，能量充足适合作为早餐食用。,https://r1.visitbeijing.com.cn/vbj-s/2017/0510/20170510015227554.jpg,https://s.visitbeijing.com.cn/food/383
扁桃仁,甜品类,—,精选优质果实，采用先进工艺制作，拒绝过度加工和添加，还原果实原香。稻香村扁桃仁，颗颗入味，口感爆棚。,https://r1.visitbeijing.com.cn/vbj-s/2017/0428/20170428051616390.jpg,https://s.visitbeijing.com.cn/food/382
巴旦木,甜品类,—,精选优质果实，采用先进工艺制作，拒绝过度加工和添加，还原果实原香。稻香村巴旦木，开口大易剥取。入口香酥滑嫩，醇香四溢。,https://r1.visitbeijing.com.cn/vbj-s/2017/0428/20170428051206786.jpg,https://s.visitbeijing.com.cn/food/381
夏威夷果,甜品类,—,精选优质果实，采用先进工艺制作，拒绝过度加工和添加，还原果实原香。稻香村夏威夷果，开口大易剥取。入口滑嫩，奶香四溢。,https://r1.visitbeijing.com.cn/vbj-s/2017/0428/20170428045745269.jpg,https://s.visitbeijing.com.cn/food/380
紫薯花生,甜品类,—,精选优质果实，采用先进工艺制作，拒绝过度加工和添加，还原果实原香。稻香村紫薯花生，自然健康，花生入口醇香，轻轻咀嚼，伴随清脆响声，醇香四溢。,https://r1.visitbeijing.com.cn/vbj-s/2017/0428/20170428045459252.jpg,https://s.visitbeijing.com.cn/food/379
江米条,甜品类,东四北大街126号,稻香村艾江米条，经典传统美食。精选优质高质原料，传统工艺制作，经典传统两种口味，口感酥脆、香甜可口。,https://r1.visitbeijing.com.cn/vbj-s/2017/0428/20170428043324443.jpg,https://s.visitbeijing.com.cn/food/378
小麻花,甜品类,东四北大街126号,稻香村小麻花，经典传统美食。精选优质高质原料，传统工艺制作，葱油咸味、芝麻甜味两种口味，入口酥脆香甜。,https://r1.visitbeijing.com.cn/vbj-s/2017/0428/20170428042339976.jpg,https://s.visitbeijing.com.cn/food/377
状元饼,甜品类,东四北大街126号,酥松饼皮内含醇厚枣泥馅，皮馅均匀，具有浓郁的枣香味，甜美浓郁，爱不释手。,https://r1.visitbeijing.com.cn/vbj-s/2017/0428/20170428035306241.jpg,https://s.visitbeijing.com.cn/food/376
枣泥酥,甜品类,东四北大街126号,枣泥酥是用油酥面作皮，黑枣泥为馅，经油炸成熟的面食。其色泽金黄，小巧玲珑，外皮酥松，馅香甜可口。,https://r1.visitbeijing.com.cn/vbj-s/2017/0428/20170428034709273.jpg,https://s.visitbeijing.com.cn/food/375
杏蓉饼,甜品类,东四北大街126号,饼皮呈金黄，华美的菱形网纹，包裹香醇杏蓉内馅，皮馅分明。馅心色泽通透，口感酥松，有浓浓杏仁香。,https://r1.visitbeijing.com.cn/vbj-s/2017/0428/20170428034008443.jpg,https://s.visitbeijing.com.cn/food/374
香芋饼,甜品类,东四北大街126号,饼皮金黄，酥软细腻，香芋内馅，口感细腻香甜诱人，酥松不油，混以淡淡香芋香味，品食后让人流连忘返。,https://r1.visitbeijing.com.cn/vbj-s/2017/0428/20170428033532145.jpg,https://s.visitbeijing.com.cn/food/373
山楂锅盔,甜品类,东四北大街126号,形似锅盔，馅皮酥松，内如金糕，色泽通透、酸甜可口，疏松软糯，轻轻咬上一口便叫人欲罢不能、回味无穷！,https://r1.visitbeijing.com.cn/vbj-s/2017/0428/20170428033106879.jpg,https://s.visitbeijing.com.cn/food/372
南瓜饼,甜品类,东四北大街126号,饼皮金黄，南瓜内馅金黄绵密，独特而浓郁奶香，混以淡淡的南瓜清香，口感细腻香甜。酥松不油，唇齿留香。,https://r1.visitbeijing.com.cn/vbj-s/2017/0428/20170428032305766.jpg,https://s.visitbeijing.com.cn/food/371
墨子酥,甜品类,东四北大街126号,形如金砖，色泽乌亮。饼体细腻有亮泽，馅心为无蔗糖黑芝麻馅，口感酥松细腻，具有浓郁黑麻香味。,https://r1.visitbeijing.com.cn/vbj-s/2017/0428/20170428031845973.jpg,https://s.visitbeijing.com.cn/food/370
抹茶酥,甜品类,东四北大街126号,精选优质食材，十足好料，传统工艺精心烘制，口感细腻，层层酥脆，抹茶味清香，有助消化和消脂。美味不可多得。,https://r1.visitbeijing.com.cn/vbj-s/2017/0428/20170428030323806.jpg,https://s.visitbeijing.com.cn/food/369
绿豆饼,甜品类,东四北大街126号,饼皮浅黄色，印有“绿豆”字样，内馅包裹香醇绿豆，口感细腻香甜。,https://r1.visitbeijing.com.cn/vbj-s/2017/0428/20170428025306477.jpg,https://s.visitbeijing.com.cn/food/368
莲蓉饼,甜品类,东四北大街126号,饼皮金黄，酥软细腻，莲蓉内馅，口感细腻香甜诱人，酥松不油，混以淡淡莲蓉香，品食后唇齿留香，回味无穷。,https://r1.visitbeijing.com.cn/vbj-s/2017/0428/20170428024558699.jpg,https://s.visitbeijing.com.cn/food/367
黄油枣泥饼,甜品类,东四北大街126号,饼皮浅黄，雕刻有“黄油枣泥”字样及精致花纹，口感酥松，有淡淡奶香。馅心为秘制枣泥馅，混合着天然枣泥中的丝丝微苦，将内馅的软糯和外皮的酥松完美的结合。,https://r1.visitbeijing.com.cn/vbj-s/2017/0428/20170428024044778.jpg,https://s.visitbeijing.com.cn/food/366
黑麻椒盐饼,甜品类,东四北大街126号,黑麻椒盐饼，饼皮金黄，饼面沾满黑芝麻，粒粒饱满，麻香四溢，口口留香，层层酥脆，咸甜相宜。食之令人回味无穷。,https://r1.visitbeijing.com.cn/vbj-s/2017/0428/20170428023605195.jpg,https://s.visitbeijing.com.cn/food/365
风梨饼,甜品类,东四北大街126号,饼皮金黄，口感酥松，表面有阳文“凤梨”字样，皮馅分明。内馅为传统凤梨果馅，馅心色泽通透，清新果香品食后回味无穷。,https://r1.visitbeijing.com.cn/vbj-s/2017/0428/20170428022743840.jpg,https://s.visitbeijing.com.cn/food/364
豆沙饼,甜品类,东四北大街126号,豆沙饼为浅黄色圆形饼状，表面金黄，红小豆内馅，面皮酥松，内馅混有淡淡玫瑰香，色泽通透金黄。,https://r1.visitbeijing.com.cn/vbj-s/2017/0428/20170428021854411.jpg,https://s.visitbeijing.com.cn/food/363
山楂酪,甜品类,团结湖路36号,山楂酪是一道以山楂为主要食材烹饪而成的菜肴。,https://r1.visitbeijing.com.cn/vbj-s/2020/0324/20200324025326728.jpg,https://s.visitbeijing.com.cn/food/361
奶饽饽,甜品类,团结湖路36号,奶饽饽作为宫廷奶品（三元梅园）之一流入民间。奶，营养丰富；饽饽，松软好吃。奶饽饽名如其品，松软可口，奶香浓郁，带着最纯正的老北京的香甜，让人回味无穷。,https://r1.visitbeijing.com.cn/vbj-s/2017/0411/20170411062228408.jpg,https://s.visitbeijing.com.cn/food/360
杏仁豆腐,甜品类,团结湖路36号,杨梅豆腐是一道甜品，主料是牛奶、杏仁粉、琼脂、糖水杨梅，辅料是开水、凉水、白糖。,https://r1.visitbeijing.com.cn/vbj-s/2020/0324/20200324025529494.jpg,https://s.visitbeijing.com.cn/food/359
双皮奶,甜品类,团结湖路36号,双皮奶是一种粤式甜品，一碗上佳的双皮奶，其状如膏，其色洁白，质感细腻嫩滑，口味甜香清爽。,https://r1.visitbeijing.com.cn/vbj-s/2020/0324/20200324023917933.jpg,https://s.visitbeijing.com.cn/food/358
老北京瓷瓶酸奶,甜品类,—,瓷瓶酸奶是一种奶制品，主料为全脂牛奶。,https://r1.visitbeijing.com.cn/vbj-s/2020/0324/20200324030201208.jpg,https://s.visitbeijing.com.cn/food/357
西瓜酪,甜品类,—,西瓜酪是北京夏季特色传统小吃之一。尤其是在三伏天，吃上一碗西瓜酪，既消署又解渴。 西瓜酪的特色：色泽鲜红，甜凉爽口。,https://r1.visitbeijing.com.cn/vbj-s/2017/0103/20170103045311471.jpg,https://s.visitbeijing.com.cn/food/355
牛奶酪,甜品类,广安门内大街202号107室（牛街北口）,奶酪历史悠久，昔日京城以天桥市场出售的最为有名，以风味独特、营养丰富而誉满京城。,https://r1.visitbeijing.com.cn/vbj-s/2017/0103/20170103044839261.jpg,https://s.visitbeijing.com.cn/food/354
羊肉杂面,流食类,—,汤肥肉香，面软利口，是冬季应时小吃，亦可作主食。羊肉1000克，绿豆面800克，黄豆面200克，酱油150克，盐10克，葱段10克，姜5克，花椒...,https://r1.visitbeijing.com.cn/vbj-s/2017/0103/20170103044303768.jpg,https://s.visitbeijing.com.cn/food/353
白年糕,粘货类,牛街5号超市一楼窗口（近甑糕，马凯肉类自选旁）,"白年糕是北京地区特色传统小吃之一，节日习俗。过春节时必备的美食。它有""年年登高，万事如意""的寓意。年糕种类很多，大部分都含糖、馅...",https://r1.visitbeijing.com.cn/vbj-s/2016/1220/20161220052036376.jpg,https://s.visitbeijing.com.cn/food/351
江米糕,粘货类,—,江米糕是北京传统名点之一，糯米，又叫江米，是禾本科植物的种仁，质地柔软。按谷壳颜色可分为红、白两种，也有分为有毛和无毛的;按米...,https://r1.visitbeijing.com.cn/vbj-s/2016/1220/20161220051501697.jpg,https://s.visitbeijing.com.cn/food/350
小枣粽子,粘货类,东四北大街126号,小枣粽子是北京地区特色传统名点，节日食俗。色白光滑，质地粘润，清香浓郁，若蘸以白糖，则风味更佳。,https://r1.visitbeijing.com.cn/vbj-s/2016/1220/20161220051258681.jpg,https://s.visitbeijing.com.cn/food/349
盆糕,粘货类,牛街5号超市一楼窗口（近甑糕，马凯肉类自选旁）,盆糕是北京地区特色传统名点之一，过去北京的切糕铺一般在冬季经营盆糕。隆冬腊月，您若手垫木纸，来上一块刚出锅的盆糕，既御寒保暖，...,https://r1.visitbeijing.com.cn/vbj-s/2016/1220/20161220050617255.jpg,https://s.visitbeijing.com.cn/food/347
芝麻卷糕,粘货类,牛街5号超市一楼窗口（近甑糕，马凯肉类自选旁）,北京夏令的应时汉族糕类小吃佳品。芝麻卷糕糯软爽口，入口清凉发沙，香中带甜，甜中透香。,https://r1.visitbeijing.com.cn/vbj-s/2016/1220/20161220050317460.jpg,https://s.visitbeijing.com.cn/food/346
萝卜丝饼,烘烤类,马甸桥裕民路裕中西里小区23号楼（会展中心旁）,萝卜是北方秋冬季的家常蔬菜，因此萝卜丝饼也曾为北方餐桌上的一道美食。将萝卜洗净刨成丝，用少许食盐略腌后，挤去水份，放入葱末拌匀。,https://r1.visitbeijing.com.cn/vbj-s/2020/0324/20200324044636853.jpg,https://s.visitbeijing.com.cn/food/343
藤萝饼,烘烤类,—,藤萝饼是是北京地区特色传统小吃，老北京四季糕点之一。过去每到春季，北京人都喜欢用花和面制作应时食品，藤萝饼就是其中之一。这种饼...,https://r1.visitbeijing.com.cn/vbj-s/2016/1223/20161223035611182.jpg,https://s.visitbeijing.com.cn/food/341
马蹄烧饼,烘烤类,—,马蹄烧饼是河北安国传统名点之一，历史久远，相传在清乾隆年间就已享有盛名。据载，清朝末年，在县城经营马蹄烧饼的张氏家族和小街子(...,https://r1.visitbeijing.com.cn/vbj-s/2016/1223/20161223035545203.jpg,https://s.visitbeijing.com.cn/food/340
腰子饼,烘烤类,—,腰子饼是是北京地区特色传统小吃。用面为皮，萝卜丝或韭菜配以猪肉末为馅，卷裹成猪腰子形而得名。过去西四小吃店做的最为有名。腰子饼...,https://r1.visitbeijing.com.cn/vbj-s/2016/1220/20161220042427577.jpg,https://s.visitbeijing.com.cn/food/339
京东肉饼,烘烤类,—,京东肉饼是京式传统面食。选新鲜瘦猪肉末500克，甜面酱50克，葱末250克，香油、盐、味精、姜末适量，拌匀打开成馅。将面粉1000克加700...,https://r1.visitbeijing.com.cn/vbj-s/2016/1220/20161220041856260.jpg,https://s.visitbeijing.com.cn/food/338
脂油饼,油煎类,—,脂油饼是北京地区特色传统小吃。是灵宝的一大名吃。它呈扁圆形，旋纹相套，外观焦黄明亮，咬开后层次分明，每层薄如纸，外酥内软，浓香...,https://r1.visitbeijing.com.cn/vbj-s/2016/1220/20161220041213585.jpg,https://s.visitbeijing.com.cn/food/337
炸肉火烧,油煎类,—,炸肉火烧是北京地区特色传统小吃。面粉750克，肉(猪、牛、羊肉均可)400克，葱花400克，开水1.15公斤。香油10克，黄酱40克，精盐8克，花...,https://r1.visitbeijing.com.cn/vbj-s/2016/1220/20161220035840112.jpg,https://s.visitbeijing.com.cn/food/335
蒸食炸,油煎类,—,蒸食炸北京地区特色传统小吃，是北京的夏令小吃中最受青睐的一种。蒸食炸先蒸后煎，其底层油亮金黄而香脆，馅料清淡鲜嫩，无油腻感。,https://r1.visitbeijing.com.cn/vbj-s/2016/1220/20161220035454896.jpg,https://s.visitbeijing.com.cn/food/334
炸口袋,油煎类,—,炸口袋是北京地区特色传统小吃，形似口袋，外焦里嫩，是北京早点品种之一。,https://r1.visitbeijing.com.cn/vbj-s/2016/1220/20161220034546239.jpg,https://s.visitbeijing.com.cn/food/332
白薯铃,蒸煮类,—,白薯铃是一种茶菜，即喝茶时食用的菜。作为饮食禁忌，回民是不饮酒的，为了在餐桌上应酬亲朋，大多以茶代酒，配以茶菜。而满族人的习俗...,https://r1.visitbeijing.com.cn/vbj-s/2016/1219/20161219045516707.jpg,https://s.visitbeijing.com.cn/food/331
木樨小枣,甜品类,—,小枣以北京密云产的小枣(枣以皮薄、肉厚、核小而著称)为主料，再配以木樨(桂花)、白糖烧煮而成。风味独特，是佐酒和饮茶的小菜。木樨小...,https://r1.visitbeijing.com.cn/vbj-s/2016/1219/20161219045015380.jpg,https://s.visitbeijing.com.cn/food/330
倒僧帽,烘烤类,—,倒僧帽，北京又称倒作包，是羊肉包子的一种，为清真小吃。因形似倒放着的僧帽而得名。包子馅多以羊肉大葱为主料，是北京早点一大热门货。,https://r1.visitbeijing.com.cn/vbj-s/2016/1219/20161219041455631.jpg,https://s.visitbeijing.com.cn/food/329
果料糖蜂糕,粘货类,—,果料糖蜂糕是北京地区特色传统名吃，清爽可口，简单易学的美味小食品。,https://r1.visitbeijing.com.cn/vbj-s/2016/1219/20161219041000999.jpg,https://s.visitbeijing.com.cn/food/328
大蜂糕,粘货类,—,蜂糕是老北京诱人的风味小吃，面粉或米面加糖，果料等蒸制的糕食，掰开后内有蜂窝状小孔，故名蜂糕，分红白蜂糕，面发好均匀兑上碱揉匀...,https://r1.visitbeijing.com.cn/vbj-s/2016/1219/20161219040328498.jpg,https://s.visitbeijing.com.cn/food/327
装蒜黄鱼,肉食类,—,装蒜黄鱼是老北京蒜味最浓郁的一道小吃，它色泽金黄，蒜香浓郁，是老北京最著名的小吃之一。,https://r1.visitbeijing.com.cn/vbj-s/2016/1219/20161219035508296.jpg,https://s.visitbeijing.com.cn/food/326
白魁烧羊肉,肉食类,交道口南大街158号(近平安大街),白魁是原东长顺清真馆的店主。该店创始于清乾隆四十五年(1780年)，至今已有200多年的历史。他们制作的烧羊肉，风味独特，誉满京都，与...,https://r1.visitbeijing.com.cn/vbj-s/2016/1219/20161219034719328.jpg,https://s.visitbeijing.com.cn/food/325
羊眼包子,油煎类,—,羊眼包子是北京的一种名小吃，是回民饮食中的佳品，此物因其个头小似羊眼，所以人称羊眼包子。别看包子小，但馅料多样，深受人们喜欢。...,https://r1.visitbeijing.com.cn/vbj-s/2016/1214/20161214053757601.jpg,https://s.visitbeijing.com.cn/food/322
丰年灌肠,流食类,雍和宫大街82号,丰年灌肠是老北京的汉族传统小吃。早在清朝就有赞美灌肠的诗句：灌肠红粉一时煎，辣蒜咸汁说美鲜，足以体现北京人对灌肠的钟爱。隆福寺...,https://r1.visitbeijing.com.cn/vbj-s/2016/1214/20161214052954928.jpg,https://s.visitbeijing.com.cn/food/320
夹糖糕干,甜品类,台基厂大街18-3号,北京传统风味小吃。夹糖糕干色泽雪白，层次分明，质地疏松不散，绵软不黏，香甜可口。,https://r1.visitbeijing.com.cn/vbj-s/2016/1212/20161212042858843.jpg,https://s.visitbeijing.com.cn/food/316
溢香斋,美食老字号,—,北京溢香斋酿造厂始建于1932年，是中华老字号企业， 2001年企业通过了ISO9001国际质量体系认证。近几年，区、市、国家三级质量监督部...,https://r1.visitbeijing.com.cn/vbj-s/2016/1026/20161026053502930.jpg,https://s.visitbeijing.com.cn/food/308
聚成永,美食老字号,—,地道北京味 百年聚成永,https://r1.visitbeijing.com.cn/vbj-s/2016/1025/20161025115219209.png,https://s.visitbeijing.com.cn/food/301
小楼饭店,美食老字号,—,小楼饭店是著名的清真百年老字号 ，原字号是义和轩，创建于清光绪二十六年即1900年。开业时，仅是一楼一底的百余平方米的自东自伙的家...,https://r1.visitbeijing.com.cn/vbj-s/2016/0906/20160906040319133.jpg,https://s.visitbeijing.com.cn/food/298
瀛厚德,美食老字号,—,北京瀛厚德食品有限责任公司创始于1955年，是北京老字号企业，并荣获了中国商业联合会和中华老字号工作委员会颁发的中华老字号传承创新...,https://r1.visitbeijing.com.cn/vbj-s/2016/0906/20160906035352392.jpg,https://s.visitbeijing.com.cn/food/297
茶汤李,美食老字号,和平里七区三十号楼1号底商,北京天桥茶汤李历史悠久，是老北京地区传统风味小吃。茶汤味甜香醇，色泽杏黄，味道细腻耐品。茶汤制作是将糜子面洗净，用凉水浸泡两小...,https://r1.visitbeijing.com.cn/vbj-s/2016/0905/20160905025829772.jpg,https://s.visitbeijing.com.cn/food/293
庆福斋,美食老字号,王四营乡白鹿司北街1号,庆福斋是以三个五(即油五斤、糖五斤、面五斤)起家的老字号企业。20世纪中期，京城流传着：东西各一庆，还属西庆福。田记庆福斋是以三个...,https://r1.visitbeijing.com.cn/vbj-s/2016/0902/20160902062344929.jpg,https://s.visitbeijing.com.cn/food/289
北冰洋,美食老字号,—,北冰洋食品公司的前身是建于1936年的北平制冰厂。1949年收归国有，改名为北京新建制冰厂。1950年改名为北京市食品厂，并正式注册北冰洋...,https://r1.visitbeijing.com.cn/vbj-s/2016/0902/20160902061049486.jpg,https://s.visitbeijing.com.cn/food/287
谭家菜,美食老字号,东长安街33号北京饭店C座7楼,谭家菜是中国最著名的官府菜之一，谭家菜是清末官僚谭宗浚的家传筵席，因其是同治二年的榜眼，又称榜眼菜。谭家菜烹制方法以烧、炖、煨...,https://r1.visitbeijing.com.cn/vbj-s/2016/0901/20160901030843496.jpg,https://s.visitbeijing.com.cn/food/282
冰花球,粘货类,—,冰花球是北京特色的汉族油炸小吃。此小吃圆球形状，表面粘有白砂糖而得名冰花球，口感酥脆香甜，具有桂花香味。,https://r1.visitbeijing.com.cn/vbj-s/2016/0826/20160826011101646.jpg,https://s.visitbeijing.com.cn/food/276
义利面包,烘烤类,北兴路东段6号(近北京公安大学),义利创建于1906年，是食品行业著名的优秀老字号企业，享有面包王的美誉。义利商标曾多次荣获北京市著名商标的称号。 2004年、2006年义...,https://r1.visitbeijing.com.cn/vbj-s/2016/0823/20160823045509415.jpg,https://s.visitbeijing.com.cn/food/274
红螺,美食老字号,王府井大街277号,北京红螺食品有限公司是一家具有多年果品生产经验 中华老字号企业，是国家级农业产业化重点龙头企业。公司的主营业务定位于水果、蔬...,https://r1.visitbeijing.com.cn/vbj-s/2016/0823/20160823052515604.jpg,https://s.visitbeijing.com.cn/food/271
义利,美食老字号,团结湖东里稻香村东侧,义利创建于1906年，是食品行业著名的优秀老字号企业，享有面包王的美誉。义利商标曾多次荣获北京市著名商标的称号。 2004年、2006年义...,https://r1.visitbeijing.com.cn/vbj-s/2016/0823/20160823045509415.jpg,https://s.visitbeijing.com.cn/food/268
力力豆花庄,美食老字号,广渠门外大街37号(广渠门桥东北角),力力豆花庄是北京市一家适宜商务宴请、休闲小憩、随便吃吃、情侣约会、家庭聚会、朋友聚餐的小吃店。,https://r1.visitbeijing.com.cn/vbj-s/2016/0822/20160822121640822.jpg,https://s.visitbeijing.com.cn/food/265
桂馨斋,美食老字号,南横西街50号,北京桂馨斋酱园，位于北京市宣武区南横西街50号，是一家历史悠久的南式酱园。桂馨斋酱园创建于清乾隆元年(1736年)，原址在北京市宣武区...,https://r1.visitbeijing.com.cn/vbj-s/2016/0822/20160822114656952.jpg,https://s.visitbeijing.com.cn/food/263
蛤蟆吐蜜,烘烤类,交道口南大街158号(近平安大街),蛤蟆吐蜜又称豆馅烧饼，是汉族传统糕点中的常见品种，因其以豆沙为馅而得名，在烤制过程中，因烧饼边上有自然开口，吐出豆馅，挂着烧饼...,https://r1.visitbeijing.com.cn/vbj-s/2016/0809/20160809032115999.jpg,https://s.visitbeijing.com.cn/food/262
艾窝窝,特产美食,北京北海公园北门内（近九龙壁）,艾窝窝是北京一款用糯米制作的清真风味小吃，其特色是色泽雪白，形如球状，质地粘软，口味香甜。不仅北京人喜欢这款小吃，就是进京的外地人...,https://r1.visitbeijing.com.cn/vbj-s/2013/0328/20130328053007865.jpg,https://s.visitbeijing.com.cn/food/259
莲子糕,特产美食,—,莲子糕是北京夏令传统的汉族风味糕类小吃。莲子糕制作精细，质地细腻甜爽，香甜软滑，具有浓郁的莲子香味。　　制作方法　　将干莲子放...,https://r1.visitbeijing.com.cn/vbj-s/2016/0518/20160518112501584.jpg,https://s.visitbeijing.com.cn/food/255
糖葫芦,特产美食,牛街5号清真超市一楼,冰糖葫芦的制法是用竹签一根，将选好的果串成一串，一般五枚。然后用冰糖熬成糖汁(定要用冰糖)，将成串果子在糖汁中一蘸，立即提起。糖...,https://r1.visitbeijing.com.cn/vbj-s/2016/0519/20160519031052439.jpg,https://s.visitbeijing.com.cn/food/252
宝兰斋,美食老字号,—,宝兰斋创建于清朝咸丰年间1851年，创始人是内阁学士那桐府的总管王联五，原地址在王府井北口路西，分号设在东直门外东华路南。　　北京...,https://r1.visitbeijing.com.cn/vbj-s/2016/0524/20160524111747962.jpg,https://s.visitbeijing.com.cn/food/231
正明斋,美食老字号,广渠门外大街1号物美崇文门菜市场,正明斋位于东城区南芦草园1号，是一家自产自销京式传统风味糕点的老字号。　　正明斋的饽饽一直是宫廷贡品，其品种大致可以分为硬皮、...,https://r1.visitbeijing.com.cn/vbj-s/2016/0524/20160524110038700.jpg,https://s.visitbeijing.com.cn/food/230
北京果脯,特产美食,王府井大街277号,北京果脯采用宫廷传统秘方，由鲜果加工精制而成，口味酸甜适中，爽口滑润，甜而不腻，果味浓郁，主要有杏脯、梨脯、秋海棠等上千个品种...,https://r1.visitbeijing.com.cn/vbj-s/2020/0312/20200312064911719.jpg,https://s.visitbeijing.com.cn/food/221
茶汤,流食类,和平里七区三十号楼1号底商,茶汤是北京传统风味小吃。茶汤是一种甜饮食，和藕粉相类，原料也是糜子面。用开水冲食。茶汤味甜香醇，色泽杏黄，味道细腻耐品。茶汤是...,https://r1.visitbeijing.com.cn/vbj-s/2016/0519/20160519034958309.jpg,https://s.visitbeijing.com.cn/food/213
冰糖葫芦,甜品类,牛街5号清真超市一楼,冰糖葫芦的制法是用竹签一根，将选好的果串成一串，一般五枚。然后用冰糖熬成糖汁(定要用冰糖)，将成串果子在糖汁中一蘸，立即提起。糖...,https://r1.visitbeijing.com.cn/vbj-s/2016/0519/20160519031052439.jpg,https://s.visitbeijing.com.cn/food/211
水晶门钉,粘货类,—,水晶门钉是一种颜色白净、呈半透明状的汉族风味小吃。北京风味小吃中有咸鲜味的门钉肉饼，还有一种香甜风味的水晶门钉，它用发面制成，...,https://r1.visitbeijing.com.cn/vbj-s/2016/0519/20160519022126917.jpg,https://s.visitbeijing.com.cn/food/209
卤炸豆腐,油煎类,人定湖北巷11号天天向上艺术街区（黄寺大街路南）,卤炸豆腐是一道北京小吃，可用熬煮氽炖烩焖的方法制作。不老不嫩，鲜香可口，随芝麻烧饼食用，别有一番风味。　　制作方法　　1、豆腐...,https://r1.visitbeijing.com.cn/vbj-s/2016/0519/20160519020526155.jpg,https://s.visitbeijing.com.cn/food/208
核桃酪,流食类,前门大街东侧鲜鱼口街70号,核桃酪是北京地区汉族传统小吃之一，以核桃为主原料烹制而成的甜品，呈浆状，色浅灰而略红，细腻香甜，润滋不糊口，是一种高雅的京味甜...,https://r1.visitbeijing.com.cn/vbj-s/2016/0519/20160519100507925.jpg,https://s.visitbeijing.com.cn/food/204
莲子糕,粘货类,—,莲子糕是北京夏令传统的汉族风味糕类小吃。莲子糕制作精细，质地细腻甜爽，香甜软滑，具有浓郁的莲子香味。　　制作方法　　将干莲子放...,https://r1.visitbeijing.com.cn/vbj-s/2016/0518/20160518112501584.jpg,https://s.visitbeijing.com.cn/food/201
硬面饽饽,油煎类,—,硬面饽饽是过去北京小吃中夜间供应的一种面食，也是常见品种。由于人们生活习惯改变、生活水平的提高，走街串巷卖小吃的减少，这种小吃...,https://r1.visitbeijing.com.cn/vbj-s/2016/0517/20160517022850633.png,https://s.visitbeijing.com.cn/food/197
京式果脯,干果类,王府井大街277号,果脯，也称蜜饯，是以桃、杏、李、枣或冬瓜、生姜等果蔬为原料，用糖或蜂蜜腌制后而加工成的食品。除了作为小吃或零食直接食用外，蜜饯...,https://r1.visitbeijing.com.cn/vbj-s/2016/0512/20160512110636855.jpg,https://s.visitbeijing.com.cn/food/185
磨盘柿,特产美食,中国磨盘柿第一村张坊镇大峪沟村,"北京郊区盛产柿子，品种也很多,但最有名气的要数大磨盘，属于北京特产。这种柿子个头大，一般重250克大磨盘柿左右，大的一只就有500克...",https://r1.visitbeijing.com.cn/vbj-s/2016/0511/20160511112744993.jpg,https://s.visitbeijing.com.cn/food/176
油茶（油炒面）,流食类,和平里七区三十号楼1号底商,"油茶又叫做油炒面，是北京春、秋、冬季应时小吃，其质地滑腻油润，略感糊口，且酥油香气浓郁，营养丰富,是北京小吃中的滋补佳品，它是用面...",https://r1.visitbeijing.com.cn/vbj-s/2013/1219/20131219040813118.jpg,https://s.visitbeijing.com.cn/food/175
果子干,甜品类,广安门内大街202号107室（牛街北口）,果子干是北京小吃以水果制作成的食用的品种。《燕都小食品杂咏》中咏果子干的诗说：杏干柿饼镇坚冰，藕片切来又一层。劝尔多添三两碗，保君...,https://r1.visitbeijing.com.cn/vbj-s/2013/1118/20131118105038949.jpg,https://s.visitbeijing.com.cn/food/168
茶菜,油煎类,—,茶菜先用红皮白薯、大藕去皮切薄片，然后用油炸成焦黄色出锅，另锅放糖熬开，将炸好的白薯片，藕片放入糖锅内翻炒，让薯片，藕片都挂匀糖汁...,https://r1.visitbeijing.com.cn/vbj-s/2013/0826/20130826042131980.jpg,https://s.visitbeijing.com.cn/food/164
来今雨轩,美食老字号,—,北京中山公园内有个“来今雨轩”，它建于1915年，是著名的茶楼和饭馆，也是近代一些社会名流聚会之所。,https://r1.visitbeijing.com.cn/vbj-s/2013/0523/20130523051123209.jpg,https://s.visitbeijing.com.cn/food/152
烧羊肉,肉食类,交道口南大街158号(近平安大街),(1)烧羊肉是北京清真馆白魁老号的名肴。白魁老号开业于清·乾隆四十五年，原名东长顺。因店主白魁制作烧羊肉很有名气，久而久之， 人们把...,https://r1.visitbeijing.com.cn/vbj-s/2013/0407/20130407032919564.jpg,https://s.visitbeijing.com.cn/food/134
豌豆粥,流食类,—,豌豆淘洗干净，放入锅内，加水1000克，置旺火上煮沸，撇去浮沫后用小火煮熬至豌豆酥烂;糖桂花、糖玫瑰分别用凉开水调成汁;食用时，先在碗内...,https://r1.visitbeijing.com.cn/vbj-s/2013/0407/20130407021731260.jpg,https://s.visitbeijing.com.cn/food/131
豆渣儿糕,蒸煮类,柳沟民俗旅游度假区64号院,豆渣儿糕价值廉，盘中个个比鹣鹣。温凉随意凭君择，洒得白糖分外甜。这是《燕都小食品杂咏》中对北京小吃豆渣儿糕的赞美。豆渣儿糕的原料用...,https://r1.visitbeijing.com.cn/vbj-s/2013/0401/20130401043532333.jpg,https://s.visitbeijing.com.cn/food/125
大麦米粥,流食类,新街口南大街55号1幢01号,1.将大麦米和豇豆洗净，一起放入锅中，加入凉水及碱面，用旺火烧沸后，撇去浮沫，改用微火熬1小时左右;2.熬时要不断用勺搅拌，以防粘锅，待...,https://r1.visitbeijing.com.cn/vbj-s/2013/0401/20130401102135817.jpg,https://s.visitbeijing.com.cn/food/124
褡裢火烧,油煎类,西四北大街40号,褡裢火烧是一种油煎食品，色泽金黄，焦香四溢，鲜美可口。褡裢火烧是一种北京常见食品，用面片装入馅，两面折上，另两面不封口，放入油锅煎...,https://r1.visitbeijing.com.cn/vbj-s/2013/0401/20130401100638475.jpg,https://s.visitbeijing.com.cn/food/123
炒麻豆腐,油煎类,交道口南大街158号(近平安大街),正宗的麻豆腐应该有四种必备的原料——雪里蕻、羊尾油、黄豆酱、青韭。炒麻豆腐，加一些雪里蕻是为了让炒出的麻豆腐有筋骨，用切成丁的羊尾...,https://r1.visitbeijing.com.cn/vbj-s/2013/0329/20130329015523779.jpg,https://s.visitbeijing.com.cn/food/120
艾窝窝,粘货类,北京北海公园北门内（近九龙壁）,北京传统风味小吃,https://r1.visitbeijing.com.cn/vbj-s/2013/0328/20130328053007865.jpg,https://s.visitbeijing.com.cn/food/112
老北京奶酪,流食类,北京北海公园北门内（近九龙壁）,老北京奶酪有自己独特风味，口味清淡而且蛋白质和钙的含量很高。深受人们喜爱。,https://r1.visitbeijing.com.cn/vbj-s/2013/0328/20130328034453332.jpg,https://s.visitbeijing.com.cn/food/106
爆肚,蒸煮类,和平里中街29号（地坛北门西300米）,爆肚又脆又鲜，不油不腻，据说还可治胃病。吃爆肚的人如会喝酒，总要喝二两，喝完酒，吃两个刚出炉的烧饼，确实是一大快事,https://r1.visitbeijing.com.cn/vbj-s/2013/0326/20130326023833799.jpg,https://s.visitbeijing.com.cn/food/102
同春园,美食老字号,新街口外大街甲14号十月大厦1楼(二炮医院对面),同春园饭店的前身是享誉京城的江苏风味名店中华老字号--同春园饭庄，在北京鳞次栉比的饭店中，具有老字号饭庄特色的饭店并不多见。,https://r1.visitbeijing.com.cn/vbj-s/2012/1208/20121208042757180.jpg,https://s.visitbeijing.com.cn/food/60
西来顺饭庄,美食老字号,北新华街116,西来顺饭庄是开业于民国十九年（公元1930年）主营清真炒菜的老字号饭庄。,https://r1.visitbeijing.com.cn/vbj-s/2012/1208/20121208022139956.jpg,https://s.visitbeijing.com.cn/food/57
庆丰包子铺,美食老字号,新街口南大街16号（近西直门内大街）,庆丰包子铺距今已有近60年历史，原址位于西单路口东南角，坐南朝北。1948年开业经营，当时字号为“万兴居”，经营包子、小吃、米饭、炒菜，因包子口味纯正生意非常红火。,https://r1.visitbeijing.com.cn/vbj-s/2012/1207/20121207041310152.jpg,https://s.visitbeijing.com.cn/food/36
吴裕泰,美食老字号,永安路4号(天桥北里小区2号楼1-12号北二门),吴裕泰始创于1887年，目前公司总部位于北京市东城区东四北大街44号。吴裕泰茶业股份公司由吴裕泰茶栈、吴裕泰茶庄演变、发展而来，至今已有118年的历史。,https://r1.visitbeijing.com.cn/vbj-s/2012/1207/20121207014947527.jpg,https://s.visitbeijing.com.cn/food/23
信远斋,美食老字号,东直门外东中街40号元嘉国际公寓2号楼701室,北京信远斋食品厂的前身是信远斋蜜果店，始建于清乾隆五年（1740年），原址在东琉璃厂，创办人姓肖（一说姓刘）。,https://r1.visitbeijing.com.cn/vbj-s/2013/0110/20130110105658806.jpg,https://s.visitbeijing.com.cn/food/17
正明斋,特产美食,广渠门外大街1号物美崇文门菜市场,正明斋是一家自产自销京式传统风味糕点的老字号。,https://r1.visitbeijing.com.cn/vbj-s/2012/1206/20121206111935580.jpg,https://s.visitbeijing.com.cn/food/9
肉松饼,烘烤类,北京市东城区东直门内大街19号,肉松饼是一道美味可口的名点，属于闽菜系，呈金黄色。以面粉、鸡蛋、肉松制作而成，香甜可口。,https://r1.visitbeijing.com.cn/vbj-s/2017/0510/20170510052759588.jpg,https://s.visitbeijing.com.cn/food/404
咸酥烧饼,烘烤类,东城区交道口南大街158号(近平安大街),"咸酥烧饼是北京地区的特色传统名点之一，北京的炸、烙、烤小吃，常以""酥活""为贵。酥烧饼味有咸、甜之分，形有圆、方之别;咸酥烧饼起酥...",https://r1.visitbeijing.com.cn/vbj-s/2016/1220/20161220044958240.jpg,https://s.visitbeijing.com.cn/food/342
干蹦,烘烤类,东城区珠市口东大街磁器口大都市街南一楼,干蹦是北京地区特色传统名点。具有色泽浅黄，入口酥脆香甜，桂花香味浓厚的特色。,https://r1.visitbeijing.com.cn/vbj-s/2020/0320/20200320055347988.jpg,https://s.visitbeijing.com.cn/food/317
北京碗糕,粘货类,东城区珠市口东大街磁器口大都市街南一楼,北京碗糕，把发酵好的米粉甜浆盛入碗中蒸制而成，因其蒸熟出锅后外形就是一个碗状，故而得名。北京碗糕是以小碗为模具，装原料蒸制而成...,https://r1.visitbeijing.com.cn/vbj-s/2016/0826/20160826010352345.jpg,https://s.visitbeijing.com.cn/food/275
萨其马,特产美食,北京市东城区东直门内大街19号,萨其马(满语：sacima，转写：saqima，《清文鉴》中译为糖缠)，也写作沙琪玛、沙其马、沙其玛、萨齐马等，是一种源于满族的中国特色糕点...,https://r1.visitbeijing.com.cn/vbj-s/2016/0511/20160511030452234.jpg,https://s.visitbeijing.com.cn/food/258
牛舌饼,特产美食,北京市东城区东直门内大街19号,牛舌饼是一种有名的北京汉族小吃，黑龙江，台湾，山西等地也有该小吃。牛舌饼制作要用标准面粉和成面团，兑入发面团，比例大概在9： 1...,https://r1.visitbeijing.com.cn/vbj-s/2016/0518/20160518100914774.jpg,https://s.visitbeijing.com.cn/food/256
玫瑰饼,特产美食,北京市东城区东直门内大街19号,玫瑰饼是一种糖馅、酥皮的老北京汉族传统名点。其做法是，用鲜玫瑰花，摘瓣、去蒂用清水洗净后，通过腌制，与炒熟的蜜糖拌在...,https://r1.visitbeijing.com.cn/vbj-s/2016/0518/20160518114024943.jpg,https://s.visitbeijing.com.cn/food/254
月盛斋,美食老字号,东城区 前门大街1号(大北照相馆对面),月盛斋(يوه شينغ تشاي)是一家专门经营清真酱牛羊肉的老字号，位于前门大街路西，也就是原前门五牌楼的边上。月盛斋开业于...,https://r1.visitbeijing.com.cn/vbj-s/2016/0524/20160524101930489.jpg,https://s.visitbeijing.com.cn/food/228
天福号酱肘子,肉食类,东城区前门大街19号,天福号酱肘子是北京市的汉族特色风味名食。它从200年前创业至今盛名不减，令人称奇。天福号酱肘子肉皮酱紫油亮，鲜香四溢;肉食入口无油...,https://r1.visitbeijing.com.cn/vbj-s/2016/0523/20160523042116128.png,https://s.visitbeijing.com.cn/food/225
京八件,特产美食,北京市东城区东直门内大街19号,京八件就是八种形状、口味不同的京味糕点。为清宫廷御膳房始创，流传至民间。以枣泥、青梅、葡萄干、玫瑰、豆沙、白糖、香蕉、椒盐等八...,https://r1.visitbeijing.com.cn/vbj-s/2016/0523/20160523110203392.png,https://s.visitbeijing.com.cn/food/217
茯苓饼,特产美食,北京市东城区东直门内大街19号,"茯苓饼又名茯苓夹饼，是北京市出产的一种滋补性汉族传统名点。因皮薄如纸,且颜色雪白,很象中药里的云茯苓片,故称为茯苓饼。 制作系以...",https://r1.visitbeijing.com.cn/vbj-s/2016/0523/20160523103314926.png,https://s.visitbeijing.com.cn/food/215
北京烤鸭,特产美食,东城区前门大街30号,烤鸭是具有世界声誉的北京著名菜式，由中国汉族人研制于明朝，在当时是宫廷食品。用料为优质肉食鸭北京鸭，果木炭火烤制，色泽红润，肉...,https://r1.visitbeijing.com.cn/vbj-s/2016/0523/20160523102444113.png,https://s.visitbeijing.com.cn/food/214
百果年糕,甜品类,北京市东城区东直门内大街19号,百果年糕是北京春节的传统小吃，早在辽代，据说北京的正月初一，家家就有吃年糕的习俗。　　年糕有黄、白两色，象征金银，并有年年高的吉祥如意...,https://r1.visitbeijing.com.cn/vbj-s/2016/0519/20160519025540959.jpg,https://s.visitbeijing.com.cn/food/210
玫瑰饼,烘烤类,北京市东城区东直门内大街19号,玫瑰饼是一种糖馅、酥皮的老北京汉族传统名点。其做法是，要用妙峰山的鲜玫瑰花，摘瓣、去蒂用清水洗净后，通过腌制，与炒熟的蜜糖拌在...,https://r1.visitbeijing.com.cn/vbj-s/2016/0518/20160518114024943.jpg,https://s.visitbeijing.com.cn/food/202
牛舌饼,烘烤类,北京市东城区东直门内大街19号,牛舌饼是一种有名的北京汉族小吃，黑龙江，台湾，山西等地也有该小吃。牛舌饼制作要用标准面粉和成面团，兑入发面团，比例大概在9： 1...,https://r1.visitbeijing.com.cn/vbj-s/2016/0518/20160518100914774.jpg,https://s.visitbeijing.com.cn/food/200
三鲜烧麦,蒸煮类,东城区前门大街38号(大栅栏东口),烧麦是北京地区久负盛名的汉族小吃之一。以前烧卖的馅分四季而有所不同：春以青韭为主，夏以羊肉西葫芦为优，秋以蟹肉馅最为应时，冬季...,https://r1.visitbeijing.com.cn/vbj-s/2016/0517/20160517055255392.png,https://s.visitbeijing.com.cn/food/198
糖耳朵,甜品类,东城区珠市口东大街磁器口大都市街南一楼,糖耳朵是北京小吃中常见名品，又称蜜麻花，因为它成形后形状似人的耳朵得名。　　原料：面、红糖、花生油、碱、饴糖、蜂蜜。　　做法：...,https://r1.visitbeijing.com.cn/vbj-s/2016/0512/20160512025338215.jpg,https://s.visitbeijing.com.cn/food/187
茯苓饼,粘货类,北京市东城区东直门内大街19号,作为北京最具代表性的特产之一，茯苓夹饼誉满中外，深受广大朋友的喜爱。而茯苓夹饼最大的特色就在于其外形口感以及食用营养。　　茯苓...,https://r1.visitbeijing.com.cn/vbj-s/2016/0511/20160511040437536.jpg,https://s.visitbeijing.com.cn/food/181
山楂糕,甜品类,北京市东城区东直门内大街19号,山楂糕是一道流行于北方地区的汉族民间糕点，取山楂果汁，配以白糖、琼脂，冻结成板。口感爽滑细腻，甜美冰凉可口，是一种很不错的有药...,https://r1.visitbeijing.com.cn/vbj-s/2016/0511/20160511034756997.jpg,https://s.visitbeijing.com.cn/food/180
萨其马,甜品类,北京市东城区东直门内大街19号,萨其马(满语：sacima，转写：saqima，《清文鉴》中译为糖缠)，也写作沙琪玛、沙其马、沙其玛、萨齐马等，是一种源于满族的中国特色糕点...,https://r1.visitbeijing.com.cn/vbj-s/2016/0511/20160511030452234.jpg,https://s.visitbeijing.com.cn/food/178
螺蛳转,烘烤类,东城区珠市口东大街磁器口大都市街南一楼,北京特色风味小吃。以水面团夹糖卷制，经烙制而成。螺蛳转因其形似而得名，质地松软，表皮酥脆，味咸香而可口。北京西三元小吃店制作的...,https://r1.visitbeijing.com.cn/vbj-s/2016/0511/20160511021917328.jpg,https://s.visitbeijing.com.cn/food/177
芝麻烧饼,烘烤类,东城区王府井大街138号北京APM 5楼,老北京小吃之芝麻烧饼。老北京的烧饼那是无人不知无人不晓，在岁月的长河里，人们演绎出不同品种的烧饼，不管如何变迁，提到来北京的烧...,https://r1.visitbeijing.com.cn/vbj-s/2013/1211/20131211041231515.jpg,https://s.visitbeijing.com.cn/food/174
炒肝,肉食类,北京市东城区鼓楼东大街311号(鼓楼湾东南角),炒肝是北京特色风味小吃，具有汤汁油亮酱红，肝香肠肥，味浓不腻，稀而不澥的特色。,https://r1.visitbeijing.com.cn/vbj-s/2013/0521/20130521051424404.jpg,https://s.visitbeijing.com.cn/food/143
蜜麻花,油煎类,东城区珠市口东大街磁器口大都市街南一楼,蜜麻花是北京小吃中常见名品，又称糖耳朵，因为它成形后形状似人的耳朵得名。前人有诗说：“耳朵竟堪作食耶？常偕伴侣蜜麻花，劳声借问谁家好，遥指前边某二巴”。,https://r1.visitbeijing.com.cn/vbj-s/2013/0521/20130521034623172.jpg,https://s.visitbeijing.com.cn/food/140
炸三角,油煎类,东城区前门大街38号(大栅栏东口),炸三角距今有一百多年的历史了。表面焦脆而不硬，味道清香鲜美。以前北京的大街小巷经常听到油炸的，三角哇，虾米韭菜馅的的吆喝声。馅分荤...,https://r1.visitbeijing.com.cn/vbj-s/2013/0403/20130403035842462.jpg,https://s.visitbeijing.com.cn/food/126
花糕,粘货类,北京市东城区东直门内大街19号,农历九月初九是重阳节，也叫敬老节，民间要蒸重阳糕孝敬老人。蒸重阳糕方法与蒸年糕相同，不过蒸糕要小一点，糕要薄一点。为了美观中吃，人...,https://r1.visitbeijing.com.cn/vbj-s/2013/0329/20130329020724735.jpg,https://s.visitbeijing.com.cn/food/121
北京冰碗,蒸煮类,东城区珠市口东大街磁器口大都市街南一楼,1.将鲜藕洗净去皮，顶刀切成圆片。鲜杏仁、桃桃仁用温水略泡去皮，菱角去外壳切成小块。莲子经泡发去皮、心，再用温水泡透，上锅蒸约15分钟...,https://r1.visitbeijing.com.cn/vbj-s/2013/0329/20130329111346736.jpg,https://s.visitbeijing.com.cn/food/117
白汤杂碎,蒸煮类,北京市东城区白桥大街22号-5工商联大厦南配楼,白汤杂是京菜中的一道菜，为京华清真传统名菜，极受老北京人欢迎。具有肉质软烂浓香，汤色洁白，酸辣咸香味全的特色。以前多在立秋后供应，...,https://r1.visitbeijing.com.cn/vbj-s/2013/0329/20130329100749548.jpg,https://s.visitbeijing.com.cn/food/115
白水羊头,肉食类,东城区王府井大街198号,白水羊头， 选料严格，制作精细，刀工讲究，成品色白洁净，肉片又大又薄，蘸着特制的椒盐吃，软嫩清脆醇香不腻，风味独特。制作白水羊头肉...,https://r1.visitbeijing.com.cn/vbj-s/2013/0329/20130329095003259.jpg,https://s.visitbeijing.com.cn/food/114
扒糕,粘货类,东城区珠市口东大街磁器口大都市街南一楼,扒糕是北京小吃中的夏季小吃,https://r1.visitbeijing.com.cn/vbj-s/2013/0329/20130329093718850.jpg,https://s.visitbeijing.com.cn/food/113
烧麦,肉食类,东城区前门大街38号(大栅栏东口),烧麦最早起源于元代初期，后来“捎上”了些菜点，成为“茶捎卖”，经多年演变成为今天的“烧麦”。,https://r1.visitbeijing.com.cn/vbj-s/2013/0327/20130327032052509.jpg,https://s.visitbeijing.com.cn/food/110
开口笑,油煎类,北京市东城区东直门内大街19号,"又称“笑口枣”,既是京城著名小点，也是岭南人过年必吃之点心。该品经过油炸，裂一大口，形如开口大笑，故曰开口笑。",https://r1.visitbeijing.com.cn/vbj-s/2013/0326/20130326035949418.jpg,https://s.visitbeijing.com.cn/food/105
元宝馄饨,蒸煮类,东城区鼓楼东大街309号（地安门鼓楼旁）,元宝馄饨顾名思义，馄饨外形酷似元宝，它最早是满人喜欢的小吃之一。,https://r1.visitbeijing.com.cn/vbj-s/2013/0326/20130326021704488.jpg,https://s.visitbeijing.com.cn/food/101
馄饨侯,美食老字号,东城区鼓楼东大街309号（地安门鼓楼旁）,“馄饨侯”的馄饨为什么会名扬京城呢？主要是这儿的馄饨做出来有讲儿。,https://r1.visitbeijing.com.cn/vbj-s/2012/1209/20121209030145617.jpg,https://s.visitbeijing.com.cn/food/78
六必居,美食老字号,东城区前门外粮食店街3号,闻名遐尔的六必居酱园始建于明朝嘉靖年间（公元1530年），至今已有475余年的历史，是京城历史最悠久、最富盛名的中华老字号。,https://r1.visitbeijing.com.cn/vbj-s/2012/1209/20121209033304514.jpg,https://s.visitbeijing.com.cn/food/75
锦芳小吃,美食老字号,东城区珠市口东大街磁器口大都市街南一楼,锦芳小吃店创建于1926年，现为北京市有名优质小吃店。该店原址在崇外大街，1996年因道路扩建迁至天坛路，1998年7月17日在崇外大街又开设了一家锦芳小吃分店。,https://r1.visitbeijing.com.cn/vbj-s/2012/1209/20121209041932506.jpg,https://s.visitbeijing.com.cn/food/71
功德林,美食老字号,东城区前门东大街2号,现在功德林旗舰店餐厅建筑面积达1000平方米；功德林食品有限公司拥有建筑面积8200平方米的绿色食品生产基地。,https://r1.visitbeijing.com.cn/vbj-s/2012/1209/20121209050950843.jpg,https://s.visitbeijing.com.cn/food/65
瑞珍厚,美食老字号,北京 东城区 东四南大街1,在中山公园里，有一家老古玩铺，字号叫瑞珍厚，创办于1917年。,https://r1.visitbeijing.com.cn/vbj-s/2012/1208/20121208114408473.jpg,https://s.visitbeijing.com.cn/food/52
天兴居,肉食类,东城区建国门南大街7号一层A108A,天兴居炒肝店是由清朝同治元年（1862年）创业的会仙居与1930年创业的天兴居于1956年合并而成，距今已有一百三十六年的历史。,https://r1.visitbeijing.com.cn/vbj-s/2012/1207/20121207055108621.jpg,https://s.visitbeijing.com.cn/food/45
都一处烧麦馆,美食老字号,东城区前门大街38号(大栅栏东口),都一处烧麦馆始建于清乾隆三年（公元1738年），是中国商务部首批认定的“中华老字号”。,https://r1.visitbeijing.com.cn/vbj-s/2016/0524/20160524021631120.jpg,https://s.visitbeijing.com.cn/food/30
便宜坊,美食老字号,东城区崇文门外大街3-5号新世界百货青春馆3楼(地铁崇文门站南),北京便宜坊烤鸭集团有限公司是拥有10家京城餐饮老字号和1家三星级饭店的品群集团。,https://r1.visitbeijing.com.cn/vbj-s/2012/1207/20121207023007545.jpg,https://s.visitbeijing.com.cn/food/26
白魁老号,美食老字号,东城区交道口南大街158号(近平安大街),坐落在隆福广场的白魁老号饭庄，在继承传统烧羊肉等品种的基础上不断创新发展，厨师跑西北，下江南，采八方名肴，汇南北清真菜近200种，以飨中外食客。,https://r1.visitbeijing.com.cn/vbj-s/2012/1207/20121207021258417.jpg,https://s.visitbeijing.com.cn/food/25
萃华楼,美食老字号,北京市东城区东安门大街19号,萃华楼饭庄创业于一九四零年，隶属于北京兴华美食有限责任公司，是一家经营正宗鲁菜的大型饭庄。“萃华楼”意为“荟萃山东菜之精华于一楼，以飨食者”。,https://r1.visitbeijing.com.cn/vbj-s/2012/1206/20121206055953635.jpg,https://s.visitbeijing.com.cn/food/16
稻香村,特产美食,北京市东城区东直门内大街19号,改革开放后，北京稻香村秉承传统，锐意创新，以其独具特色品质优良的产品和热情守信的真诚服务赢得了消费者的赞誉，以工贸一体的方式迅速发展，稻香村的品牌日益深入人心。,https://r1.visitbeijing.com.cn/vbj-s/2012/1206/20121206053330409.jpg,https://s.visitbeijing.com.cn/food/15
天福号,美食老字号,东城区前门大街19号,北京市天福号食品有限公司是一家具有260多年历史的中华老字号企业，它的前身是久负盛名的天福号。,https://r1.visitbeijing.com.cn/vbj-s/2012/1206/20121206110227894.jpg,https://s.visitbeijing.com.cn/food/8
华天延吉,美食老字号,西城区西四北大街181号,北京华天延吉餐厅有限责任公司，华天饮食集团子公司聚德华天控股有限公司旗下，专业从事餐饮饮食服务的现代化集团企业。,https://r1.visitbeijing.com.cn/vbj-s/2017/0526/20170526052259489.jpg,https://s.visitbeijing.com.cn/food/409
荷叶粥,蒸煮类,北京市西城区护国寺大街67-69号,荷叶粥是特色传统名点之一，米粒晶莹剔透，荷香与米香和谐地融合在一起，一锅清淡碧绿的荷叶粥就呈现在你面前了。烦躁的夏日，不妨喝上...,https://r1.visitbeijing.com.cn/vbj-s/2017/0103/20170103043614925.jpg,https://s.visitbeijing.com.cn/food/352
紫米糕,粘货类,西城区护国寺大街93号,紫米糕是北京地区特色传统名点之一，色泽紫细似血，软糯醇香。紫米也称血米，颜色紫红，有补血、益气的功效。在封建王朝统治的漫长时期...,https://r1.visitbeijing.com.cn/vbj-s/2016/1220/20161220050940119.jpg,https://s.visitbeijing.com.cn/food/348
硬面镯子,烘烤类,西城区护国寺大街93号,硬面镯子是北京地区特色传统小吃之一。造型逼真，干甜筋道，香美可口，是北京城南小吃。,https://r1.visitbeijing.com.cn/vbj-s/2016/1220/20161220045935882.jpg,https://s.visitbeijing.com.cn/food/345
双卷酥,烘烤类,西城区新街口南大街139号(近护国寺小吃),卷酥是北京地区的特色传统小吃之一，色泽金黄，酥脆香咸。,https://r1.visitbeijing.com.cn/vbj-s/2020/0324/20200324040157848.jpg,https://s.visitbeijing.com.cn/food/344
一品烧饼,烘烤类,北京市西城区西便门外大街10号院旁边,一品烧饼是北京地区特色传统小吃。 其体形圆扁 ， 色泽金黄 ， 内裹油酥 ，皮酥脆 ， 馅香甜 ， 味道极佳 。,https://r1.visitbeijing.com.cn/vbj-s/2016/1220/20161220040739760.jpg,https://s.visitbeijing.com.cn/food/336
龙须饼,烘烤类,西城区前门西大街14号楼,龙须饼是北京地区特色传统小吃，形似龙须，香甜酥脆。,https://r1.visitbeijing.com.cn/vbj-s/2016/1220/20161220035012487.jpg,https://s.visitbeijing.com.cn/food/333
拔丝山药,粘货类,西城区地安门西大街51-2号荷花市场内,拔丝山药，汉族传统名点，年节食品，是过年迎春菜式中的一道甜点，又甜又粘，甜脆香酥，软嫩香甜。由于山药的营养价值高，常食此菜能防...,https://r1.visitbeijing.com.cn/vbj-s/2016/1215/20161215060250869.jpg,https://s.visitbeijing.com.cn/food/324
老北京烤肉,烘烤类,西城区地安门外大街前海东沿14号（近银锭桥）,老北京烤肉是一道美味的菜肴。传统的炙子烤肉需要把牛羊肉切成薄片，用料汁浸透，加上大量的葱，洋葱在铁炙子烤熟，家庭制作就把过程简...,https://r1.visitbeijing.com.cn/vbj-s/2016/1215/20161215055529133.jpg,https://s.visitbeijing.com.cn/food/323
馓子麻花,烘烤类,西城区牛街5号牛街清真超市内,馓子麻花是北京清真小吃中的精品，很受百姓欢迎，它的制作比较麻烦。在事先将矾、碱、红糖、糖桂花放在盆内用温水溶化，再将面粉倒入和...,https://r1.visitbeijing.com.cn/vbj-s/2016/1214/20161214053347443.jpg,https://s.visitbeijing.com.cn/food/321
老北京京酱肉丝,肉食类,西城区前门西大街14号楼,老北京京酱肉丝是传统北京风味菜也是鲁菜著名的功夫才之一。京酱肉丝做法并不难，但要炒的肉丝滑嫩，酱汁包裹均匀，并不容易的。,https://r1.visitbeijing.com.cn/vbj-s/2016/1214/20161214052530186.jpg,https://s.visitbeijing.com.cn/food/319
老北京麻酱烧饼,烘烤类,西城区护国寺大街93号,老北京麻酱烧饼，一种食物。主要原料是芝麻酱、水、椒盐。,https://r1.visitbeijing.com.cn/vbj-s/2016/1214/20161214051901442.jpg,https://s.visitbeijing.com.cn/food/318
面鱼,蒸煮类,西城区珠市口西大街241号,漏鱼是特色传统名小吃之一，漏鱼并非鱼或是跟鱼有关的食物，似乎是用地瓜粉揉成的半透明状物，因其长得像小鱼而得名 吃时洒榨菜，辣椒...,https://r1.visitbeijing.com.cn/vbj-s/2016/1212/20161212040822352.jpg,https://s.visitbeijing.com.cn/food/314
华天大地餐厅,美食老字号,西城区西四南大街44号(北京基督教会缸瓦市堂对面),华天大地餐厅是京城里开业较早的西餐厅，其主要经营俄式西餐。最早大地座落于西长安街上。这条街在京城里也被称为食馆一条街。而大地以...,https://r1.visitbeijing.com.cn/vbj-s/2016/0901/20160901050420817.jpg,https://s.visitbeijing.com.cn/food/286
江米凉糕,粘货类,西城区南菜园街12号(大观园西门南侧),糯米凉糕是一道适合夏天食用的老北京汉族传统糕点，节日食俗。凉糕也是佳节美味，在北方的山西、陕西、内蒙古西部地区，流传着过端午节...,https://r1.visitbeijing.com.cn/vbj-s/2016/0809/20160809031054243.jpg,https://s.visitbeijing.com.cn/food/261
烤鸭,肉食类,西城区前门西大街14号楼,烤鸭是具有世界声誉的北京著名菜式，由中国汉族人研制于明朝，在当时是宫廷食品。用料为优质肉食鸭北京鸭，果木炭火烤制，色泽红润，肉...,https://r1.visitbeijing.com.cn/vbj-s/2016/0523/20160523102444113.png,https://s.visitbeijing.com.cn/food/260
山楂糕,特产美食,西城区护国寺大街93号,山楂糕是一道流行于北方地区的汉族民间糕点，取山楂果汁，配以白糖、琼脂，冻结成板。口感爽滑细腻，甜美冰凉可口，是一种很不错的有药...,https://r1.visitbeijing.com.cn/vbj-s/2016/0511/20160511034756997.jpg,https://s.visitbeijing.com.cn/food/257
麻团,特产美食,西城区护国寺大街93号,麻团又叫煎堆，华北地区称麻团，东北地区称麻圆，海南又称珍袋，广西又称油堆，是一种古老的汉族特色油炸面食。制作起来也并不复杂。以...,https://r1.visitbeijing.com.cn/vbj-s/2016/0519/20160519014612524.jpg,https://s.visitbeijing.com.cn/food/253
六必居酱菜,特产美食,西城区 前门外粮食店街3号(大栅栏南),六必居酱菜是北京市汉族传统名菜。由北京六必居生产。六必居是北京酱园中历史最久、声誉最显著的一家，其生产的六必居酱菜，选料精细、...,https://r1.visitbeijing.com.cn/vbj-s/2016/0523/20160523034642735.png,https://s.visitbeijing.com.cn/food/223
驴打滚,特产美食,西城区护国寺大街93号,驴打滚是老北京和天津卫传统小吃之一，成品黄、白、红三色分明，煞是好看。因其最后制作工序中撒上的黄豆面，犹如老北京郊外野驴撒欢打...,https://r1.visitbeijing.com.cn/vbj-s/2016/0523/20160523032411252.png,https://s.visitbeijing.com.cn/food/222
薄脆,油煎类,西城区护国寺大街93号,北京传统风味小吃。薄脆，故名思义，即薄又脆，但薄而不碎，脆而不艮，香酥可口。二十世纪三、四十年代，在北京吃早点，常向卖炸油饼的...,https://r1.visitbeijing.com.cn/vbj-s/2016/0519/20160519033916996.jpg,https://s.visitbeijing.com.cn/food/212
麻团,粘货类,西城区护国寺大街93号,麻团又叫煎堆，华北地区称麻团，东北地区称麻圆，海南又称珍袋，广西又称油堆，是一种古老的汉族特色油炸面食。制作起来也并不复杂。以...,https://r1.visitbeijing.com.cn/vbj-s/2016/0519/20160519014612524.jpg,https://s.visitbeijing.com.cn/food/207
炸年糕坨,油煎类,西城区 牛街12号(牛街清真超市对面),年糕坨色泽金黄，外皮酥焦，内质黏软，醇香甜润。　　制作工艺　　⒈将黄米淘洗干净，用凉水浸泡约4个小时，沥净水，碾成面。过细罗，...,https://r1.visitbeijing.com.cn/vbj-s/2016/0519/20160519102318277.jpg,https://s.visitbeijing.com.cn/food/205
姜丝排叉,蒸煮类,西城区护国寺大街93号,姜丝排叉，又叫姜汁排叉、姜酥排叉、蜜排叉。它不但是北京传统小吃，也是北京茶菜的一个品种。茶菜是满族、回族礼仪性食品。满族人在设...,https://r1.visitbeijing.com.cn/vbj-s/2016/0518/20160518114952521.jpg,https://s.visitbeijing.com.cn/food/203
肉丁馒头,蒸煮类,西城区地安门西大街51-2号荷花市场内,肉丁馒头是一道美味可口的汉族小吃。坯皮绵软.馅心咸香，味美不腻。主要原料是精粉500克，肥瘦猪肉250克。猪肉切成1厘米见方的肉丁，大...,https://r1.visitbeijing.com.cn/vbj-s/2016/0518/20160518095500790.jpg,https://s.visitbeijing.com.cn/food/199
银丝卷,蒸煮类,西城区三里河月坛南街甲71号,汉族传统小吃，亦是京津地区著名小吃。银丝卷以制作精细、面内包以银丝缕缕而闻名。除蒸食以外还可入炉烤至金黄色，也有一番风味。经常...,https://r1.visitbeijing.com.cn/vbj-s/2016/0517/20160517021802331.png,https://s.visitbeijing.com.cn/food/196
酸梅汤,流食类,西城区地安门外大街前海东沿14号（近银锭桥）,酸梅汤是老北京传统的消暑饮料，在炎热的季节，多数人家会买乌梅来自行熬制(也有用杨梅代替乌梅)，里边放点白糖去酸，冰镇后饮用。酸梅...,https://r1.visitbeijing.com.cn/vbj-s/2016/0517/20160517015915286.png,https://s.visitbeijing.com.cn/food/195
咯吱,油煎类,西城区牛街5号牛街清真超市内,又名咯吱盒、咯吱合、咯炸盒。它伴随京杭大运河之生而生于运河源头之通州，是一种比老北京城还老的北京特色食品，历经人们千百年品味推...,https://r1.visitbeijing.com.cn/vbj-s/2020/0319/20200319114915588.jpg,https://s.visitbeijing.com.cn/food/194
小窝头,烘烤类,西城区地安门外大街前海东沿14号（近银锭桥）,小窝头是北京地区汉族传统名点之一，由小米面、敉子面、玉米面、栗子面混合而成，做成圆锥形，每个底部都有一个圆洞，小巧玲珑，蒸熟后...,https://r1.visitbeijing.com.cn/vbj-s/2016/0517/20160517113239687.png,https://s.visitbeijing.com.cn/food/193
苏造肉,肉食类,西城区 西四北大街21号(平安里路口南),苏造肉是老北京的汉族传统小吃之一，既不是家常自做，也不是筵宴所备。苏造肉，也称苏灶肉，起源说法不一，但多指向苏州。原来是由清宫...,https://r1.visitbeijing.com.cn/vbj-s/2016/0517/20160517110206105.png,https://s.visitbeijing.com.cn/food/192
羊霜肠,肉食类,西城区什刹海前海东沿17号(银锭桥南),羊霜肠起源于北京也叫羊霜霜、羊肚。北京回族传统小吃。卖羊霜肠的小贩在叫卖时，都呼：羊肚开锅! 当年，羊霜肠就像豆汁儿那么普及，...,https://r1.visitbeijing.com.cn/vbj-s/2016/0517/20160517103141575.png,https://s.visitbeijing.com.cn/food/191
糖卷果,甜品类,西城区牛街5号牛街清真超市内,糖卷果是北京风味小吃中的名品，深受中外食者青睐，尤得女性食客的喜爱。　　糖卷果主料用山药和大枣，配以青梅、桃仁、瓜仁等辅料。山...,https://r1.visitbeijing.com.cn/vbj-s/2016/0512/20160512112602790.jpg,https://s.visitbeijing.com.cn/food/186
油饼,油煎类,西城区护国寺大街93号,取一个较大的盆，放入面粉、盐、小苏打和发酵粉。徐徐加入冷水，先用筷子搅动均匀，再用手和面，要使面团达到最柔软又不沾盆内壁的状态。最后于面团表面刷一层油防止干皮。,https://r1.visitbeijing.com.cn/vbj-s/2020/0318/20200318045425228.jpg,https://s.visitbeijing.com.cn/food/179
老北京疙瘩汤,流食类,西城区护国寺大街93号,老北京疙瘩汤其实做法很简单，在不算太稠的小米汤里打进去点面疙瘩，面熟的时候再撒进去切得碎碎的葱花，滴两滴香油，盛一碗捧在手里，闻着...,https://r1.visitbeijing.com.cn/vbj-s/2013/1205/20131205052741695.jpg,https://s.visitbeijing.com.cn/food/173
烤牛羊肉,烘烤类,西城区地安门外大街前海东沿14号（近银锭桥）,《故都食物百咏》描绘烤牛羊肉：浓烟熏得涕潸潸，柴火光中照醉颜。满盘生膻赁一灸，如斯嗜尚近夷蛮。并注说：铁篦之下，烧以木柴，以羊肉之...,https://r1.visitbeijing.com.cn/vbj-s/2013/1127/20131127035909286.jpg,https://s.visitbeijing.com.cn/food/172
糊塌子,油煎类,西城区护国寺大街93号,北京小吃糊塌子。北京小吃里面，有很多名字听起来貌似土里土气，吃起来却极为惊艳的美味，糊塌子典型就是这种类型，待见到其黄灿灿的卖相，...,https://r1.visitbeijing.com.cn/vbj-s/2013/1118/20131118012027765.jpg,https://s.visitbeijing.com.cn/food/171
蜂糕,甜品类,西城区护国寺大街93号,蜂糕在早年间是庙会中大众化的食品之一，用面粉或米面加糖、果料等蒸制而成的一种糕食小吃。因糕体蒸好后，内有较多蜂窝状的小孔，故名蜂糕...,https://r1.visitbeijing.com.cn/vbj-s/2013/1118/20131118114203561.jpg,https://s.visitbeijing.com.cn/food/170
缸炉烧饼,烘烤类,西城区南菜园街12号(大观园西门南侧),缸炉烧饼原为河北省小吃，后进入北京，成为北京小吃。它的特点是用缸做成炉子，将烧饼生坯贴在缸壁上烤制而成，故名缸炉烧饼。缸炉烧饼的制...,https://r1.visitbeijing.com.cn/vbj-s/2013/1118/20131118102306166.jpg,https://s.visitbeijing.com.cn/food/167
炖吊子,蒸煮类,西城区西四南大街60号,北京名吃里有几样是离不开猪内脏的，比如炒肝，卤煮，再有就是炖吊子了。炖吊子为满汉小吃。它以猪肠为主，加猪心、猪肚、猪肺等，独不加猪...,https://r1.visitbeijing.com.cn/vbj-s/2013/1115/20131115051329526.jpg,https://s.visitbeijing.com.cn/food/166
墩饽饽,蒸煮类,西城区护国寺大街93号,饽饽是北京人对面制点心等食品的一种叫法,https://r1.visitbeijing.com.cn/vbj-s/2013/0826/20130826042038510.jpg,https://s.visitbeijing.com.cn/food/165
肉末烧饼,肉食类,西城区西四南大街60号,肉末烧饼是北京的一道著名风味小吃，属于著名的满汉全席之中的一道，也是北京传统宫廷的风味小吃，享誉京都几十年。,https://r1.visitbeijing.com.cn/vbj-s/2013/0521/20130521032243182.jpg,https://s.visitbeijing.com.cn/food/139
馓子麻花,油煎类,西城区牛街5号牛街清真超市内,馓子麻花是一种油炸食品，男女老少都爱吃，酥脆香甜的味道真叫人吃不够，难怪早有人形容说“嚼着惊动十里人”了。,https://r1.visitbeijing.com.cn/vbj-s/2013/0521/20130521030841540.jpg,https://s.visitbeijing.com.cn/food/138
甜、咸卷果,油煎类,西城区牛街5号牛街清真超市内,卷果是地道的清真小吃，也是京城茶食之一。逢年过节，回民都将炸卷果作为上等食品而登大雅之堂。卷果分甜、咸两种。,https://r1.visitbeijing.com.cn/vbj-s/2013/0529/20130529013342642.jpg,https://s.visitbeijing.com.cn/food/137
炸回头,油煎类,西城区 教子胡同法源寺西里小区5号楼甲4号1楼商铺(近法源寺),炸回头是北京清真小吃中特有的品种，类似饺子。此食品形状好像元宝馄饨，颜色金黄、表皮焦脆，馅香鲜美，透亮，外焦里嫩、味道咸香。回头是...,https://r1.visitbeijing.com.cn/vbj-s/2013/0529/20130529030145224.jpg,https://s.visitbeijing.com.cn/food/136
炸饹馇,油煎类,西城区牛街5号牛街清真超市内,饹馇，同咯扎，一种食品，用豆面做成饼形，切成块，熬菜吃、炸着吃或炒菜吃，是唐山的名食之一，是百姓逢年过节，婚丧喜庆，迎来送往的必备...,https://r1.visitbeijing.com.cn/vbj-s/2013/0407/20130407035633495.jpg,https://s.visitbeijing.com.cn/food/135
切糕,粘货类,西城区新街口南大街139号(近护国寺小吃),切糕是玛仁糖的俗称，是一种新疆南疆维吾尔族人民采用传统特色工艺，选用核桃仁、玉米饴、葡萄干、葡萄汁、芝麻、玫瑰花、巴丹杏、枣等原料...,https://r1.visitbeijing.com.cn/vbj-s/2013/0407/20130407030357622.jpg,https://s.visitbeijing.com.cn/food/133
山药糕,蒸煮类,西城区什刹海前海东沿17号(银锭桥南),山药糕属于中国美味糕点类食品，味道香甜。有健脾益肾的功效。把山药洗净，上屉蒸烂，晾凉。把面粉蒸熟。把白糖分成两份，一份加红色素拌成...,https://r1.visitbeijing.com.cn/vbj-s/2013/0407/20130407022504367.jpg,https://s.visitbeijing.com.cn/food/132
糖火烧,粘货类,西城区牛街5号牛街清真超市内,糖火烧是北京人常吃的早点小吃之一，已有 300多年历史，以大顺斋的糖火烧最出名。要先将红糖加面粉搓散烤熟，加入麻酱、桂花、油，和成芝...,https://r1.visitbeijing.com.cn/vbj-s/2013/0403/20130403050106324.jpg,https://s.visitbeijing.com.cn/food/129
杏仁豆腐,流食类,西城区护国寺大街93号,杏仁豆腐，著名甜点之一，主要用甜杏仁磨浆后加水煮沸，待冷冻凝结之后切块而成，因形似豆腐而得名。但因制作的地区不同，制作杏仁豆腐的方...,https://r1.visitbeijing.com.cn/vbj-s/2013/0403/20130403042547927.jpg,https://s.visitbeijing.com.cn/food/128
枣糕,粘货类,西城区新街口南大街139号(近护国寺小吃),枣糕原是清朝宫廷御用糕点， 其味香远，入口丝甜，含有维生素C、蛋白质、钙、铁、维生素等营养成分，既能补脾和胃、益气生津;还有保护肝脏...,https://r1.visitbeijing.com.cn/vbj-s/2013/0403/20130403041203101.jpg,https://s.visitbeijing.com.cn/food/127
炒红果,油煎类,西城区地安门外大街前海东沿14号（近银锭桥）,炒红果的主要成分—山楂，富含多种高营养成份。本品配料以蜂蜜、白糖为主;含有人体多种必需的营养元素。属食疗型休闲食品。并对高血压、心...,https://r1.visitbeijing.com.cn/vbj-s/2013/0329/20130329014321919.jpg,https://s.visitbeijing.com.cn/food/119
北京糊饼,蒸煮类,西城区地安门外大街前海东沿14号（近银锭桥）,1、玉米面和黄豆面混合均匀，分次加入适量水。活成软硬适中的面团。加盖饧15分钟。2、锅内放少许油，将虾皮炒成金黄色，凉凉备用，3、鸡蛋...,https://r1.visitbeijing.com.cn/vbj-s/2013/0329/20130329103024486.jpg,https://s.visitbeijing.com.cn/food/116
锅贴,油煎类,西城区护国寺大街93号,汉族传统小吃,https://r1.visitbeijing.com.cn/vbj-s/2013/0327/20130327041348620.jpg,https://s.visitbeijing.com.cn/food/111
春卷,肉食类,西城区地安门外大街前海东沿14号（近银锭桥）,春卷在我国有着悠久的历史，北方人也称为“春饼”。,https://r1.visitbeijing.com.cn/vbj-s/2013/0327/20130327024257824.jpg,https://s.visitbeijing.com.cn/food/109
豆汁,流食类,西城区护国寺大街93号,北京人爱喝豆汁，并把喝豆汁当成是一种享受。,https://r1.visitbeijing.com.cn/vbj-s/2013/0327/20130327021412646.jpg,https://s.visitbeijing.com.cn/food/108
门丁肉饼,肉食类,北京市西城区护国寺大街67-69号,门丁肉饼或门钉肉饼是北京的一种传统小吃。因为形状像古时候城门上的门钉而得名。而且据说门钉肉饼有吉祥的含义。,https://r1.visitbeijing.com.cn/vbj-s/2013/0327/20130327014627241.jpg,https://s.visitbeijing.com.cn/food/107
面茶,流食类,西城区护国寺大街93号,面茶是一种把黄小米粉为主料的粥。主要是把炒芝麻、麻油、麻酱、盐和黄小米粉煲成粥状物。是太原市、晋中地区的一种传统的面类小吃，一般冬、春季食用最多。 面茶还可加白糖制作,https://r1.visitbeijing.com.cn/vbj-s/2013/0326/20130326031843969.jpg,https://s.visitbeijing.com.cn/food/103
焦圈,油煎类,西城区护国寺大街93号,焦圈是一种北京风味小吃。本品色泽深黄，形如手镯，焦香酥脆，风味独特。北京小吃中的焦圈男女老少都爱吃。老北京吃烧饼爱夹焦圈，喝豆汁的时候也爱就着焦圈。焦圈是种古老的食品。,https://r1.visitbeijing.com.cn/vbj-s/2013/0326/20130326013623898.jpg,https://s.visitbeijing.com.cn/food/100
奶油炸糕,油煎类,西城区护国寺大街93号,奶油炸糕是北京人爱吃的面食之一，也常做早点。炸糕分为奶油炸糕、黄米面炸糕、江米面炸糕和烫面炸糕。,https://r1.visitbeijing.com.cn/vbj-s/2013/0326/20130326114044269.jpg,https://s.visitbeijing.com.cn/food/99
豌豆黄,粘货类,西城区护国寺大街93号,豌豆黄是北京传统小吃。按北京习俗，农历三月初三要吃豌豆黄。因此每当春季豌豆黄就上市，一直供应到春末。北京的豌豆黄分宫廷和民间两种。,https://r1.visitbeijing.com.cn/vbj-s/2013/0325/20130325043112668.jpg,https://s.visitbeijing.com.cn/food/98
驴打滚,粘货类,西城区护国寺大街93号,“驴打滚”是用黄米夹馅卷成的长卷，因卷下铺黄豆面，吃时将长卷滚上豆面，样子颇似驴儿打滚，因此得名。,https://r1.visitbeijing.com.cn/vbj-s/2013/0325/20130325020543631.jpg,https://s.visitbeijing.com.cn/food/94
延吉餐厅总号,美食老字号,西城区西四北大街181号,延吉餐厅是北京最早经营朝鲜冷面的馆子，创建于1943年。初创时在西单，现在延吉餐厅在京已经有3家直营连锁店，分别在西城西安门地区和朝阳区外馆斜街。,https://r1.visitbeijing.com.cn/vbj-s/2012/1210/20121210100413134.jpg,https://s.visitbeijing.com.cn/food/85
美味斋,美食老字号,西城区白广路35号,美味斋饭庄源于上海，1923年开业，1956年12月在周总理“全国支援北京建设”的号召下，北京美味斋饭庄在宣武区菜市口正式开始营业。,https://r1.visitbeijing.com.cn/vbj-s/2012/1209/20121209031636425.jpg,https://s.visitbeijing.com.cn/food/77
马凯餐厅,美食老字号,西城区宣武门西大街117号,位于北京中轴线上，与钟鼓楼相邻的马凯餐厅是北京经营湖南风味菜的著名餐馆，北京市特餐馆。1953年开业，梅兰芳先生为其剪彩祗喜。,https://r1.visitbeijing.com.cn/vbj-s/2012/1209/20121209032251387.jpg,https://s.visitbeijing.com.cn/food/76
烤肉宛,美食老字号,西城区南礼士路58号,"北京经营烤肉的餐馆数烤肉宛的字号最老，它创建于清康熙二十五年（公元1686年），至今已有320多年历史。烤肉宛的烤牛肉，溢油, 荡香，鲜嫩“赛豆腐”。",https://r1.visitbeijing.com.cn/vbj-s/2013/0110/20130110103535220.jpg,https://s.visitbeijing.com.cn/food/73
晋阳饭庄,美食老字号,西城区珠市口西大街241号,晋阳饭庄始建于1959年，店址是清代的古建筑，曾是《四库全书》总编纂纪晓岚的书斋“阅微草堂”。院宇幽静深邃，梁柱雕漆描画，庭中紫藤覆盖...,https://r1.visitbeijing.com.cn/vbj-s/2012/1209/20121209040339980.jpg,https://s.visitbeijing.com.cn/food/72
护国寺小吃,美食老字号,西城区护国寺大街93号,护国寺小吃是北京地方小吃的代表之一，以其品种丰富，特色突出，具有深厚的历史文化底蕴而著称。,https://r1.visitbeijing.com.cn/vbj-s/2012/1209/20121209043858311.jpg,https://s.visitbeijing.com.cn/food/68
桂香村,美食老字号,西城区新街口南大街139号(近护国寺小吃),桂香村南味食品店创办于民国五年(1916年)，总店在前门外观音寺(今大栅栏西街)，不久，又在西音北大街开办一家分店。,https://r1.visitbeijing.com.cn/vbj-s/2012/1209/20121209045952428.jpg,https://s.visitbeijing.com.cn/food/66
新路春饭庄,美食老字号,西城区地安门外大街155号,在中国传统的面艺美点中，包子品种可谓精彩纷呈。“狗不理”当推天津名吃.新路春是北京第一家经营天津狗不理包子的饭庄。,https://r1.visitbeijing.com.cn/vbj-s/2012/1208/20121208014858407.jpg,https://s.visitbeijing.com.cn/food/56
天源酱园,美食老字号,北京市西城区牛街东里一区,百年老字号天源酱园，创业于清代同治八年（1869年），其酱菜做法出自清宫内廷名师，做工精细，用料考究。,https://r1.visitbeijing.com.cn/vbj-s/2012/1208/20121208105138808.jpg,https://s.visitbeijing.com.cn/food/50
曲园酒楼,美食老字号,西城区展览馆路48号(近阜外大街),曲园酒楼创建于清光绪年间（约1890年），是北京经营湖南菜最早的老字号，据今已有110多年历史，被原国内贸易部命名为“中华老字号”。,https://r1.visitbeijing.com.cn/vbj-s/2012/1207/20121207044933108.jpg,https://s.visitbeijing.com.cn/food/37
烤肉季饭庄,美食老字号,西城区地安门外大街前海东沿14号（近银锭桥）,烤肉季饭庄成立于清朝道光28年（1848），距今已有160多年的历史，位于风景秀丽的什刹海，是京城知名的老字号，主营北京烤肉和清真炒菜，有“南宛北季”的美誉。,https://r1.visitbeijing.com.cn/vbj-s/2012/1207/20121207033109961.jpg,https://s.visitbeijing.com.cn/food/33
砂锅居,美食老字号,西城区西四南大街60号,老北京以“居”字为字号的都由单一的特色品种，砂锅居以经营砂锅白肉而享誉京城。,https://r1.visitbeijing.com.cn/vbj-s/2012/1207/20121207031643984.jpg,https://s.visitbeijing.com.cn/food/31
大顺斋,美食老字号,西城区牛街5号牛街清真超市内,俗称通县有三宝：小楼饭馆的烧鲇鱼，万通酱园的酱豆腐，大顺斋的糖火烧。,https://r1.visitbeijing.com.cn/vbj-s/2013/0110/20130110105237405.jpg,https://s.visitbeijing.com.cn/food/21
大地西餐厅,美食老字号,西城区西四南大街44号(北京基督教会缸瓦市堂对面),大地餐厅是北京较早经营西式菜点的老字号，创建于1945年，以经营俄式大菜在众多的餐馆中独树一帜。,https://r1.visitbeijing.com.cn/vbj-s/2012/1207/20121207113713220.jpg,https://s.visitbeijing.com.cn/food/19
良乡板栗,特产美食,海淀区八里庄62号院1号楼1层101家乐福商铺115号,良乡板栗，因板栗的集散地在良乡而得名，又因原产地在房山一带，故也叫房山板栗。板栗个小，壳薄易剥，果肉细，含糖量高，是一种良好的...,https://r1.visitbeijing.com.cn/vbj-s/2016/0524/20160524114819911.jpg,https://s.visitbeijing.com.cn/food/233
北京桂花陈酒,特产美食,北京市海淀区玉泉路2号,桂花陈酒，在中国已有3000多年的酿造历史。清朝初期潘荣陛所撰《帝京岁时纪胜》一书中曾记载，其酒于八月桂花飘香时节，精选待放之朵，...,https://r1.visitbeijing.com.cn/vbj-s/2016/0523/20160523040723718.png,https://s.visitbeijing.com.cn/food/224
王致和臭豆腐,粘货类,北京海淀区阜石路41号,王致和臭豆腐是老北京传的汉族传统小吃，属于豆腐乳的一种。颜色呈青色，闻起来臭，吃起来香。发明人是安徽人王致和，流传至今已有300...,https://r1.visitbeijing.com.cn/vbj-s/2016/0523/20160523104635387.png,https://s.visitbeijing.com.cn/food/216
宫门献鱼,油煎类,北京市海淀区颐和园公园内,宫门献鱼是一道色香味俱全的汉族名菜。此菜也是清御膳名菜。它是选用整条鲜鱼治净后，斩成头、身、尾三段，将头、尾两侧剞兰草花刀，身...,https://r1.visitbeijing.com.cn/vbj-s/2016/0516/20160516044853815.jpg,https://s.visitbeijing.com.cn/food/190
八宝饭,粘货类,海淀区增光路11号,八宝饭，汉族传统名点，属于京菜系。腊八节节日食俗。味道甜美，是节日和待客佳品。将糯米蒸熟后，与白糖、猪油和开水和匀。 蜜枣等放...,https://r1.visitbeijing.com.cn/vbj-s/2016/0516/20160516040428119.jpg,https://s.visitbeijing.com.cn/food/189
芥末墩,粘货类,海淀区增光路11号,芥末墩儿是北京传统风味小菜，老北京失传的点心和菜肴很多，但芥末墩儿依然保存了下来，一是这道菜太有特点了，二是因为用大白菜作原料具有普遍性。,https://r1.visitbeijing.com.cn/vbj-s/2013/0521/20130521045530579.jpg,https://s.visitbeijing.com.cn/food/142
芸豆卷,粘货类,北京市海淀区颐和园公园内,芸豆卷原是民间小吃，后成为宫廷小吃品种。传说是慈禧太后听见宫外有小贩叫卖，便召进宫内品尝，觉得很好吃，于是命令御膳房专门制作，芸豆...,https://r1.visitbeijing.com.cn/vbj-s/2013/0407/20130407024740740.jpg,https://s.visitbeijing.com.cn/food/130
杏仁茶,流食类,北京市海淀区花园东路牡丹园西里16号(近牡丹宾馆、泰兴大厦),杏仁茶是由宫廷传入民间的一种风味小吃。它选用精制杏仁粉为主料，用龙凤铜制大壶烧制的沸水冲制，配以杏仁，花生，芝麻，玫瑰，桂花，葡萄干，枸杞子，樱桃，白糖等十余种佐料。,https://r1.visitbeijing.com.cn/vbj-s/2013/0326/20130326034523875.jpg,https://s.visitbeijing.com.cn/food/104
炸灌肠,油煎类,海淀区增光路11号,"灌肠是一种北京特有的风味小吃，早在明刘若愚所著《明宫史》中就有记载。清光绪年间福兴居的灌肠在京城小有名气，福兴居的掌柜被称为为""灌肠普""。",https://r1.visitbeijing.com.cn/vbj-s/2013/0325/20130325021348276.jpg,https://s.visitbeijing.com.cn/food/97
惠丰堂,美食老字号,海淀区复兴路33号,张祖荫创建于1902年，原址在前门外大栅栏观音寺街。惠丰堂牌匾由慈禧太后题写，是北京有名的“十大堂”之一。,https://r1.visitbeijing.com.cn/vbj-s/2013/0110/20130110103922623.jpg,https://s.visitbeijing.com.cn/food/70
王致和,美食老字号,北京海淀区阜石路41号,王致和拥有历史悠久的产品，有创制于1669年的王致和腐乳、创制于1820年（清嘉庆二十六年）的龙门牌米醋及创制于1938年的金狮牌和创制于1939年的老虎牌酱油。,https://r1.visitbeijing.com.cn/vbj-s/2012/1206/20121206013723210.jpg,https://s.visitbeijing.com.cn/food/11
门框胡同百年卤煮,蒸煮类,朝阳区天辰东路奥林匹克公园地铁E口地下北行100米,门框胡同百年卤煮，以地道的老北京卤煮火烧闻名。,https://r1.visitbeijing.com.cn/vbj-s/2017/0815/20170815102101266.jpg,https://s.visitbeijing.com.cn/food/428
蒋忠洞猪蹄,甜品类,朝阳区广顺北大街望京西园四区底商一层,招牌菜辣味猪蹄口味没的说，每桌必点，还经常外带。而且送的小菜特別好吃，菜包肉好吃不油膩，排骨汤的味道也很浓郁。,https://r1.visitbeijing.com.cn/vbj-s/2017/0711/20170711021151380.jpg,https://s.visitbeijing.com.cn/food/427
清酱肉,肉食类,朝阳区东三环南路乙52号,北京清酱肉与金华火腿、广东腊肉并称为中国三大名肉，是中国汉族传统名食，北京著名特产。这种肉制品创制于明代，至今已有400多年的历...,https://r1.visitbeijing.com.cn/vbj-s/2016/0519/20160519103147893.jpg,https://s.visitbeijing.com.cn/food/206
老北京炸酱面,蒸煮类,朝阳区松榆东里36号,炸酱面无疑是北京人的当家饭了，暑天吃炸酱面，既便利又开胃。直到现在，在北京胡同里的大杂院，仍可以见到这样的情景：街坊四邻在吃饭口聚在一堆儿，端着碗炸酱面，碗里搁一根脆黄瓜,https://r1.visitbeijing.com.cn/vbj-s/2013/0521/20130521044642207.jpg,https://s.visitbeijing.com.cn/food/141
老北京打卤面,蒸煮类,朝阳区松榆东里36号,老北京打卤面制作讲究，卤色红润，鲜香诱人，营养丰富。1、主料： 五花肉、口蘑(汤)、香菇、木耳、黄花、鸡蛋、鹿角菜、冬笋2、调料：生抽...,https://r1.visitbeijing.com.cn/vbj-s/2013/0329/20130329025829706.jpg,https://s.visitbeijing.com.cn/food/122
炒疙瘩,肉食类,朝阳区东大桥三角地二号楼北侧,炒疙瘩色泽深黄，黄绿相映成辉，食之绵软柔韧，醇香可口。炒疙瘩是北京特有的一种面食品。制作过程中煮炒兼用。炒疙瘩颜色焦黄，配上绿叶鲜...,https://r1.visitbeijing.com.cn/vbj-s/2013/0329/20130329013321404.jpg,https://s.visitbeijing.com.cn/food/118
卤煮火烧,蒸煮类,朝阳区天辰东路奥林匹克公园地铁E口地下北行100米,卤煮火烧是北京特有的一种小吃，起源于城南的南横街。相传是以前的普通人吃不起肉，所以就用动物的下水来代替。,https://r1.visitbeijing.com.cn/vbj-s/2013/0322/20130322024052804.jpg,https://s.visitbeijing.com.cn/food/93
稻香春,美食老字号,朝阳区和平里西街1号楼(地铁和平里北街站A1出口旁),“稻香春”创始人叫张森隆，又名春山，江苏丹徒县人。1915年，张先生到北京，由于他精明能干，善于经营，又有制作南方食品的好手艺。,https://r1.visitbeijing.com.cn/vbj-s/2012/1207/20121207015434384.jpg,https://s.visitbeijing.com.cn/food/22
吴家铺密云三烧,美食老字号,密云区华远市场南门密云三烧,"密云三烧是密云地区曾红极一时的传统美食，据《密云县志》记载,清代及民国期间,密云县城吴家烧饼铺的烧饼,四海居的烧肉与聚源号、天聚...",https://r1.visitbeijing.com.cn/vbj-s/2016/1026/20161026054147127.jpg,https://s.visitbeijing.com.cn/food/309
34号,美食老字号,北京市丰台区郑王坟140号,北京市食品供应处34号供应部( 简称三十四号供应部)成立于1955年12月，做为新中国组建的国有商业企业，它因门牌而得号，因信誉而闻名。...,https://r1.visitbeijing.com.cn/vbj-s/2016/0729/20160729021437428.jpg,https://s.visitbeijing.com.cn/food/250
吹糖人,特产美食,北京丰台区新发地天伦锦城15号楼乙座1511,木架分为两层，每层都有很多小插孔，为的是插放糖人。这玩艺儿好看、好玩，玩完后还能吃，一般孩子都喜欢，见着就走不动了，不是缠着大...,https://r1.visitbeijing.com.cn/vbj-s/2020/0312/20200312042100188.jpg,https://s.visitbeijing.com.cn/food/183
月盛斋,特产美食,丰台区南顶路6号,北京月盛斋清真食品有限公司是中国北京唯一专营清真肉食品的国有控股企业，是国家民委和北京市民委确认的民族用品定点生产企业,https://r1.visitbeijing.com.cn/vbj-s/2012/1207/20121207045830554.jpg,https://s.visitbeijing.com.cn/food/40
酥糖,特产美食,北京市顺义区赵全营镇兆丰工业区,北京酥糖是中国三大名糖之一，作为北京地区汉族传统名点之一，一向享有盛名，其中尤以红虾酥糖为上乘佳品。,https://r1.visitbeijing.com.cn/vbj-s/2016/0516/20160516034753402.jpg,https://s.visitbeijing.com.cn/food/188
百花蜂蜜,流食类,北京市大兴区同济中路7号3号楼,百花牌蜂蜜能拉出很长的丝，闻起来味道有点微酸。而纯正天然的蜂蜜，正好是味道甜润，略带微酸，略带辣味，搀假的蜂蜜味虽甜，但夹杂着...,https://r1.visitbeijing.com.cn/vbj-s/2016/0823/20160823050852587.jpg,https://s.visitbeijing.com.cn/food/273
白玉豆腐,美食老字号,北京市通州区绿色食品工业园区,北京二商希杰食品有限责任公司，白玉white jade，始于1956年，北京市著名商标，北京名牌产品，中华老字号，被北京市民称为“老百姓的当家菜”，专业从事豆制品的开发、研究与生产销售的食,https://r1.visitbeijing.com.cn/vbj-s/2017/0526/20170526052553960.jpg,https://s.visitbeijing.com.cn/food/410
仙源食品,特产美食,通州区北苑南路日光清城汽车站附近底商（近地铁果园站）,北京仙源食品酿造有限公司始建于1918年，是一家中华老字号企业。,https://r1.visitbeijing.com.cn/vbj-s/2012/1207/20121207042611845.jpg,https://s.visitbeijing.com.cn/food/38
